email_id,thread_id,account_id,contact_id,deal_id,sender_email,recipient_email,direction,subject,snippet,body,is_reply,has_attachment,sent_at,sentiment_score
EML-5001,THR-8001,ACC-1001,CNT-2002,,elena.b@intellia.ai,pwhite@apexlogistics.com,Outbound,Following up on our discovery call,Great speaking earlier. Capturing what we agreed so nothing slips between now and the next session.,"Great speaking earlier. Capturing what we agreed so nothing slips between now and the next session.

I want to flag that priorities have shifted since we last spoke.

-- Apex Logistics",0,0,2026-06-06 14:00:00,-0.48
EML-5002,THR-8001,ACC-1001,CNT-2002,,pwhite@apexlogistics.com,elena.b@intellia.ai,Inbound,Re: Following up on our discovery call,Great speaking earlier. Capturing what we agreed so nothing slips between now and the next session.,"Great speaking earlier. Capturing what we agreed so nothing slips between now and the next session.

I want to flag that priorities have shifted since we last spoke.

-- Priya",1,0,2026-06-10 15:00:00,-0.32
EML-5003,THR-8002,ACC-1001,CNT-2006,DL-4020,elena.b@intellia.ai,jmartin@apexlogistics.com,Outbound,Following up on our discovery call,Great speaking earlier. Capturing what we agreed so nothing slips between now and the next session.,"Great speaking earlier. Capturing what we agreed so nothing slips between now and the next session.

This is tracking well on our side -- happy to move at your pace.

-- Apex Logistics",0,0,2026-05-22 16:30:00,0.36
EML-5004,THR-8002,ACC-1001,CNT-2006,DL-4020,jmartin@apexlogistics.com,elena.b@intellia.ai,Inbound,Re: Following up on our discovery call,Great speaking earlier. Capturing what we agreed so nothing slips between now and the next session.,"Great speaking earlier. Capturing what we agreed so nothing slips between now and the next session.

Let me know what makes sense as a next step.

-- James",1,0,2026-05-26 09:00:00,0.21
EML-5005,THR-8002,ACC-1001,CNT-2006,DL-4020,elena.b@intellia.ai,jmartin@apexlogistics.com,Outbound,Re: Following up on our discovery call,Great speaking earlier. Capturing what we agreed so nothing slips between now and the next session.,"Great speaking earlier. Capturing what we agreed so nothing slips between now and the next session.

Glad this is landing. I will keep the internal team aligned.

-- Apex Logistics",1,0,2026-05-28 14:00:00,0.42
EML-5006,THR-8002,ACC-1001,CNT-2006,DL-4020,jmartin@apexlogistics.com,elena.b@intellia.ai,Inbound,Re: Following up on our discovery call,Great speaking earlier. Capturing what we agreed so nothing slips between now and the next session.,"Great speaking earlier. Capturing what we agreed so nothing slips between now and the next session.

Glad this is landing. I will keep the internal team aligned.

-- James",1,0,2026-05-31 14:15:00,0.47
EML-5007,THR-8002,ACC-1001,CNT-2006,DL-4020,elena.b@intellia.ai,jmartin@apexlogistics.com,Outbound,Re: Following up on our discovery call,Great speaking earlier. Capturing what we agreed so nothing slips between now and the next session.,"Great speaking earlier. Capturing what we agreed so nothing slips between now and the next session.

Happy to set up time if that is easier than email.

-- Apex Logistics",1,0,2026-05-30 09:15:00,0.21
EML-5008,THR-8002,ACC-1001,CNT-2006,DL-4020,jmartin@apexlogistics.com,elena.b@intellia.ai,Inbound,Re: Following up on our discovery call,Great speaking earlier. Capturing what we agreed so nothing slips between now and the next session.,"Great speaking earlier. Capturing what we agreed so nothing slips between now and the next session.

Flag anything I have missed and I will get it turned around.

-- James",1,0,2026-06-11 11:15:00,0.33
EML-5009,THR-8003,ACC-1001,CNT-2004,DL-4080,elena.b@intellia.ai,cokafor@apexlogistics.com,Outbound,Pricing and packaging for the rollout,"Sharing the packaging options we discussed, with the ramp assumptions called out separately.","Sharing the packaging options we discussed, with the ramp assumptions called out separately.

Happy to set up time if that is easier than email.

-- Apex Logistics",0,0,2026-05-04 13:15:00,-0.06
EML-5010,THR-8003,ACC-1001,CNT-2004,DL-4080,cokafor@apexlogistics.com,elena.b@intellia.ai,Inbound,Re: Pricing and packaging for the rollout,"Sharing the packaging options we discussed, with the ramp assumptions called out separately.","Sharing the packaging options we discussed, with the ramp assumptions called out separately.

Let me know what makes sense as a next step.

-- Carlos",1,0,2026-05-08 08:45:00,0.1
EML-5011,THR-8003,ACC-1001,CNT-2004,DL-4080,elena.b@intellia.ai,cokafor@apexlogistics.com,Outbound,Re: Pricing and packaging for the rollout,"Sharing the packaging options we discussed, with the ramp assumptions called out separately.","Sharing the packaging options we discussed, with the ramp assumptions called out separately.

Flag anything I have missed and I will get it turned around.

-- Apex Logistics",1,0,2026-05-08 15:00:00,-0.11
EML-5012,THR-8003,ACC-1001,CNT-2004,DL-4080,cokafor@apexlogistics.com,elena.b@intellia.ai,Inbound,Re: Pricing and packaging for the rollout,"Sharing the packaging options we discussed, with the ramp assumptions called out separately.","Sharing the packaging options we discussed, with the ramp assumptions called out separately.

Flag anything I have missed and I will get it turned around.

-- Carlos",1,1,2026-05-10 09:45:00,-0.17
EML-5013,THR-8003,ACC-1001,CNT-2004,DL-4080,elena.b@intellia.ai,cokafor@apexlogistics.com,Outbound,Re: Pricing and packaging for the rollout,"Sharing the packaging options we discussed, with the ramp assumptions called out separately.","Sharing the packaging options we discussed, with the ramp assumptions called out separately.

Happy to set up time if that is easier than email.

-- Apex Logistics",1,0,2026-05-16 12:15:00,-0.13
EML-5014,THR-8004,ACC-1001,CNT-2006,DL-9002,elena.b@intellia.ai,jmartin@apexlogistics.com,Outbound,Integration architecture overview,Thanks for walking us through the architecture. The team had a few follow-ups on how the connector handles inc,"Thanks for walking us through the architecture. The team had a few follow-ups on how the connector handles incremental syncs.

Appreciate the momentum here. Let me know if anything else would help.

-- Apex Logistics",0,0,2026-04-08 08:00:00,0.37
EML-5015,THR-8004,ACC-1001,CNT-2006,DL-9002,jmartin@apexlogistics.com,elena.b@intellia.ai,Inbound,Re: Integration architecture overview,Thanks for walking us through the architecture. The team had a few follow-ups on how the connector handles inc,"Thanks for walking us through the architecture. The team had a few follow-ups on how the connector handles incremental syncs.

Appreciate the momentum here. Let me know if anything else would help.

-- James",1,0,2026-04-11 14:45:00,0.6
EML-5016,THR-8004,ACC-1001,CNT-2006,DL-9002,elena.b@intellia.ai,jmartin@apexlogistics.com,Outbound,Re: Integration architecture overview,Thanks for walking us through the architecture. The team had a few follow-ups on how the connector handles inc,"Thanks for walking us through the architecture. The team had a few follow-ups on how the connector handles incremental syncs.

Appreciate the momentum here. Let me know if anything else would help.

-- Apex Logistics",1,0,2026-04-16 08:15:00,0.47
EML-5017,THR-8005,ACC-1001,CNT-2002,DL-4140,elena.b@intellia.ai,pwhite@apexlogistics.com,Outbound,Procurement paperwork,Procurement has the paperwork now. Flagging the two fields they need from your side to move it forward.,"Procurement has the paperwork now. Flagging the two fields they need from your side to move it forward.

Let me know what makes sense as a next step.

-- Apex Logistics",0,0,2026-06-24 15:15:00,0.11
EML-5018,THR-8005,ACC-1001,CNT-2002,DL-4140,pwhite@apexlogistics.com,elena.b@intellia.ai,Inbound,Re: Procurement paperwork,Procurement has the paperwork now. Flagging the two fields they need from your side to move it forward.,"Procurement has the paperwork now. Flagging the two fields they need from your side to move it forward.

Happy to set up time if that is easier than email.

-- Priya",1,0,2026-06-25 08:00:00,-0.18
EML-5019,THR-8006,ACC-1002,CNT-2007,,robert.j@intellia.ai,esharma@vortexanalytics.com,Outbound,Security review questionnaire,Our security team has started the review. They flagged two questions on data residency and retention.,"Our security team has started the review. They flagged two questions on data residency and retention.

Let me know what makes sense as a next step.

-- Vortex Analytics",0,0,2026-08-10 09:00:00,-0.11
EML-5020,THR-8006,ACC-1002,CNT-2007,,esharma@vortexanalytics.com,robert.j@intellia.ai,Inbound,Re: Security review questionnaire,Our security team has started the review. They flagged two questions on data residency and retention.,"Our security team has started the review. They flagged two questions on data residency and retention.

Happy to set up time if that is easier than email.

-- Emily",1,0,2026-08-13 15:00:00,-0.03
EML-5021,THR-8006,ACC-1002,CNT-2007,,robert.j@intellia.ai,esharma@vortexanalytics.com,Outbound,Re: Security review questionnaire,Our security team has started the review. They flagged two questions on data residency and retention.,"Our security team has started the review. They flagged two questions on data residency and retention.

Let me know what makes sense as a next step.

-- Vortex Analytics",1,0,2026-08-13 09:00:00,0.15
EML-5022,THR-8006,ACC-1002,CNT-2007,,esharma@vortexanalytics.com,robert.j@intellia.ai,Inbound,Re: Security review questionnaire,Our security team has started the review. They flagged two questions on data residency and retention.,"Our security team has started the review. They flagged two questions on data residency and retention.

Flag anything I have missed and I will get it turned around.

-- Emily",1,0,2026-08-13 11:00:00,0.09
EML-5023,THR-8007,ACC-1002,CNT-2008,DL-4141,robert.j@intellia.ai,echen@vortexanalytics.com,Outbound,Procurement paperwork,Procurement has the paperwork now. Flagging the two fields they need from your side to move it forward.,"Procurement has the paperwork now. Flagging the two fields they need from your side to move it forward.

Appreciate the momentum here. Let me know if anything else would help.

-- Vortex Analytics",0,1,2026-06-25 10:45:00,0.38
EML-5024,THR-8007,ACC-1002,CNT-2008,DL-4141,echen@vortexanalytics.com,robert.j@intellia.ai,Inbound,Re: Procurement paperwork,Procurement has the paperwork now. Flagging the two fields they need from your side to move it forward.,"Procurement has the paperwork now. Flagging the two fields they need from your side to move it forward.

Flag anything I have missed and I will get it turned around.

-- Elena",1,1,2026-06-29 09:45:00,0.34
EML-5025,THR-8007,ACC-1002,CNT-2008,DL-4141,robert.j@intellia.ai,echen@vortexanalytics.com,Outbound,Re: Procurement paperwork,Procurement has the paperwork now. Flagging the two fields they need from your side to move it forward.,"Procurement has the paperwork now. Flagging the two fields they need from your side to move it forward.

Appreciate the momentum here. Let me know if anything else would help.

-- Vortex Analytics",1,0,2026-07-03 10:15:00,0.4
EML-5026,THR-8008,ACC-1002,CNT-2009,DL-4081,robert.j@intellia.ai,mwhite@vortexanalytics.com,Outbound,Security review questionnaire,Our security team has started the review. They flagged two questions on data residency and retention.,"Our security team has started the review. They flagged two questions on data residency and retention.

We may need to push this out a cycle -- I will know more after the leadership review.

-- Vortex Analytics",0,0,2026-04-19 15:45:00,-0.34
EML-5027,THR-8008,ACC-1002,CNT-2009,DL-4081,mwhite@vortexanalytics.com,robert.j@intellia.ai,Inbound,Re: Security review questionnaire,Our security team has started the review. They flagged two questions on data residency and retention.,"Our security team has started the review. They flagged two questions on data residency and retention.

We may need to push this out a cycle -- I will know more after the leadership review.

-- Megan",1,1,2026-04-23 12:30:00,-0.24
EML-5028,THR-8008,ACC-1002,CNT-2009,DL-4081,robert.j@intellia.ai,mwhite@vortexanalytics.com,Outbound,Re: Security review questionnaire,Our security team has started the review. They flagged two questions on data residency and retention.,"Our security team has started the review. They flagged two questions on data residency and retention.

Being candid: the timing is getting difficult on our end given the budget review.

-- Vortex Analytics",1,1,2026-04-23 13:00:00,-0.34
EML-5029,THR-8008,ACC-1002,CNT-2009,DL-4081,mwhite@vortexanalytics.com,robert.j@intellia.ai,Inbound,Re: Security review questionnaire,Our security team has started the review. They flagged two questions on data residency and retention.,"Our security team has started the review. They flagged two questions on data residency and retention.

Flag anything I have missed and I will get it turned around.

-- Megan",1,0,2026-04-28 08:00:00,-0.12
EML-5030,THR-8008,ACC-1002,CNT-2009,DL-4081,robert.j@intellia.ai,mwhite@vortexanalytics.com,Outbound,Re: Security review questionnaire,Our security team has started the review. They flagged two questions on data residency and retention.,"Our security team has started the review. They flagged two questions on data residency and retention.

We may need to push this out a cycle -- I will know more after the leadership review.

-- Vortex Analytics",1,0,2026-05-05 09:45:00,-0.38
EML-5031,THR-8008,ACC-1002,CNT-2009,DL-4081,mwhite@vortexanalytics.com,robert.j@intellia.ai,Inbound,Re: Security review questionnaire,Our security team has started the review. They flagged two questions on data residency and retention.,"Our security team has started the review. They flagged two questions on data residency and retention.

I want to flag that priorities have shifted since we last spoke.

-- Megan",1,0,2026-04-29 16:00:00,-0.36
EML-5032,THR-8009,ACC-1002,CNT-2008,DL-4021,robert.j@intellia.ai,echen@vortexanalytics.com,Outbound,Pricing and packaging for the rollout,"Sharing the packaging options we discussed, with the ramp assumptions called out separately.","Sharing the packaging options we discussed, with the ramp assumptions called out separately.

Glad this is landing. I will keep the internal team aligned.

-- Vortex Analytics",0,0,2026-05-06 18:15:00,0.86
EML-5033,THR-8009,ACC-1002,CNT-2008,DL-4021,echen@vortexanalytics.com,robert.j@intellia.ai,Inbound,Re: Pricing and packaging for the rollout,"Sharing the packaging options we discussed, with the ramp assumptions called out separately.","Sharing the packaging options we discussed, with the ramp assumptions called out separately.

This is tracking well on our side -- happy to move at your pace.

-- Elena",1,0,2026-05-10 18:00:00,0.56
EML-5034,THR-8009,ACC-1002,CNT-2008,DL-4021,robert.j@intellia.ai,echen@vortexanalytics.com,Outbound,Re: Pricing and packaging for the rollout,"Sharing the packaging options we discussed, with the ramp assumptions called out separately.","Sharing the packaging options we discussed, with the ramp assumptions called out separately.

This is tracking well on our side -- happy to move at your pace.

-- Vortex Analytics",1,0,2026-05-12 18:15:00,0.74
EML-5035,THR-8009,ACC-1002,CNT-2008,DL-4021,echen@vortexanalytics.com,robert.j@intellia.ai,Inbound,Re: Pricing and packaging for the rollout,"Sharing the packaging options we discussed, with the ramp assumptions called out separately.","Sharing the packaging options we discussed, with the ramp assumptions called out separately.

Appreciate the momentum here. Let me know if anything else would help.

-- Elena",1,0,2026-05-18 17:15:00,0.67
EML-5036,THR-8009,ACC-1002,CNT-2008,DL-4021,robert.j@intellia.ai,echen@vortexanalytics.com,Outbound,Re: Pricing and packaging for the rollout,"Sharing the packaging options we discussed, with the ramp assumptions called out separately.","Sharing the packaging options we discussed, with the ramp assumptions called out separately.

This is tracking well on our side -- happy to move at your pace.

-- Vortex Analytics",1,1,2026-05-22 18:45:00,0.54
EML-5037,THR-8009,ACC-1002,CNT-2008,DL-4021,echen@vortexanalytics.com,robert.j@intellia.ai,Inbound,Re: Pricing and packaging for the rollout,"Sharing the packaging options we discussed, with the ramp assumptions called out separately.","Sharing the packaging options we discussed, with the ramp assumptions called out separately.

Glad this is landing. I will keep the internal team aligned.

-- Elena",1,0,2026-05-26 16:30:00,0.84
EML-5038,THR-8010,ACC-1003,CNT-2012,,priya.m@intellia.ai,sclark@cloudscalesystems.com,Outbound,Pilot success criteria,Here are the success criteria we would use to judge the pilot at the end of the period.,"Here are the success criteria we would use to judge the pilot at the end of the period.

I want to flag that priorities have shifted since we last spoke.

-- CloudScale Systems",0,0,2026-03-21 14:30:00,-0.59
EML-5039,THR-8010,ACC-1003,CNT-2012,,sclark@cloudscalesystems.com,priya.m@intellia.ai,Inbound,Re: Pilot success criteria,Here are the success criteria we would use to judge the pilot at the end of the period.,"Here are the success criteria we would use to judge the pilot at the end of the period.

We may need to push this out a cycle -- I will know more after the leadership review.

-- Sarah",1,1,2026-03-25 16:15:00,-0.44
EML-5040,THR-8010,ACC-1003,CNT-2012,,priya.m@intellia.ai,sclark@cloudscalesystems.com,Outbound,Re: Pilot success criteria,Here are the success criteria we would use to judge the pilot at the end of the period.,"Here are the success criteria we would use to judge the pilot at the end of the period.

I want to flag that priorities have shifted since we last spoke.

-- CloudScale Systems",1,0,2026-03-29 14:30:00,-0.5
EML-5041,THR-8010,ACC-1003,CNT-2012,,sclark@cloudscalesystems.com,priya.m@intellia.ai,Inbound,Re: Pilot success criteria,Here are the success criteria we would use to judge the pilot at the end of the period.,"Here are the success criteria we would use to judge the pilot at the end of the period.

Being candid: the timing is getting difficult on our end given the budget review.

-- Sarah",1,0,2026-04-02 08:15:00,-0.55
EML-5042,THR-8010,ACC-1003,CNT-2012,,priya.m@intellia.ai,sclark@cloudscalesystems.com,Outbound,Re: Pilot success criteria,Here are the success criteria we would use to judge the pilot at the end of the period.,"Here are the success criteria we would use to judge the pilot at the end of the period.

I want to flag that priorities have shifted since we last spoke.

-- CloudScale Systems",1,0,2026-03-29 12:30:00,-0.31
EML-5043,THR-8011,ACC-1003,CNT-2014,DL-4022,priya.m@intellia.ai,psharma@cloudscalesystems.com,Outbound,Renewal timing and scope,Wanted to get ahead of the renewal date so we have room to align on scope before the deadline.,"Wanted to get ahead of the renewal date so we have room to align on scope before the deadline.

Happy to set up time if that is easier than email.

-- CloudScale Systems",0,0,2026-05-17 13:00:00,0.02
EML-5044,THR-8011,ACC-1003,CNT-2014,DL-4022,psharma@cloudscalesystems.com,priya.m@intellia.ai,Inbound,Re: Renewal timing and scope,Wanted to get ahead of the renewal date so we have room to align on scope before the deadline.,"Wanted to get ahead of the renewal date so we have room to align on scope before the deadline.

Let me know what makes sense as a next step.

-- Priya",1,1,2026-05-20 08:45:00,0.16
EML-5045,THR-8011,ACC-1003,CNT-2014,DL-4022,priya.m@intellia.ai,psharma@cloudscalesystems.com,Outbound,Re: Renewal timing and scope,Wanted to get ahead of the renewal date so we have room to align on scope before the deadline.,"Wanted to get ahead of the renewal date so we have room to align on scope before the deadline.

Let me know what makes sense as a next step.

-- CloudScale Systems",1,0,2026-05-21 11:15:00,0.15
EML-5046,THR-8011,ACC-1003,CNT-2014,DL-4022,psharma@cloudscalesystems.com,priya.m@intellia.ai,Inbound,Re: Renewal timing and scope,Wanted to get ahead of the renewal date so we have room to align on scope before the deadline.,"Wanted to get ahead of the renewal date so we have room to align on scope before the deadline.

Happy to set up time if that is easier than email.

-- Priya",1,0,2026-05-29 12:15:00,0.26
EML-5047,THR-8011,ACC-1003,CNT-2014,DL-4022,priya.m@intellia.ai,psharma@cloudscalesystems.com,Outbound,Re: Renewal timing and scope,Wanted to get ahead of the renewal date so we have room to align on scope before the deadline.,"Wanted to get ahead of the renewal date so we have room to align on scope before the deadline.

Happy to set up time if that is easier than email.

-- CloudScale Systems",1,0,2026-05-21 15:45:00,0.03
EML-5048,THR-8011,ACC-1003,CNT-2014,DL-4022,psharma@cloudscalesystems.com,priya.m@intellia.ai,Inbound,Re: Renewal timing and scope,Wanted to get ahead of the renewal date so we have room to align on scope before the deadline.,"Wanted to get ahead of the renewal date so we have room to align on scope before the deadline.

Let me know what makes sense as a next step.

-- Priya",1,0,2026-06-06 09:00:00,0.17
EML-5049,THR-8012,ACC-1003,CNT-2011,DL-4022,priya.m@intellia.ai,ocole@cloudscalesystems.com,Outbound,Renewal timing and scope,Wanted to get ahead of the renewal date so we have room to align on scope before the deadline.,"Wanted to get ahead of the renewal date so we have room to align on scope before the deadline.

Flag anything I have missed and I will get it turned around.

-- CloudScale Systems",0,0,2026-05-31 13:30:00,-0.06
EML-5050,THR-8012,ACC-1003,CNT-2011,DL-4022,ocole@cloudscalesystems.com,priya.m@intellia.ai,Inbound,Re: Renewal timing and scope,Wanted to get ahead of the renewal date so we have room to align on scope before the deadline.,"Wanted to get ahead of the renewal date so we have room to align on scope before the deadline.

Happy to set up time if that is easier than email.

-- Omar",1,1,2026-06-04 12:45:00,-0.05
EML-5051,THR-8012,ACC-1003,CNT-2011,DL-4022,priya.m@intellia.ai,ocole@cloudscalesystems.com,Outbound,Re: Renewal timing and scope,Wanted to get ahead of the renewal date so we have room to align on scope before the deadline.,"Wanted to get ahead of the renewal date so we have room to align on scope before the deadline.

Happy to set up time if that is easier than email.

-- CloudScale Systems",1,1,2026-06-06 14:15:00,-0.15
EML-5052,THR-8012,ACC-1003,CNT-2011,DL-4022,ocole@cloudscalesystems.com,priya.m@intellia.ai,Inbound,Re: Renewal timing and scope,Wanted to get ahead of the renewal date so we have room to align on scope before the deadline.,"Wanted to get ahead of the renewal date so we have room to align on scope before the deadline.

Let me know what makes sense as a next step.

-- Omar",1,1,2026-06-12 11:45:00,-0.13
EML-5053,THR-8012,ACC-1003,CNT-2011,DL-4022,priya.m@intellia.ai,ocole@cloudscalesystems.com,Outbound,Re: Renewal timing and scope,Wanted to get ahead of the renewal date so we have room to align on scope before the deadline.,"Wanted to get ahead of the renewal date so we have room to align on scope before the deadline.

Happy to set up time if that is easier than email.

-- CloudScale Systems",1,0,2026-06-12 08:00:00,-0.15
EML-5054,THR-8013,ACC-1003,CNT-2014,DL-4082,priya.m@intellia.ai,psharma@cloudscalesystems.com,Outbound,Security review questionnaire,Our security team has started the review. They flagged two questions on data residency and retention.,"Our security team has started the review. They flagged two questions on data residency and retention.

Being candid: the timing is getting difficult on our end given the budget review.

-- CloudScale Systems",0,0,2026-06-01 10:00:00,-0.56
EML-5055,THR-8013,ACC-1003,CNT-2014,DL-4082,psharma@cloudscalesystems.com,priya.m@intellia.ai,Inbound,Re: Security review questionnaire,Our security team has started the review. They flagged two questions on data residency and retention.,"Our security team has started the review. They flagged two questions on data residency and retention.

Being candid: the timing is getting difficult on our end given the budget review.

-- Priya",1,0,2026-06-02 10:30:00,-0.3
EML-5056,THR-8013,ACC-1003,CNT-2014,DL-4082,priya.m@intellia.ai,psharma@cloudscalesystems.com,Outbound,Re: Security review questionnaire,Our security team has started the review. They flagged two questions on data residency and retention.,"Our security team has started the review. They flagged two questions on data residency and retention.

We may need to push this out a cycle -- I will know more after the leadership review.

-- CloudScale Systems",1,0,2026-06-09 10:00:00,-0.24
EML-5057,THR-8013,ACC-1003,CNT-2014,DL-4082,psharma@cloudscalesystems.com,priya.m@intellia.ai,Inbound,Re: Security review questionnaire,Our security team has started the review. They flagged two questions on data residency and retention.,"Our security team has started the review. They flagged two questions on data residency and retention.

Being candid: the timing is getting difficult on our end given the budget review.

-- Priya",1,0,2026-06-13 08:30:00,-0.38
EML-5058,THR-8013,ACC-1003,CNT-2014,DL-4082,priya.m@intellia.ai,psharma@cloudscalesystems.com,Outbound,Re: Security review questionnaire,Our security team has started the review. They flagged two questions on data residency and retention.,"Our security team has started the review. They flagged two questions on data residency and retention.

Being candid: the timing is getting difficult on our end given the budget review.

-- CloudScale Systems",1,0,2026-06-17 14:15:00,-0.4
EML-5059,THR-8013,ACC-1003,CNT-2014,DL-4082,psharma@cloudscalesystems.com,priya.m@intellia.ai,Inbound,Re: Security review questionnaire,Our security team has started the review. They flagged two questions on data residency and retention.,"Our security team has started the review. They flagged two questions on data residency and retention.

Being candid: the timing is getting difficult on our end given the budget review.

-- Priya",1,1,2026-06-21 09:15:00,-0.38
EML-5060,THR-8014,ACC-1003,CNT-2012,DL-4142,priya.m@intellia.ai,sclark@cloudscalesystems.com,Outbound,Integration architecture overview,Thanks for walking us through the architecture. The team had a few follow-ups on how the connector handles inc,"Thanks for walking us through the architecture. The team had a few follow-ups on how the connector handles incremental syncs.

Flag anything I have missed and I will get it turned around.

-- CloudScale Systems",0,1,2026-03-17 13:00:00,-0.05
EML-5061,THR-8014,ACC-1003,CNT-2012,DL-4142,sclark@cloudscalesystems.com,priya.m@intellia.ai,Inbound,Re: Integration architecture overview,Thanks for walking us through the architecture. The team had a few follow-ups on how the connector handles inc,"Thanks for walking us through the architecture. The team had a few follow-ups on how the connector handles incremental syncs.

Let me know what makes sense as a next step.

-- Sarah",1,1,2026-03-18 16:30:00,0.18
EML-5062,THR-8014,ACC-1003,CNT-2012,DL-4142,priya.m@intellia.ai,sclark@cloudscalesystems.com,Outbound,Re: Integration architecture overview,Thanks for walking us through the architecture. The team had a few follow-ups on how the connector handles inc,"Thanks for walking us through the architecture. The team had a few follow-ups on how the connector handles incremental syncs.

Let me know what makes sense as a next step.

-- CloudScale Systems",1,0,2026-03-21 12:45:00,-0.13
EML-5063,THR-8014,ACC-1003,CNT-2012,DL-4142,sclark@cloudscalesystems.com,priya.m@intellia.ai,Inbound,Re: Integration architecture overview,Thanks for walking us through the architecture. The team had a few follow-ups on how the connector handles inc,"Thanks for walking us through the architecture. The team had a few follow-ups on how the connector handles incremental syncs.

Let me know what makes sense as a next step.

-- Sarah",1,0,2026-03-23 08:00:00,0.18
EML-5064,THR-8014,ACC-1003,CNT-2012,DL-4142,priya.m@intellia.ai,sclark@cloudscalesystems.com,Outbound,Re: Integration architecture overview,Thanks for walking us through the architecture. The team had a few follow-ups on how the connector handles inc,"Thanks for walking us through the architecture. The team had a few follow-ups on how the connector handles incremental syncs.

Happy to set up time if that is easier than email.

-- CloudScale Systems",1,1,2026-03-29 09:45:00,0.0
EML-5065,THR-8015,ACC-1004,CNT-2016,DL-4023,michael.c@intellia.ai,rjackson@biohealthlabs.com,Outbound,Pilot success criteria,Here are the success criteria we would use to judge the pilot at the end of the period.,"Here are the success criteria we would use to judge the pilot at the end of the period.

Let me know what makes sense as a next step.

-- BioHealth Labs",0,0,2026-05-18 16:15:00,0.2
EML-5066,THR-8015,ACC-1004,CNT-2016,DL-4023,rjackson@biohealthlabs.com,michael.c@intellia.ai,Inbound,Re: Pilot success criteria,Here are the success criteria we would use to judge the pilot at the end of the period.,"Here are the success criteria we would use to judge the pilot at the end of the period.

Flag anything I have missed and I will get it turned around.

-- Robert",1,0,2026-05-22 16:00:00,0.32
EML-5067,THR-8015,ACC-1004,CNT-2016,DL-4023,michael.c@intellia.ai,rjackson@biohealthlabs.com,Outbound,Re: Pilot success criteria,Here are the success criteria we would use to judge the pilot at the end of the period.,"Here are the success criteria we would use to judge the pilot at the end of the period.

Happy to set up time if that is easier than email.

-- BioHealth Labs",1,0,2026-05-22 11:00:00,0.12
EML-5068,THR-8016,ACC-1004,CNT-2018,DL-4143,michael.c@intellia.ai,eokafor@biohealthlabs.com,Outbound,Following up on our discovery call,Great speaking earlier. Capturing what we agreed so nothing slips between now and the next session.,"Great speaking earlier. Capturing what we agreed so nothing slips between now and the next session.

Let me know what makes sense as a next step.

-- BioHealth Labs",0,0,2026-06-03 11:45:00,0.22
EML-5069,THR-8016,ACC-1004,CNT-2018,DL-4143,eokafor@biohealthlabs.com,michael.c@intellia.ai,Inbound,Re: Following up on our discovery call,Great speaking earlier. Capturing what we agreed so nothing slips between now and the next session.,"Great speaking earlier. Capturing what we agreed so nothing slips between now and the next session.

Flag anything I have missed and I will get it turned around.

-- Emily",1,0,2026-06-07 11:00:00,0.24
EML-5070,THR-8016,ACC-1004,CNT-2018,DL-4143,michael.c@intellia.ai,eokafor@biohealthlabs.com,Outbound,Re: Following up on our discovery call,Great speaking earlier. Capturing what we agreed so nothing slips between now and the next session.,"Great speaking earlier. Capturing what we agreed so nothing slips between now and the next session.

Happy to set up time if that is easier than email.

-- BioHealth Labs",1,0,2026-06-11 17:45:00,0.25
EML-5071,THR-8017,ACC-1004,CNT-2016,DL-4023,michael.c@intellia.ai,rjackson@biohealthlabs.com,Outbound,Pilot success criteria,Here are the success criteria we would use to judge the pilot at the end of the period.,"Here are the success criteria we would use to judge the pilot at the end of the period.

Let me know what makes sense as a next step.

-- BioHealth Labs",0,0,2026-04-27 12:45:00,0.07
EML-5072,THR-8017,ACC-1004,CNT-2016,DL-4023,rjackson@biohealthlabs.com,michael.c@intellia.ai,Inbound,Re: Pilot success criteria,Here are the success criteria we would use to judge the pilot at the end of the period.,"Here are the success criteria we would use to judge the pilot at the end of the period.

Let me know what makes sense as a next step.

-- Robert",1,0,2026-04-28 13:30:00,0.04
EML-5073,THR-8017,ACC-1004,CNT-2016,DL-4023,michael.c@intellia.ai,rjackson@biohealthlabs.com,Outbound,Re: Pilot success criteria,Here are the success criteria we would use to judge the pilot at the end of the period.,"Here are the success criteria we would use to judge the pilot at the end of the period.

Flag anything I have missed and I will get it turned around.

-- BioHealth Labs",1,0,2026-05-03 13:45:00,0.22
EML-5074,THR-8018,ACC-1004,CNT-2017,,michael.c@intellia.ai,ttaylor@biohealthlabs.com,Outbound,Procurement paperwork,Procurement has the paperwork now. Flagging the two fields they need from your side to move it forward.,"Procurement has the paperwork now. Flagging the two fields they need from your side to move it forward.

Let me know what makes sense as a next step.

-- BioHealth Labs",0,0,2026-03-24 08:15:00,0.24
EML-5075,THR-8018,ACC-1004,CNT-2017,,ttaylor@biohealthlabs.com,michael.c@intellia.ai,Inbound,Re: Procurement paperwork,Procurement has the paperwork now. Flagging the two fields they need from your side to move it forward.,"Procurement has the paperwork now. Flagging the two fields they need from your side to move it forward.

Let me know what makes sense as a next step.

-- Tom",1,1,2026-03-28 12:00:00,0.25
EML-5076,THR-8018,ACC-1004,CNT-2017,,michael.c@intellia.ai,ttaylor@biohealthlabs.com,Outbound,Re: Procurement paperwork,Procurement has the paperwork now. Flagging the two fields they need from your side to move it forward.,"Procurement has the paperwork now. Flagging the two fields they need from your side to move it forward.

Let me know what makes sense as a next step.

-- BioHealth Labs",1,0,2026-03-26 12:45:00,0.3
EML-5077,THR-8018,ACC-1004,CNT-2017,,ttaylor@biohealthlabs.com,michael.c@intellia.ai,Inbound,Re: Procurement paperwork,Procurement has the paperwork now. Flagging the two fields they need from your side to move it forward.,"Procurement has the paperwork now. Flagging the two fields they need from your side to move it forward.

Happy to set up time if that is easier than email.

-- Tom",1,0,2026-03-30 11:45:00,0.21
EML-5078,THR-8018,ACC-1004,CNT-2017,,michael.c@intellia.ai,ttaylor@biohealthlabs.com,Outbound,Re: Procurement paperwork,Procurement has the paperwork now. Flagging the two fields they need from your side to move it forward.,"Procurement has the paperwork now. Flagging the two fields they need from your side to move it forward.

Happy to set up time if that is easier than email.

-- BioHealth Labs",1,1,2026-04-05 13:00:00,0.21
EML-5079,THR-8018,ACC-1004,CNT-2017,,ttaylor@biohealthlabs.com,michael.c@intellia.ai,Inbound,Re: Procurement paperwork,Procurement has the paperwork now. Flagging the two fields they need from your side to move it forward.,"Procurement has the paperwork now. Flagging the two fields they need from your side to move it forward.

This is tracking well on our side -- happy to move at your pace.

-- Tom",1,1,2026-04-03 17:15:00,0.47
EML-5080,THR-8019,ACC-1004,CNT-2015,,michael.c@intellia.ai,jmartin@biohealthlabs.com,Outbound,Security review questionnaire,Our security team has started the review. They flagged two questions on data residency and retention.,"Our security team has started the review. They flagged two questions on data residency and retention.

Happy to set up time if that is easier than email.

-- BioHealth Labs",0,1,2026-04-02 13:45:00,-0.15
EML-5081,THR-8019,ACC-1004,CNT-2015,,jmartin@biohealthlabs.com,michael.c@intellia.ai,Inbound,Re: Security review questionnaire,Our security team has started the review. They flagged two questions on data residency and retention.,"Our security team has started the review. They flagged two questions on data residency and retention.

Let me know what makes sense as a next step.

-- Jessica",1,0,2026-04-06 13:00:00,-0.02
EML-5082,THR-8019,ACC-1004,CNT-2015,,michael.c@intellia.ai,jmartin@biohealthlabs.com,Outbound,Re: Security review questionnaire,Our security team has started the review. They flagged two questions on data residency and retention.,"Our security team has started the review. They flagged two questions on data residency and retention.

Let me know what makes sense as a next step.

-- BioHealth Labs",1,1,2026-04-08 09:15:00,-0.03
EML-5083,THR-8019,ACC-1004,CNT-2015,,jmartin@biohealthlabs.com,michael.c@intellia.ai,Inbound,Re: Security review questionnaire,Our security team has started the review. They flagged two questions on data residency and retention.,"Our security team has started the review. They flagged two questions on data residency and retention.

Let me know what makes sense as a next step.

-- Jessica",1,0,2026-04-14 08:00:00,-0.16
EML-5084,THR-8020,ACC-1005,CNT-2019,DL-4144,brian.m@intellia.ai,msharma@omniretailgroup.com,Outbound,Pricing and packaging for the rollout,"Sharing the packaging options we discussed, with the ramp assumptions called out separately.","Sharing the packaging options we discussed, with the ramp assumptions called out separately.

Let me know what makes sense as a next step.

-- OmniRetail Group",0,0,2026-05-08 12:15:00,0.34
EML-5085,THR-8020,ACC-1005,CNT-2019,DL-4144,msharma@omniretailgroup.com,brian.m@intellia.ai,Inbound,Re: Pricing and packaging for the rollout,"Sharing the packaging options we discussed, with the ramp assumptions called out separately.","Sharing the packaging options we discussed, with the ramp assumptions called out separately.

Let me know what makes sense as a next step.

-- Mark",1,0,2026-05-12 17:00:00,0.31
EML-5086,THR-8020,ACC-1005,CNT-2019,DL-4144,brian.m@intellia.ai,msharma@omniretailgroup.com,Outbound,Re: Pricing and packaging for the rollout,"Sharing the packaging options we discussed, with the ramp assumptions called out separately.","Sharing the packaging options we discussed, with the ramp assumptions called out separately.

Appreciate the momentum here. Let me know if anything else would help.

-- OmniRetail Group",1,0,2026-05-14 17:00:00,0.5
EML-5087,THR-8021,ACC-1005,CNT-2019,,brian.m@intellia.ai,msharma@omniretailgroup.com,Outbound,Renewal timing and scope,Wanted to get ahead of the renewal date so we have room to align on scope before the deadline.,"Wanted to get ahead of the renewal date so we have room to align on scope before the deadline.

Happy to set up time if that is easier than email.

-- OmniRetail Group",0,0,2026-06-17 15:00:00,-0.06
EML-5088,THR-8021,ACC-1005,CNT-2019,,msharma@omniretailgroup.com,brian.m@intellia.ai,Inbound,Re: Renewal timing and scope,Wanted to get ahead of the renewal date so we have room to align on scope before the deadline.,"Wanted to get ahead of the renewal date so we have room to align on scope before the deadline.

Being candid: the timing is getting difficult on our end given the budget review.

-- Mark",1,0,2026-06-18 18:45:00,-0.25
EML-5089,THR-8021,ACC-1005,CNT-2019,,brian.m@intellia.ai,msharma@omniretailgroup.com,Outbound,Re: Renewal timing and scope,Wanted to get ahead of the renewal date so we have room to align on scope before the deadline.,"Wanted to get ahead of the renewal date so we have room to align on scope before the deadline.

Happy to set up time if that is easier than email.

-- OmniRetail Group",1,0,2026-06-23 16:15:00,-0.05
EML-5090,THR-8021,ACC-1005,CNT-2019,,msharma@omniretailgroup.com,brian.m@intellia.ai,Inbound,Re: Renewal timing and scope,Wanted to get ahead of the renewal date so we have room to align on scope before the deadline.,"Wanted to get ahead of the renewal date so we have room to align on scope before the deadline.

Let me know what makes sense as a next step.

-- Mark",1,0,2026-06-26 13:45:00,-0.1
EML-5091,THR-8021,ACC-1005,CNT-2019,,brian.m@intellia.ai,msharma@omniretailgroup.com,Outbound,Re: Renewal timing and scope,Wanted to get ahead of the renewal date so we have room to align on scope before the deadline.,"Wanted to get ahead of the renewal date so we have room to align on scope before the deadline.

I want to flag that priorities have shifted since we last spoke.

-- OmniRetail Group",1,0,2026-06-25 13:30:00,-0.33
EML-5092,THR-8022,ACC-1005,CNT-2020,DL-4084,brian.m@intellia.ai,eharris@omniretailgroup.com,Outbound,Integration architecture overview,Thanks for walking us through the architecture. The team had a few follow-ups on how the connector handles inc,"Thanks for walking us through the architecture. The team had a few follow-ups on how the connector handles incremental syncs.

Happy to set up time if that is easier than email.

-- OmniRetail Group",0,0,2026-04-24 16:15:00,-0.12
EML-5093,THR-8022,ACC-1005,CNT-2020,DL-4084,eharris@omniretailgroup.com,brian.m@intellia.ai,Inbound,Re: Integration architecture overview,Thanks for walking us through the architecture. The team had a few follow-ups on how the connector handles inc,"Thanks for walking us through the architecture. The team had a few follow-ups on how the connector handles incremental syncs.

Happy to set up time if that is easier than email.

-- Elena",1,0,2026-04-25 10:30:00,-0.1
EML-5094,THR-8022,ACC-1005,CNT-2020,DL-4084,brian.m@intellia.ai,eharris@omniretailgroup.com,Outbound,Re: Integration architecture overview,Thanks for walking us through the architecture. The team had a few follow-ups on how the connector handles inc,"Thanks for walking us through the architecture. The team had a few follow-ups on how the connector handles incremental syncs.

Being candid: the timing is getting difficult on our end given the budget review.

-- OmniRetail Group",1,0,2026-04-28 14:15:00,-0.26
EML-5095,THR-8022,ACC-1005,CNT-2020,DL-4084,eharris@omniretailgroup.com,brian.m@intellia.ai,Inbound,Re: Integration architecture overview,Thanks for walking us through the architecture. The team had a few follow-ups on how the connector handles inc,"Thanks for walking us through the architecture. The team had a few follow-ups on how the connector handles incremental syncs.

Flag anything I have missed and I will get it turned around.

-- Elena",1,0,2026-04-27 11:30:00,-0.09
EML-5096,THR-8022,ACC-1005,CNT-2020,DL-4084,brian.m@intellia.ai,eharris@omniretailgroup.com,Outbound,Re: Integration architecture overview,Thanks for walking us through the architecture. The team had a few follow-ups on how the connector handles inc,"Thanks for walking us through the architecture. The team had a few follow-ups on how the connector handles incremental syncs.

Being candid: the timing is getting difficult on our end given the budget review.

-- OmniRetail Group",1,0,2026-05-06 18:45:00,-0.25
EML-5097,THR-8022,ACC-1005,CNT-2020,DL-4084,eharris@omniretailgroup.com,brian.m@intellia.ai,Inbound,Re: Integration architecture overview,Thanks for walking us through the architecture. The team had a few follow-ups on how the connector handles inc,"Thanks for walking us through the architecture. The team had a few follow-ups on how the connector handles incremental syncs.

Flag anything I have missed and I will get it turned around.

-- Elena",1,0,2026-04-29 11:00:00,-0.19
EML-5098,THR-8023,ACC-1006,CNT-2022,,sophia.t@intellia.ai,kchen@cyberguardnetworks.com,Outbound,Executive briefing logistics,Confirming logistics for the executive briefing and who we expect in the room.,"Confirming logistics for the executive briefing and who we expect in the room.

Happy to set up time if that is easier than email.

-- CyberGuard Networks",0,0,2026-06-04 14:00:00,0.05
EML-5099,THR-8023,ACC-1006,CNT-2022,,kchen@cyberguardnetworks.com,sophia.t@intellia.ai,Inbound,Re: Executive briefing logistics,Confirming logistics for the executive briefing and who we expect in the room.,"Confirming logistics for the executive briefing and who we expect in the room.

Let me know what makes sense as a next step.

-- Kevin",1,0,2026-06-06 15:00:00,0.04
EML-5100,THR-8023,ACC-1006,CNT-2022,,sophia.t@intellia.ai,kchen@cyberguardnetworks.com,Outbound,Re: Executive briefing logistics,Confirming logistics for the executive briefing and who we expect in the room.,"Confirming logistics for the executive briefing and who we expect in the room.

Happy to set up time if that is easier than email.

-- CyberGuard Networks",1,0,2026-06-06 11:15:00,0.19
EML-5101,THR-8023,ACC-1006,CNT-2022,,kchen@cyberguardnetworks.com,sophia.t@intellia.ai,Inbound,Re: Executive briefing logistics,Confirming logistics for the executive briefing and who we expect in the room.,"Confirming logistics for the executive briefing and who we expect in the room.

Let me know what makes sense as a next step.

-- Kevin",1,0,2026-06-10 16:45:00,0.11
EML-5102,THR-8023,ACC-1006,CNT-2022,,sophia.t@intellia.ai,kchen@cyberguardnetworks.com,Outbound,Re: Executive briefing logistics,Confirming logistics for the executive briefing and who we expect in the room.,"Confirming logistics for the executive briefing and who we expect in the room.

Let me know what makes sense as a next step.

-- CyberGuard Networks",1,1,2026-06-08 08:30:00,0.33
EML-5103,THR-8023,ACC-1006,CNT-2022,,kchen@cyberguardnetworks.com,sophia.t@intellia.ai,Inbound,Re: Executive briefing logistics,Confirming logistics for the executive briefing and who we expect in the room.,"Confirming logistics for the executive briefing and who we expect in the room.

Flag anything I have missed and I will get it turned around.

-- Kevin",1,1,2026-06-19 14:45:00,0.02
EML-5104,THR-8024,ACC-1006,CNT-2023,DL-4085,sophia.t@intellia.ai,odiaz@cyberguardnetworks.com,Outbound,Renewal timing and scope,Wanted to get ahead of the renewal date so we have room to align on scope before the deadline.,"Wanted to get ahead of the renewal date so we have room to align on scope before the deadline.

Being candid: the timing is getting difficult on our end given the budget review.

-- CyberGuard Networks",0,0,2026-07-21 09:15:00,-0.38
EML-5105,THR-8024,ACC-1006,CNT-2023,DL-4085,odiaz@cyberguardnetworks.com,sophia.t@intellia.ai,Inbound,Re: Renewal timing and scope,Wanted to get ahead of the renewal date so we have room to align on scope before the deadline.,"Wanted to get ahead of the renewal date so we have room to align on scope before the deadline.

We may need to push this out a cycle -- I will know more after the leadership review.

-- Omar",1,0,2026-07-24 11:45:00,-0.6
EML-5106,THR-8024,ACC-1006,CNT-2023,DL-4085,sophia.t@intellia.ai,odiaz@cyberguardnetworks.com,Outbound,Re: Renewal timing and scope,Wanted to get ahead of the renewal date so we have room to align on scope before the deadline.,"Wanted to get ahead of the renewal date so we have room to align on scope before the deadline.

We may need to push this out a cycle -- I will know more after the leadership review.

-- CyberGuard Networks",1,0,2026-07-25 10:15:00,-0.35
EML-5107,THR-8024,ACC-1006,CNT-2023,DL-4085,odiaz@cyberguardnetworks.com,sophia.t@intellia.ai,Inbound,Re: Renewal timing and scope,Wanted to get ahead of the renewal date so we have room to align on scope before the deadline.,"Wanted to get ahead of the renewal date so we have room to align on scope before the deadline.

We may need to push this out a cycle -- I will know more after the leadership review.

-- Omar",1,0,2026-07-27 16:45:00,-0.44
EML-5108,THR-8025,ACC-1007,CNT-2028,DL-4026,daniel.w@intellia.ai,dclark@datapulseai.com,Outbound,Following up on our discovery call,Great speaking earlier. Capturing what we agreed so nothing slips between now and the next session.,"Great speaking earlier. Capturing what we agreed so nothing slips between now and the next session.

Let me know what makes sense as a next step.

-- DataPulse AI",0,0,2026-06-26 18:30:00,-0.07
EML-5109,THR-8025,ACC-1007,CNT-2028,DL-4026,dclark@datapulseai.com,daniel.w@intellia.ai,Inbound,Re: Following up on our discovery call,Great speaking earlier. Capturing what we agreed so nothing slips between now and the next session.,"Great speaking earlier. Capturing what we agreed so nothing slips between now and the next session.

Flag anything I have missed and I will get it turned around.

-- David",1,0,2026-06-28 18:30:00,-0.03
EML-5110,THR-8025,ACC-1007,CNT-2028,DL-4026,daniel.w@intellia.ai,dclark@datapulseai.com,Outbound,Re: Following up on our discovery call,Great speaking earlier. Capturing what we agreed so nothing slips between now and the next session.,"Great speaking earlier. Capturing what we agreed so nothing slips between now and the next session.

Happy to set up time if that is easier than email.

-- DataPulse AI",1,0,2026-07-04 17:30:00,0.12
EML-5111,THR-8025,ACC-1007,CNT-2028,DL-4026,dclark@datapulseai.com,daniel.w@intellia.ai,Inbound,Re: Following up on our discovery call,Great speaking earlier. Capturing what we agreed so nothing slips between now and the next session.,"Great speaking earlier. Capturing what we agreed so nothing slips between now and the next session.

Happy to set up time if that is easier than email.

-- David",1,0,2026-07-08 08:15:00,-0.05
EML-5112,THR-8026,ACC-1007,CNT-2027,,daniel.w@intellia.ai,dlewis@datapulseai.com,Outbound,Pilot success criteria,Here are the success criteria we would use to judge the pilot at the end of the period.,"Here are the success criteria we would use to judge the pilot at the end of the period.

Appreciate the momentum here. Let me know if anything else would help.

-- DataPulse AI",0,0,2026-07-12 16:30:00,0.67
EML-5113,THR-8026,ACC-1007,CNT-2027,,dlewis@datapulseai.com,daniel.w@intellia.ai,Inbound,Re: Pilot success criteria,Here are the success criteria we would use to judge the pilot at the end of the period.,"Here are the success criteria we would use to judge the pilot at the end of the period.

Appreciate the momentum here. Let me know if anything else would help.

-- Daniel",1,1,2026-07-13 16:45:00,0.68
EML-5114,THR-8027,ACC-1007,CNT-2028,DL-4146,daniel.w@intellia.ai,dclark@datapulseai.com,Outbound,Integration architecture overview,Thanks for walking us through the architecture. The team had a few follow-ups on how the connector handles inc,"Thanks for walking us through the architecture. The team had a few follow-ups on how the connector handles incremental syncs.

Let me know what makes sense as a next step.

-- DataPulse AI",0,0,2026-06-25 17:45:00,-0.09
EML-5115,THR-8027,ACC-1007,CNT-2028,DL-4146,dclark@datapulseai.com,daniel.w@intellia.ai,Inbound,Re: Integration architecture overview,Thanks for walking us through the architecture. The team had a few follow-ups on how the connector handles inc,"Thanks for walking us through the architecture. The team had a few follow-ups on how the connector handles incremental syncs.

I want to flag that priorities have shifted since we last spoke.

-- David",1,0,2026-06-26 16:15:00,-0.35
EML-5116,THR-8028,ACC-1007,CNT-2030,,daniel.w@intellia.ai,jfischer@datapulseai.com,Outbound,Integration architecture overview,Thanks for walking us through the architecture. The team had a few follow-ups on how the connector handles inc,"Thanks for walking us through the architecture. The team had a few follow-ups on how the connector handles incremental syncs.

Flag anything I have missed and I will get it turned around.

-- DataPulse AI",0,0,2026-04-13 12:30:00,0.06
EML-5117,THR-8028,ACC-1007,CNT-2030,,jfischer@datapulseai.com,daniel.w@intellia.ai,Inbound,Re: Integration architecture overview,Thanks for walking us through the architecture. The team had a few follow-ups on how the connector handles inc,"Thanks for walking us through the architecture. The team had a few follow-ups on how the connector handles incremental syncs.

Happy to set up time if that is easier than email.

-- James",1,0,2026-04-17 13:15:00,-0.08
EML-5118,THR-8028,ACC-1007,CNT-2030,,daniel.w@intellia.ai,jfischer@datapulseai.com,Outbound,Re: Integration architecture overview,Thanks for walking us through the architecture. The team had a few follow-ups on how the connector handles inc,"Thanks for walking us through the architecture. The team had a few follow-ups on how the connector handles incremental syncs.

Let me know what makes sense as a next step.

-- DataPulse AI",1,0,2026-04-15 16:45:00,-0.11
EML-5119,THR-8029,ACC-1007,CNT-2029,DL-4026,daniel.w@intellia.ai,glewis@datapulseai.com,Outbound,Executive briefing logistics,Confirming logistics for the executive briefing and who we expect in the room.,"Confirming logistics for the executive briefing and who we expect in the room.

Let me know what makes sense as a next step.

-- DataPulse AI",0,1,2026-06-27 12:00:00,-0.19
EML-5120,THR-8029,ACC-1007,CNT-2029,DL-4026,glewis@datapulseai.com,daniel.w@intellia.ai,Inbound,Re: Executive briefing logistics,Confirming logistics for the executive briefing and who we expect in the room.,"Confirming logistics for the executive briefing and who we expect in the room.

Let me know what makes sense as a next step.

-- Grace",1,0,2026-07-01 08:30:00,-0.12
EML-5121,THR-8029,ACC-1007,CNT-2029,DL-4026,daniel.w@intellia.ai,glewis@datapulseai.com,Outbound,Re: Executive briefing logistics,Confirming logistics for the executive briefing and who we expect in the room.,"Confirming logistics for the executive briefing and who we expect in the room.

Being candid: the timing is getting difficult on our end given the budget review.

-- DataPulse AI",1,0,2026-07-05 16:45:00,-0.27
EML-5122,THR-8029,ACC-1007,CNT-2029,DL-4026,glewis@datapulseai.com,daniel.w@intellia.ai,Inbound,Re: Executive briefing logistics,Confirming logistics for the executive briefing and who we expect in the room.,"Confirming logistics for the executive briefing and who we expect in the room.

Let me know what makes sense as a next step.

-- Grace",1,0,2026-07-06 17:15:00,0.02
EML-5123,THR-8029,ACC-1007,CNT-2029,DL-4026,daniel.w@intellia.ai,glewis@datapulseai.com,Outbound,Re: Executive briefing logistics,Confirming logistics for the executive briefing and who we expect in the room.,"Confirming logistics for the executive briefing and who we expect in the room.

I want to flag that priorities have shifted since we last spoke.

-- DataPulse AI",1,0,2026-07-01 11:00:00,-0.27
EML-5124,THR-8029,ACC-1007,CNT-2029,DL-4026,glewis@datapulseai.com,daniel.w@intellia.ai,Inbound,Re: Executive briefing logistics,Confirming logistics for the executive briefing and who we expect in the room.,"Confirming logistics for the executive briefing and who we expect in the room.

Happy to set up time if that is easier than email.

-- Grace",1,0,2026-07-02 09:45:00,0.03
EML-5125,THR-8030,ACC-1008,CNT-2036,DL-4087,laura.a@intellia.ai,sdiaz@nexusfinancial.com,Outbound,Pilot success criteria,Here are the success criteria we would use to judge the pilot at the end of the period.,"Here are the success criteria we would use to judge the pilot at the end of the period.

Glad this is landing. I will keep the internal team aligned.

-- Nexus Financial",0,0,2026-03-18 13:00:00,0.48
EML-5126,THR-8030,ACC-1008,CNT-2036,DL-4087,sdiaz@nexusfinancial.com,laura.a@intellia.ai,Inbound,Re: Pilot success criteria,Here are the success criteria we would use to judge the pilot at the end of the period.,"Here are the success criteria we would use to judge the pilot at the end of the period.

This is tracking well on our side -- happy to move at your pace.

-- Sarah",1,0,2026-03-21 10:15:00,0.38
EML-5127,THR-8030,ACC-1008,CNT-2036,DL-4087,laura.a@intellia.ai,sdiaz@nexusfinancial.com,Outbound,Re: Pilot success criteria,Here are the success criteria we would use to judge the pilot at the end of the period.,"Here are the success criteria we would use to judge the pilot at the end of the period.

Glad this is landing. I will keep the internal team aligned.

-- Nexus Financial",1,0,2026-03-24 18:00:00,0.39
EML-5128,THR-8030,ACC-1008,CNT-2036,DL-4087,sdiaz@nexusfinancial.com,laura.a@intellia.ai,Inbound,Re: Pilot success criteria,Here are the success criteria we would use to judge the pilot at the end of the period.,"Here are the success criteria we would use to judge the pilot at the end of the period.

Let me know what makes sense as a next step.

-- Sarah",1,0,2026-03-21 14:15:00,0.35
EML-5129,THR-8031,ACC-1008,CNT-2034,DL-4027,laura.a@intellia.ai,csharma@nexusfinancial.com,Outbound,Renewal timing and scope,Wanted to get ahead of the renewal date so we have room to align on scope before the deadline.,"Wanted to get ahead of the renewal date so we have room to align on scope before the deadline.

Let me know what makes sense as a next step.

-- Nexus Financial",0,1,2026-03-23 15:30:00,0.02
EML-5130,THR-8031,ACC-1008,CNT-2034,DL-4027,csharma@nexusfinancial.com,laura.a@intellia.ai,Inbound,Re: Renewal timing and scope,Wanted to get ahead of the renewal date so we have room to align on scope before the deadline.,"Wanted to get ahead of the renewal date so we have room to align on scope before the deadline.

Flag anything I have missed and I will get it turned around.

-- Carlos",1,0,2026-03-24 09:00:00,0.1
EML-5131,THR-8031,ACC-1008,CNT-2034,DL-4027,laura.a@intellia.ai,csharma@nexusfinancial.com,Outbound,Re: Renewal timing and scope,Wanted to get ahead of the renewal date so we have room to align on scope before the deadline.,"Wanted to get ahead of the renewal date so we have room to align on scope before the deadline.

Let me know what makes sense as a next step.

-- Nexus Financial",1,1,2026-03-27 12:00:00,0.16
EML-5132,THR-8031,ACC-1008,CNT-2034,DL-4027,csharma@nexusfinancial.com,laura.a@intellia.ai,Inbound,Re: Renewal timing and scope,Wanted to get ahead of the renewal date so we have room to align on scope before the deadline.,"Wanted to get ahead of the renewal date so we have room to align on scope before the deadline.

Happy to set up time if that is easier than email.

-- Carlos",1,0,2026-03-29 18:30:00,0.1
EML-5133,THR-8032,ACC-1008,CNT-2034,,laura.a@intellia.ai,csharma@nexusfinancial.com,Outbound,Executive briefing logistics,Confirming logistics for the executive briefing and who we expect in the room.,"Confirming logistics for the executive briefing and who we expect in the room.

Happy to set up time if that is easier than email.

-- Nexus Financial",0,0,2026-05-25 17:15:00,0.08
EML-5134,THR-8032,ACC-1008,CNT-2034,,csharma@nexusfinancial.com,laura.a@intellia.ai,Inbound,Re: Executive briefing logistics,Confirming logistics for the executive briefing and who we expect in the room.,"Confirming logistics for the executive briefing and who we expect in the room.

Flag anything I have missed and I will get it turned around.

-- Carlos",1,0,2026-05-27 15:15:00,0.02
EML-5135,THR-8032,ACC-1008,CNT-2034,,laura.a@intellia.ai,csharma@nexusfinancial.com,Outbound,Re: Executive briefing logistics,Confirming logistics for the executive briefing and who we expect in the room.,"Confirming logistics for the executive briefing and who we expect in the room.

Flag anything I have missed and I will get it turned around.

-- Nexus Financial",1,0,2026-06-02 08:15:00,-0.14
EML-5136,THR-8032,ACC-1008,CNT-2034,,csharma@nexusfinancial.com,laura.a@intellia.ai,Inbound,Re: Executive briefing logistics,Confirming logistics for the executive briefing and who we expect in the room.,"Confirming logistics for the executive briefing and who we expect in the room.

Happy to set up time if that is easier than email.

-- Carlos",1,0,2026-05-28 14:15:00,0.02
EML-5137,THR-8032,ACC-1008,CNT-2034,,laura.a@intellia.ai,csharma@nexusfinancial.com,Outbound,Re: Executive briefing logistics,Confirming logistics for the executive briefing and who we expect in the room.,"Confirming logistics for the executive briefing and who we expect in the room.

Let me know what makes sense as a next step.

-- Nexus Financial",1,0,2026-06-02 10:15:00,0.05
EML-5138,THR-8032,ACC-1008,CNT-2034,,csharma@nexusfinancial.com,laura.a@intellia.ai,Inbound,Re: Executive briefing logistics,Confirming logistics for the executive briefing and who we expect in the room.,"Confirming logistics for the executive briefing and who we expect in the room.

Let me know what makes sense as a next step.

-- Carlos",1,0,2026-06-04 17:15:00,0.02
EML-5139,THR-8033,ACC-1008,CNT-2034,DL-4087,laura.a@intellia.ai,csharma@nexusfinancial.com,Outbound,Procurement paperwork,Procurement has the paperwork now. Flagging the two fields they need from your side to move it forward.,"Procurement has the paperwork now. Flagging the two fields they need from your side to move it forward.

This is tracking well on our side -- happy to move at your pace.

-- Nexus Financial",0,1,2026-08-01 13:30:00,0.57
EML-5140,THR-8033,ACC-1008,CNT-2034,DL-4087,csharma@nexusfinancial.com,laura.a@intellia.ai,Inbound,Re: Procurement paperwork,Procurement has the paperwork now. Flagging the two fields they need from your side to move it forward.,"Procurement has the paperwork now. Flagging the two fields they need from your side to move it forward.

Appreciate the momentum here. Let me know if anything else would help.

-- Carlos",1,0,2026-08-02 11:30:00,0.71
EML-5141,THR-8033,ACC-1008,CNT-2034,DL-4087,laura.a@intellia.ai,csharma@nexusfinancial.com,Outbound,Re: Procurement paperwork,Procurement has the paperwork now. Flagging the two fields they need from your side to move it forward.,"Procurement has the paperwork now. Flagging the two fields they need from your side to move it forward.

Appreciate the momentum here. Let me know if anything else would help.

-- Nexus Financial",1,0,2026-08-03 10:45:00,0.67
EML-5142,THR-8033,ACC-1008,CNT-2034,DL-4087,csharma@nexusfinancial.com,laura.a@intellia.ai,Inbound,Re: Procurement paperwork,Procurement has the paperwork now. Flagging the two fields they need from your side to move it forward.,"Procurement has the paperwork now. Flagging the two fields they need from your side to move it forward.

Appreciate the momentum here. Let me know if anything else would help.

-- Carlos",1,0,2026-08-07 17:30:00,0.87
EML-5143,THR-8034,ACC-1008,CNT-2031,,laura.a@intellia.ai,nadams@nexusfinancial.com,Outbound,Pricing and packaging for the rollout,"Sharing the packaging options we discussed, with the ramp assumptions called out separately.","Sharing the packaging options we discussed, with the ramp assumptions called out separately.

This is tracking well on our side -- happy to move at your pace.

-- Nexus Financial",0,0,2026-05-20 08:15:00,0.66
EML-5144,THR-8034,ACC-1008,CNT-2031,,nadams@nexusfinancial.com,laura.a@intellia.ai,Inbound,Re: Pricing and packaging for the rollout,"Sharing the packaging options we discussed, with the ramp assumptions called out separately.","Sharing the packaging options we discussed, with the ramp assumptions called out separately.

This is tracking well on our side -- happy to move at your pace.

-- Nina",1,0,2026-05-23 15:00:00,0.58
EML-5145,THR-8034,ACC-1008,CNT-2031,,laura.a@intellia.ai,nadams@nexusfinancial.com,Outbound,Re: Pricing and packaging for the rollout,"Sharing the packaging options we discussed, with the ramp assumptions called out separately.","Sharing the packaging options we discussed, with the ramp assumptions called out separately.

This is tracking well on our side -- happy to move at your pace.

-- Nexus Financial",1,0,2026-05-24 14:45:00,0.5
EML-5146,THR-8034,ACC-1008,CNT-2031,,nadams@nexusfinancial.com,laura.a@intellia.ai,Inbound,Re: Pricing and packaging for the rollout,"Sharing the packaging options we discussed, with the ramp assumptions called out separately.","Sharing the packaging options we discussed, with the ramp assumptions called out separately.

Appreciate the momentum here. Let me know if anything else would help.

-- Nina",1,0,2026-05-29 11:30:00,0.74
EML-5147,THR-8034,ACC-1008,CNT-2031,,laura.a@intellia.ai,nadams@nexusfinancial.com,Outbound,Re: Pricing and packaging for the rollout,"Sharing the packaging options we discussed, with the ramp assumptions called out separately.","Sharing the packaging options we discussed, with the ramp assumptions called out separately.

This is tracking well on our side -- happy to move at your pace.

-- Nexus Financial",1,0,2026-06-05 10:30:00,0.75
EML-5148,THR-8034,ACC-1008,CNT-2031,,nadams@nexusfinancial.com,laura.a@intellia.ai,Inbound,Re: Pricing and packaging for the rollout,"Sharing the packaging options we discussed, with the ramp assumptions called out separately.","Sharing the packaging options we discussed, with the ramp assumptions called out separately.

This is tracking well on our side -- happy to move at your pace.

-- Nina",1,1,2026-06-04 12:30:00,0.53
EML-5149,THR-8035,ACC-1009,CNT-2037,DL-4028,tom.c@intellia.ai,swhite@strataenergy.com,Outbound,Following up on our discovery call,Great speaking earlier. Capturing what we agreed so nothing slips between now and the next session.,"Great speaking earlier. Capturing what we agreed so nothing slips between now and the next session.

I want to flag that priorities have shifted since we last spoke.

-- Strata Energy",0,0,2026-06-10 16:45:00,-0.51
EML-5150,THR-8035,ACC-1009,CNT-2037,DL-4028,swhite@strataenergy.com,tom.c@intellia.ai,Inbound,Re: Following up on our discovery call,Great speaking earlier. Capturing what we agreed so nothing slips between now and the next session.,"Great speaking earlier. Capturing what we agreed so nothing slips between now and the next session.

Being candid: the timing is getting difficult on our end given the budget review.

-- Sophia",1,0,2026-06-12 13:45:00,-0.46
EML-5151,THR-8035,ACC-1009,CNT-2037,DL-4028,tom.c@intellia.ai,swhite@strataenergy.com,Outbound,Re: Following up on our discovery call,Great speaking earlier. Capturing what we agreed so nothing slips between now and the next session.,"Great speaking earlier. Capturing what we agreed so nothing slips between now and the next session.

We may need to push this out a cycle -- I will know more after the leadership review.

-- Strata Energy",1,0,2026-06-12 10:30:00,-0.62
EML-5152,THR-8035,ACC-1009,CNT-2037,DL-4028,swhite@strataenergy.com,tom.c@intellia.ai,Inbound,Re: Following up on our discovery call,Great speaking earlier. Capturing what we agreed so nothing slips between now and the next session.,"Great speaking earlier. Capturing what we agreed so nothing slips between now and the next session.

I want to flag that priorities have shifted since we last spoke.

-- Sophia",1,0,2026-06-13 10:00:00,-0.44
EML-5153,THR-8035,ACC-1009,CNT-2037,DL-4028,tom.c@intellia.ai,swhite@strataenergy.com,Outbound,Re: Following up on our discovery call,Great speaking earlier. Capturing what we agreed so nothing slips between now and the next session.,"Great speaking earlier. Capturing what we agreed so nothing slips between now and the next session.

We may need to push this out a cycle -- I will know more after the leadership review.

-- Strata Energy",1,1,2026-06-26 17:00:00,-0.32
EML-5154,THR-8035,ACC-1009,CNT-2037,DL-4028,swhite@strataenergy.com,tom.c@intellia.ai,Inbound,Re: Following up on our discovery call,Great speaking earlier. Capturing what we agreed so nothing slips between now and the next session.,"Great speaking earlier. Capturing what we agreed so nothing slips between now and the next session.

I want to flag that priorities have shifted since we last spoke.

-- Sophia",1,1,2026-06-30 10:00:00,-0.65
EML-5155,THR-8036,ACC-1009,CNT-2039,DL-4028,tom.c@intellia.ai,pmendez@strataenergy.com,Outbound,Pricing and packaging for the rollout,"Sharing the packaging options we discussed, with the ramp assumptions called out separately.","Sharing the packaging options we discussed, with the ramp assumptions called out separately.

Glad this is landing. I will keep the internal team aligned.

-- Strata Energy",0,0,2026-07-18 17:45:00,0.56
EML-5156,THR-8036,ACC-1009,CNT-2039,DL-4028,pmendez@strataenergy.com,tom.c@intellia.ai,Inbound,Re: Pricing and packaging for the rollout,"Sharing the packaging options we discussed, with the ramp assumptions called out separately.","Sharing the packaging options we discussed, with the ramp assumptions called out separately.

Glad this is landing. I will keep the internal team aligned.

-- Priya",1,0,2026-07-20 16:00:00,0.83
EML-5157,THR-8036,ACC-1009,CNT-2039,DL-4028,tom.c@intellia.ai,pmendez@strataenergy.com,Outbound,Re: Pricing and packaging for the rollout,"Sharing the packaging options we discussed, with the ramp assumptions called out separately.","Sharing the packaging options we discussed, with the ramp assumptions called out separately.

Appreciate the momentum here. Let me know if anything else would help.

-- Strata Energy",1,0,2026-07-22 09:15:00,0.81
EML-5158,THR-8037,ACC-1010,CNT-2042,DL-4029,jessica.c@intellia.ai,jdiaz@fintechdynamics.com,Outbound,Pricing and packaging for the rollout,"Sharing the packaging options we discussed, with the ramp assumptions called out separately.","Sharing the packaging options we discussed, with the ramp assumptions called out separately.

Happy to set up time if that is easier than email.

-- Fintech Dynamics",0,0,2026-06-13 10:30:00,0.27
EML-5159,THR-8037,ACC-1010,CNT-2042,DL-4029,jdiaz@fintechdynamics.com,jessica.c@intellia.ai,Inbound,Re: Pricing and packaging for the rollout,"Sharing the packaging options we discussed, with the ramp assumptions called out separately.","Sharing the packaging options we discussed, with the ramp assumptions called out separately.

Let me know what makes sense as a next step.

-- James",1,0,2026-06-16 18:30:00,0.26
EML-5160,THR-8037,ACC-1010,CNT-2042,DL-4029,jessica.c@intellia.ai,jdiaz@fintechdynamics.com,Outbound,Re: Pricing and packaging for the rollout,"Sharing the packaging options we discussed, with the ramp assumptions called out separately.","Sharing the packaging options we discussed, with the ramp assumptions called out separately.

Happy to set up time if that is easier than email.

-- Fintech Dynamics",1,0,2026-06-19 18:30:00,0.12
EML-5161,THR-8037,ACC-1010,CNT-2042,DL-4029,jdiaz@fintechdynamics.com,jessica.c@intellia.ai,Inbound,Re: Pricing and packaging for the rollout,"Sharing the packaging options we discussed, with the ramp assumptions called out separately.","Sharing the packaging options we discussed, with the ramp assumptions called out separately.

Flag anything I have missed and I will get it turned around.

-- James",1,0,2026-06-22 15:15:00,0.11
EML-5162,THR-8037,ACC-1010,CNT-2042,DL-4029,jessica.c@intellia.ai,jdiaz@fintechdynamics.com,Outbound,Re: Pricing and packaging for the rollout,"Sharing the packaging options we discussed, with the ramp assumptions called out separately.","Sharing the packaging options we discussed, with the ramp assumptions called out separately.

Happy to set up time if that is easier than email.

-- Fintech Dynamics",1,0,2026-06-21 13:00:00,0.33
EML-5163,THR-8038,ACC-1010,CNT-2043,DL-4089,jessica.c@intellia.ai,eanderson@fintechdynamics.com,Outbound,Security review questionnaire,Our security team has started the review. They flagged two questions on data residency and retention.,"Our security team has started the review. They flagged two questions on data residency and retention.

Being candid: the timing is getting difficult on our end given the budget review.

-- Fintech Dynamics",0,0,2026-05-25 15:45:00,-0.26
EML-5164,THR-8038,ACC-1010,CNT-2043,DL-4089,eanderson@fintechdynamics.com,jessica.c@intellia.ai,Inbound,Re: Security review questionnaire,Our security team has started the review. They flagged two questions on data residency and retention.,"Our security team has started the review. They flagged two questions on data residency and retention.

Let me know what makes sense as a next step.

-- Emily",1,0,2026-05-28 09:15:00,-0.01
EML-5165,THR-8038,ACC-1010,CNT-2043,DL-4089,jessica.c@intellia.ai,eanderson@fintechdynamics.com,Outbound,Re: Security review questionnaire,Our security team has started the review. They flagged two questions on data residency and retention.,"Our security team has started the review. They flagged two questions on data residency and retention.

Happy to set up time if that is easier than email.

-- Fintech Dynamics",1,0,2026-05-27 11:00:00,-0.16
EML-5166,THR-8038,ACC-1010,CNT-2043,DL-4089,eanderson@fintechdynamics.com,jessica.c@intellia.ai,Inbound,Re: Security review questionnaire,Our security team has started the review. They flagged two questions on data residency and retention.,"Our security team has started the review. They flagged two questions on data residency and retention.

Let me know what makes sense as a next step.

-- Emily",1,0,2026-05-28 15:45:00,-0.09
EML-5167,THR-8038,ACC-1010,CNT-2043,DL-4089,jessica.c@intellia.ai,eanderson@fintechdynamics.com,Outbound,Re: Security review questionnaire,Our security team has started the review. They flagged two questions on data residency and retention.,"Our security team has started the review. They flagged two questions on data residency and retention.

Being candid: the timing is getting difficult on our end given the budget review.

-- Fintech Dynamics",1,1,2026-06-06 17:15:00,-0.35
EML-5168,THR-8039,ACC-1010,CNT-2042,,jessica.c@intellia.ai,jdiaz@fintechdynamics.com,Outbound,Executive briefing logistics,Confirming logistics for the executive briefing and who we expect in the room.,"Confirming logistics for the executive briefing and who we expect in the room.

Being candid: the timing is getting difficult on our end given the budget review.

-- Fintech Dynamics",0,0,2026-07-01 16:30:00,-0.39
EML-5169,THR-8039,ACC-1010,CNT-2042,,jdiaz@fintechdynamics.com,jessica.c@intellia.ai,Inbound,Re: Executive briefing logistics,Confirming logistics for the executive briefing and who we expect in the room.,"Confirming logistics for the executive briefing and who we expect in the room.

Flag anything I have missed and I will get it turned around.

-- James",1,0,2026-07-03 10:00:00,-0.17
EML-5170,THR-8039,ACC-1010,CNT-2042,,jessica.c@intellia.ai,jdiaz@fintechdynamics.com,Outbound,Re: Executive briefing logistics,Confirming logistics for the executive briefing and who we expect in the room.,"Confirming logistics for the executive briefing and who we expect in the room.

Being candid: the timing is getting difficult on our end given the budget review.

-- Fintech Dynamics",1,1,2026-07-09 10:00:00,-0.22
EML-5171,THR-8040,ACC-1010,CNT-2043,DL-4149,jessica.c@intellia.ai,eanderson@fintechdynamics.com,Outbound,Executive briefing logistics,Confirming logistics for the executive briefing and who we expect in the room.,"Confirming logistics for the executive briefing and who we expect in the room.

I want to flag that priorities have shifted since we last spoke.

-- Fintech Dynamics",0,0,2026-06-12 14:15:00,-0.68
EML-5172,THR-8040,ACC-1010,CNT-2043,DL-4149,eanderson@fintechdynamics.com,jessica.c@intellia.ai,Inbound,Re: Executive briefing logistics,Confirming logistics for the executive briefing and who we expect in the room.,"Confirming logistics for the executive briefing and who we expect in the room.

We may need to push this out a cycle -- I will know more after the leadership review.

-- Emily",1,0,2026-06-13 14:30:00,-0.4
EML-5173,THR-8040,ACC-1010,CNT-2043,DL-4149,jessica.c@intellia.ai,eanderson@fintechdynamics.com,Outbound,Re: Executive briefing logistics,Confirming logistics for the executive briefing and who we expect in the room.,"Confirming logistics for the executive briefing and who we expect in the room.

Being candid: the timing is getting difficult on our end given the budget review.

-- Fintech Dynamics",1,0,2026-06-16 15:00:00,-0.53
EML-5174,THR-8040,ACC-1010,CNT-2043,DL-4149,eanderson@fintechdynamics.com,jessica.c@intellia.ai,Inbound,Re: Executive briefing logistics,Confirming logistics for the executive briefing and who we expect in the room.,"Confirming logistics for the executive briefing and who we expect in the room.

I want to flag that priorities have shifted since we last spoke.

-- Emily",1,0,2026-06-15 14:30:00,-0.66
EML-5175,THR-8040,ACC-1010,CNT-2043,DL-4149,jessica.c@intellia.ai,eanderson@fintechdynamics.com,Outbound,Re: Executive briefing logistics,Confirming logistics for the executive briefing and who we expect in the room.,"Confirming logistics for the executive briefing and who we expect in the room.

I want to flag that priorities have shifted since we last spoke.

-- Fintech Dynamics",1,0,2026-06-16 09:30:00,-0.6
EML-5176,THR-8040,ACC-1010,CNT-2043,DL-4149,eanderson@fintechdynamics.com,jessica.c@intellia.ai,Inbound,Re: Executive briefing logistics,Confirming logistics for the executive briefing and who we expect in the room.,"Confirming logistics for the executive briefing and who we expect in the room.

We may need to push this out a cycle -- I will know more after the leadership review.

-- Emily",1,0,2026-06-17 12:45:00,-0.62
EML-5177,THR-8041,ACC-1011,CNT-2047,DL-4090,elena.b@intellia.ai,vmendez@quantumedge.com,Outbound,Pilot success criteria,Here are the success criteria we would use to judge the pilot at the end of the period.,"Here are the success criteria we would use to judge the pilot at the end of the period.

Being candid: the timing is getting difficult on our end given the budget review.

-- Quantum Edge",0,0,2026-07-07 15:45:00,-0.46
EML-5178,THR-8041,ACC-1011,CNT-2047,DL-4090,vmendez@quantumedge.com,elena.b@intellia.ai,Inbound,Re: Pilot success criteria,Here are the success criteria we would use to judge the pilot at the end of the period.,"Here are the success criteria we would use to judge the pilot at the end of the period.

Flag anything I have missed and I will get it turned around.

-- Victor",1,0,2026-07-08 08:45:00,-0.17
EML-5179,THR-8042,ACC-1011,CNT-2045,,elena.b@intellia.ai,dwhite@quantumedge.com,Outbound,Executive briefing logistics,Confirming logistics for the executive briefing and who we expect in the room.,"Confirming logistics for the executive briefing and who we expect in the room.

Flag anything I have missed and I will get it turned around.

-- Quantum Edge",0,0,2026-05-13 08:30:00,0.19
EML-5180,THR-8042,ACC-1011,CNT-2045,,dwhite@quantumedge.com,elena.b@intellia.ai,Inbound,Re: Executive briefing logistics,Confirming logistics for the executive briefing and who we expect in the room.,"Confirming logistics for the executive briefing and who we expect in the room.

Let me know what makes sense as a next step.

-- David",1,1,2026-05-14 18:15:00,0.32
EML-5181,THR-8042,ACC-1011,CNT-2045,,elena.b@intellia.ai,dwhite@quantumedge.com,Outbound,Re: Executive briefing logistics,Confirming logistics for the executive briefing and who we expect in the room.,"Confirming logistics for the executive briefing and who we expect in the room.

Let me know what makes sense as a next step.

-- Quantum Edge",1,0,2026-05-17 09:30:00,0.28
EML-5182,THR-8042,ACC-1011,CNT-2045,,dwhite@quantumedge.com,elena.b@intellia.ai,Inbound,Re: Executive briefing logistics,Confirming logistics for the executive briefing and who we expect in the room.,"Confirming logistics for the executive briefing and who we expect in the room.

Glad this is landing. I will keep the internal team aligned.

-- David",1,0,2026-05-16 14:30:00,0.42
EML-5183,THR-8042,ACC-1011,CNT-2045,,elena.b@intellia.ai,dwhite@quantumedge.com,Outbound,Re: Executive briefing logistics,Confirming logistics for the executive briefing and who we expect in the room.,"Confirming logistics for the executive briefing and who we expect in the room.

Appreciate the momentum here. Let me know if anything else would help.

-- Quantum Edge",1,0,2026-05-25 16:15:00,0.49
EML-5184,THR-8043,ACC-1011,CNT-2044,DL-9003,elena.b@intellia.ai,kmartin@quantumedge.com,Outbound,Renewal timing and scope,Wanted to get ahead of the renewal date so we have room to align on scope before the deadline.,"Wanted to get ahead of the renewal date so we have room to align on scope before the deadline.

Flag anything I have missed and I will get it turned around.

-- Quantum Edge",0,0,2026-07-14 12:15:00,-0.11
EML-5185,THR-8043,ACC-1011,CNT-2044,DL-9003,kmartin@quantumedge.com,elena.b@intellia.ai,Inbound,Re: Renewal timing and scope,Wanted to get ahead of the renewal date so we have room to align on scope before the deadline.,"Wanted to get ahead of the renewal date so we have room to align on scope before the deadline.

Flag anything I have missed and I will get it turned around.

-- Kevin",1,1,2026-07-17 08:00:00,-0.05
EML-5186,THR-8044,ACC-1011,CNT-2045,DL-4150,elena.b@intellia.ai,dwhite@quantumedge.com,Outbound,Executive briefing logistics,Confirming logistics for the executive briefing and who we expect in the room.,"Confirming logistics for the executive briefing and who we expect in the room.

I want to flag that priorities have shifted since we last spoke.

-- Quantum Edge",0,1,2026-03-25 12:00:00,-0.39
EML-5187,THR-8044,ACC-1011,CNT-2045,DL-4150,dwhite@quantumedge.com,elena.b@intellia.ai,Inbound,Re: Executive briefing logistics,Confirming logistics for the executive briefing and who we expect in the room.,"Confirming logistics for the executive briefing and who we expect in the room.

I want to flag that priorities have shifted since we last spoke.

-- David",1,0,2026-03-26 11:30:00,-0.41
EML-5188,THR-8044,ACC-1011,CNT-2045,DL-4150,elena.b@intellia.ai,dwhite@quantumedge.com,Outbound,Re: Executive briefing logistics,Confirming logistics for the executive briefing and who we expect in the room.,"Confirming logistics for the executive briefing and who we expect in the room.

Happy to set up time if that is easier than email.

-- Quantum Edge",1,1,2026-04-02 12:00:00,-0.18
EML-5189,THR-8044,ACC-1011,CNT-2045,DL-4150,dwhite@quantumedge.com,elena.b@intellia.ai,Inbound,Re: Executive briefing logistics,Confirming logistics for the executive briefing and who we expect in the room.,"Confirming logistics for the executive briefing and who we expect in the room.

We may need to push this out a cycle -- I will know more after the leadership review.

-- David",1,1,2026-04-06 13:30:00,-0.31
EML-5190,THR-8045,ACC-1011,CNT-2045,DL-4090,elena.b@intellia.ai,dwhite@quantumedge.com,Outbound,Procurement paperwork,Procurement has the paperwork now. Flagging the two fields they need from your side to move it forward.,"Procurement has the paperwork now. Flagging the two fields they need from your side to move it forward.

Glad this is landing. I will keep the internal team aligned.

-- Quantum Edge",0,0,2026-03-25 13:30:00,0.61
EML-5191,THR-8045,ACC-1011,CNT-2045,DL-4090,dwhite@quantumedge.com,elena.b@intellia.ai,Inbound,Re: Procurement paperwork,Procurement has the paperwork now. Flagging the two fields they need from your side to move it forward.,"Procurement has the paperwork now. Flagging the two fields they need from your side to move it forward.

Glad this is landing. I will keep the internal team aligned.

-- David",1,0,2026-03-27 12:00:00,0.54
EML-5192,THR-8045,ACC-1011,CNT-2045,DL-4090,elena.b@intellia.ai,dwhite@quantumedge.com,Outbound,Re: Procurement paperwork,Procurement has the paperwork now. Flagging the two fields they need from your side to move it forward.,"Procurement has the paperwork now. Flagging the two fields they need from your side to move it forward.

This is tracking well on our side -- happy to move at your pace.

-- Quantum Edge",1,0,2026-04-02 08:30:00,0.76
EML-5193,THR-8045,ACC-1011,CNT-2045,DL-4090,dwhite@quantumedge.com,elena.b@intellia.ai,Inbound,Re: Procurement paperwork,Procurement has the paperwork now. Flagging the two fields they need from your side to move it forward.,"Procurement has the paperwork now. Flagging the two fields they need from your side to move it forward.

Glad this is landing. I will keep the internal team aligned.

-- David",1,1,2026-03-28 08:30:00,0.51
EML-5194,THR-8046,ACC-1012,CNT-2052,DL-4151,robert.j@intellia.ai,srostova@synergymedia.com,Outbound,Pilot success criteria,Here are the success criteria we would use to judge the pilot at the end of the period.,"Here are the success criteria we would use to judge the pilot at the end of the period.

Let me know what makes sense as a next step.

-- Synergy Media",0,0,2026-05-20 08:00:00,0.18
EML-5195,THR-8046,ACC-1012,CNT-2052,DL-4151,srostova@synergymedia.com,robert.j@intellia.ai,Inbound,Re: Pilot success criteria,Here are the success criteria we would use to judge the pilot at the end of the period.,"Here are the success criteria we would use to judge the pilot at the end of the period.

Flag anything I have missed and I will get it turned around.

-- Sophia",1,0,2026-05-22 16:30:00,0.12
EML-5196,THR-8046,ACC-1012,CNT-2052,DL-4151,robert.j@intellia.ai,srostova@synergymedia.com,Outbound,Re: Pilot success criteria,Here are the success criteria we would use to judge the pilot at the end of the period.,"Here are the success criteria we would use to judge the pilot at the end of the period.

Let me know what makes sense as a next step.

-- Synergy Media",1,1,2026-05-22 16:00:00,0.07
EML-5197,THR-8046,ACC-1012,CNT-2052,DL-4151,srostova@synergymedia.com,robert.j@intellia.ai,Inbound,Re: Pilot success criteria,Here are the success criteria we would use to judge the pilot at the end of the period.,"Here are the success criteria we would use to judge the pilot at the end of the period.

Flag anything I have missed and I will get it turned around.

-- Sophia",1,0,2026-05-26 12:00:00,0.28
EML-5198,THR-8046,ACC-1012,CNT-2052,DL-4151,robert.j@intellia.ai,srostova@synergymedia.com,Outbound,Re: Pilot success criteria,Here are the success criteria we would use to judge the pilot at the end of the period.,"Here are the success criteria we would use to judge the pilot at the end of the period.

Appreciate the momentum here. Let me know if anything else would help.

-- Synergy Media",1,0,2026-06-05 15:15:00,0.36
EML-5199,THR-8046,ACC-1012,CNT-2052,DL-4151,srostova@synergymedia.com,robert.j@intellia.ai,Inbound,Re: Pilot success criteria,Here are the success criteria we would use to judge the pilot at the end of the period.,"Here are the success criteria we would use to judge the pilot at the end of the period.

Happy to set up time if that is easier than email.

-- Sophia",1,0,2026-06-04 09:00:00,0.19
EML-5200,THR-8047,ACC-1012,CNT-2050,,robert.j@intellia.ai,aclark@synergymedia.com,Outbound,Integration architecture overview,Thanks for walking us through the architecture. The team had a few follow-ups on how the connector handles inc,"Thanks for walking us through the architecture. The team had a few follow-ups on how the connector handles incremental syncs.

Happy to set up time if that is easier than email.

-- Synergy Media",0,0,2026-04-09 13:00:00,-0.2
EML-5201,THR-8047,ACC-1012,CNT-2050,,aclark@synergymedia.com,robert.j@intellia.ai,Inbound,Re: Integration architecture overview,Thanks for walking us through the architecture. The team had a few follow-ups on how the connector handles inc,"Thanks for walking us through the architecture. The team had a few follow-ups on how the connector handles incremental syncs.

Being candid: the timing is getting difficult on our end given the budget review.

-- Amanda",1,0,2026-04-11 18:15:00,-0.25
EML-5202,THR-8047,ACC-1012,CNT-2050,,robert.j@intellia.ai,aclark@synergymedia.com,Outbound,Re: Integration architecture overview,Thanks for walking us through the architecture. The team had a few follow-ups on how the connector handles inc,"Thanks for walking us through the architecture. The team had a few follow-ups on how the connector handles incremental syncs.

Let me know what makes sense as a next step.

-- Synergy Media",1,0,2026-04-13 09:30:00,0.0
EML-5203,THR-8047,ACC-1012,CNT-2050,,aclark@synergymedia.com,robert.j@intellia.ai,Inbound,Re: Integration architecture overview,Thanks for walking us through the architecture. The team had a few follow-ups on how the connector handles inc,"Thanks for walking us through the architecture. The team had a few follow-ups on how the connector handles incremental syncs.

Let me know what makes sense as a next step.

-- Amanda",1,1,2026-04-18 17:30:00,-0.06
EML-5204,THR-8048,ACC-1012,CNT-2050,DL-4091,robert.j@intellia.ai,aclark@synergymedia.com,Outbound,Procurement paperwork,Procurement has the paperwork now. Flagging the two fields they need from your side to move it forward.,"Procurement has the paperwork now. Flagging the two fields they need from your side to move it forward.

Glad this is landing. I will keep the internal team aligned.

-- Synergy Media",0,0,2026-06-22 12:15:00,0.8
EML-5205,THR-8048,ACC-1012,CNT-2050,DL-4091,aclark@synergymedia.com,robert.j@intellia.ai,Inbound,Re: Procurement paperwork,Procurement has the paperwork now. Flagging the two fields they need from your side to move it forward.,"Procurement has the paperwork now. Flagging the two fields they need from your side to move it forward.

This is tracking well on our side -- happy to move at your pace.

-- Amanda",1,0,2026-06-23 08:45:00,0.72
EML-5206,THR-8049,ACC-1012,CNT-2050,DL-4091,robert.j@intellia.ai,aclark@synergymedia.com,Outbound,Pricing and packaging for the rollout,"Sharing the packaging options we discussed, with the ramp assumptions called out separately.","Sharing the packaging options we discussed, with the ramp assumptions called out separately.

I want to flag that priorities have shifted since we last spoke.

-- Synergy Media",0,1,2026-07-25 13:45:00,-0.3
EML-5207,THR-8049,ACC-1012,CNT-2050,DL-4091,aclark@synergymedia.com,robert.j@intellia.ai,Inbound,Re: Pricing and packaging for the rollout,"Sharing the packaging options we discussed, with the ramp assumptions called out separately.","Sharing the packaging options we discussed, with the ramp assumptions called out separately.

We may need to push this out a cycle -- I will know more after the leadership review.

-- Amanda",1,0,2026-07-29 12:30:00,-0.25
EML-5208,THR-8050,ACC-1012,CNT-2050,,robert.j@intellia.ai,aclark@synergymedia.com,Outbound,Security review questionnaire,Our security team has started the review. They flagged two questions on data residency and retention.,"Our security team has started the review. They flagged two questions on data residency and retention.

Appreciate the momentum here. Let me know if anything else would help.

-- Synergy Media",0,0,2026-07-18 17:30:00,0.51
EML-5209,THR-8050,ACC-1012,CNT-2050,,aclark@synergymedia.com,robert.j@intellia.ai,Inbound,Re: Security review questionnaire,Our security team has started the review. They flagged two questions on data residency and retention.,"Our security team has started the review. They flagged two questions on data residency and retention.

This is tracking well on our side -- happy to move at your pace.

-- Amanda",1,0,2026-07-20 09:00:00,0.46
EML-5210,THR-8051,ACC-1013,CNT-2056,,priya.m@intellia.ai,mmartin@astramanufacturing.com,Outbound,Following up on our discovery call,Great speaking earlier. Capturing what we agreed so nothing slips between now and the next session.,"Great speaking earlier. Capturing what we agreed so nothing slips between now and the next session.

Glad this is landing. I will keep the internal team aligned.

-- Astra Manufacturing",0,0,2026-03-23 12:30:00,0.84
EML-5211,THR-8051,ACC-1013,CNT-2056,,mmartin@astramanufacturing.com,priya.m@intellia.ai,Inbound,Re: Following up on our discovery call,Great speaking earlier. Capturing what we agreed so nothing slips between now and the next session.,"Great speaking earlier. Capturing what we agreed so nothing slips between now and the next session.

This is tracking well on our side -- happy to move at your pace.

-- Michael",1,0,2026-03-25 15:30:00,0.67
EML-5212,THR-8051,ACC-1013,CNT-2056,,priya.m@intellia.ai,mmartin@astramanufacturing.com,Outbound,Re: Following up on our discovery call,Great speaking earlier. Capturing what we agreed so nothing slips between now and the next session.,"Great speaking earlier. Capturing what we agreed so nothing slips between now and the next session.

This is tracking well on our side -- happy to move at your pace.

-- Astra Manufacturing",1,0,2026-03-25 10:00:00,0.73
EML-5213,THR-8052,ACC-1013,CNT-2054,,priya.m@intellia.ai,manderson@astramanufacturing.com,Outbound,Security review questionnaire,Our security team has started the review. They flagged two questions on data residency and retention.,"Our security team has started the review. They flagged two questions on data residency and retention.

Being candid: the timing is getting difficult on our end given the budget review.

-- Astra Manufacturing",0,0,2026-07-07 08:30:00,-0.41
EML-5214,THR-8052,ACC-1013,CNT-2054,,manderson@astramanufacturing.com,priya.m@intellia.ai,Inbound,Re: Security review questionnaire,Our security team has started the review. They flagged two questions on data residency and retention.,"Our security team has started the review. They flagged two questions on data residency and retention.

I want to flag that priorities have shifted since we last spoke.

-- Mark",1,0,2026-07-11 13:45:00,-0.47
EML-5215,THR-8053,ACC-1013,CNT-2055,DL-4092,priya.m@intellia.ai,nrostova@astramanufacturing.com,Outbound,Pricing and packaging for the rollout,"Sharing the packaging options we discussed, with the ramp assumptions called out separately.","Sharing the packaging options we discussed, with the ramp assumptions called out separately.

Appreciate the momentum here. Let me know if anything else would help.

-- Astra Manufacturing",0,0,2026-04-10 17:45:00,0.79
EML-5216,THR-8053,ACC-1013,CNT-2055,DL-4092,nrostova@astramanufacturing.com,priya.m@intellia.ai,Inbound,Re: Pricing and packaging for the rollout,"Sharing the packaging options we discussed, with the ramp assumptions called out separately.","Sharing the packaging options we discussed, with the ramp assumptions called out separately.

This is tracking well on our side -- happy to move at your pace.

-- Nina",1,0,2026-04-13 15:15:00,0.86
EML-5217,THR-8053,ACC-1013,CNT-2055,DL-4092,priya.m@intellia.ai,nrostova@astramanufacturing.com,Outbound,Re: Pricing and packaging for the rollout,"Sharing the packaging options we discussed, with the ramp assumptions called out separately.","Sharing the packaging options we discussed, with the ramp assumptions called out separately.

Appreciate the momentum here. Let me know if anything else would help.

-- Astra Manufacturing",1,0,2026-04-16 08:45:00,0.84
EML-5218,THR-8053,ACC-1013,CNT-2055,DL-4092,nrostova@astramanufacturing.com,priya.m@intellia.ai,Inbound,Re: Pricing and packaging for the rollout,"Sharing the packaging options we discussed, with the ramp assumptions called out separately.","Sharing the packaging options we discussed, with the ramp assumptions called out separately.

Appreciate the momentum here. Let me know if anything else would help.

-- Nina",1,0,2026-04-19 17:45:00,0.7
EML-5219,THR-8053,ACC-1013,CNT-2055,DL-4092,priya.m@intellia.ai,nrostova@astramanufacturing.com,Outbound,Re: Pricing and packaging for the rollout,"Sharing the packaging options we discussed, with the ramp assumptions called out separately.","Sharing the packaging options we discussed, with the ramp assumptions called out separately.

Glad this is landing. I will keep the internal team aligned.

-- Astra Manufacturing",1,0,2026-04-26 13:15:00,0.63
EML-5220,THR-8054,ACC-1013,CNT-2055,DL-4152,priya.m@intellia.ai,nrostova@astramanufacturing.com,Outbound,Security review questionnaire,Our security team has started the review. They flagged two questions on data residency and retention.,"Our security team has started the review. They flagged two questions on data residency and retention.

Happy to set up time if that is easier than email.

-- Astra Manufacturing",0,1,2026-06-28 12:00:00,-0.01
EML-5221,THR-8054,ACC-1013,CNT-2055,DL-4152,nrostova@astramanufacturing.com,priya.m@intellia.ai,Inbound,Re: Security review questionnaire,Our security team has started the review. They flagged two questions on data residency and retention.,"Our security team has started the review. They flagged two questions on data residency and retention.

I want to flag that priorities have shifted since we last spoke.

-- Nina",1,0,2026-06-30 09:30:00,-0.29
EML-5222,THR-8054,ACC-1013,CNT-2055,DL-4152,priya.m@intellia.ai,nrostova@astramanufacturing.com,Outbound,Re: Security review questionnaire,Our security team has started the review. They flagged two questions on data residency and retention.,"Our security team has started the review. They flagged two questions on data residency and retention.

Flag anything I have missed and I will get it turned around.

-- Astra Manufacturing",1,0,2026-07-06 13:00:00,0.03
EML-5223,THR-8054,ACC-1013,CNT-2055,DL-4152,nrostova@astramanufacturing.com,priya.m@intellia.ai,Inbound,Re: Security review questionnaire,Our security team has started the review. They flagged two questions on data residency and retention.,"Our security team has started the review. They flagged two questions on data residency and retention.

Let me know what makes sense as a next step.

-- Nina",1,1,2026-07-07 14:30:00,0.01
EML-5224,THR-8054,ACC-1013,CNT-2055,DL-4152,priya.m@intellia.ai,nrostova@astramanufacturing.com,Outbound,Re: Security review questionnaire,Our security team has started the review. They flagged two questions on data residency and retention.,"Our security team has started the review. They flagged two questions on data residency and retention.

Happy to set up time if that is easier than email.

-- Astra Manufacturing",1,0,2026-07-02 09:45:00,0.02
EML-5225,THR-8055,ACC-1013,CNT-2055,DL-4032,priya.m@intellia.ai,nrostova@astramanufacturing.com,Outbound,Pilot success criteria,Here are the success criteria we would use to judge the pilot at the end of the period.,"Here are the success criteria we would use to judge the pilot at the end of the period.

Let me know what makes sense as a next step.

-- Astra Manufacturing",0,0,2026-05-24 09:45:00,0.12
EML-5226,THR-8055,ACC-1013,CNT-2055,DL-4032,nrostova@astramanufacturing.com,priya.m@intellia.ai,Inbound,Re: Pilot success criteria,Here are the success criteria we would use to judge the pilot at the end of the period.,"Here are the success criteria we would use to judge the pilot at the end of the period.

Glad this is landing. I will keep the internal team aligned.

-- Nina",1,0,2026-05-28 16:15:00,0.4
EML-5227,THR-8055,ACC-1013,CNT-2055,DL-4032,priya.m@intellia.ai,nrostova@astramanufacturing.com,Outbound,Re: Pilot success criteria,Here are the success criteria we would use to judge the pilot at the end of the period.,"Here are the success criteria we would use to judge the pilot at the end of the period.

Let me know what makes sense as a next step.

-- Astra Manufacturing",1,0,2026-06-01 14:45:00,0.27
EML-5228,THR-8055,ACC-1013,CNT-2055,DL-4032,nrostova@astramanufacturing.com,priya.m@intellia.ai,Inbound,Re: Pilot success criteria,Here are the success criteria we would use to judge the pilot at the end of the period.,"Here are the success criteria we would use to judge the pilot at the end of the period.

Glad this is landing. I will keep the internal team aligned.

-- Nina",1,1,2026-06-02 12:15:00,0.36
EML-5229,THR-8055,ACC-1013,CNT-2055,DL-4032,priya.m@intellia.ai,nrostova@astramanufacturing.com,Outbound,Re: Pilot success criteria,Here are the success criteria we would use to judge the pilot at the end of the period.,"Here are the success criteria we would use to judge the pilot at the end of the period.

This is tracking well on our side -- happy to move at your pace.

-- Astra Manufacturing",1,0,2026-05-28 13:30:00,0.46
EML-5230,THR-8055,ACC-1013,CNT-2055,DL-4032,nrostova@astramanufacturing.com,priya.m@intellia.ai,Inbound,Re: Pilot success criteria,Here are the success criteria we would use to judge the pilot at the end of the period.,"Here are the success criteria we would use to judge the pilot at the end of the period.

Let me know what makes sense as a next step.

-- Nina",1,1,2026-05-29 18:15:00,0.2
EML-5231,THR-8056,ACC-1014,CNT-2058,,michael.c@intellia.ai,dlewis@velocitycloud.com,Outbound,Pricing and packaging for the rollout,"Sharing the packaging options we discussed, with the ramp assumptions called out separately.","Sharing the packaging options we discussed, with the ramp assumptions called out separately.

Appreciate the momentum here. Let me know if anything else would help.

-- Velocity Cloud",0,0,2026-03-22 13:45:00,0.71
EML-5232,THR-8056,ACC-1014,CNT-2058,,dlewis@velocitycloud.com,michael.c@intellia.ai,Inbound,Re: Pricing and packaging for the rollout,"Sharing the packaging options we discussed, with the ramp assumptions called out separately.","Sharing the packaging options we discussed, with the ramp assumptions called out separately.

Appreciate the momentum here. Let me know if anything else would help.

-- Daniel",1,0,2026-03-23 11:30:00,0.81
EML-5233,THR-8056,ACC-1014,CNT-2058,,michael.c@intellia.ai,dlewis@velocitycloud.com,Outbound,Re: Pricing and packaging for the rollout,"Sharing the packaging options we discussed, with the ramp assumptions called out separately.","Sharing the packaging options we discussed, with the ramp assumptions called out separately.

This is tracking well on our side -- happy to move at your pace.

-- Velocity Cloud",1,0,2026-03-26 16:45:00,0.61
EML-5234,THR-8056,ACC-1014,CNT-2058,,dlewis@velocitycloud.com,michael.c@intellia.ai,Inbound,Re: Pricing and packaging for the rollout,"Sharing the packaging options we discussed, with the ramp assumptions called out separately.","Sharing the packaging options we discussed, with the ramp assumptions called out separately.

Appreciate the momentum here. Let me know if anything else would help.

-- Daniel",1,0,2026-03-31 14:15:00,0.79
EML-5235,THR-8057,ACC-1014,CNT-2059,DL-4093,michael.c@intellia.ai,mrostova@velocitycloud.com,Outbound,Integration architecture overview,Thanks for walking us through the architecture. The team had a few follow-ups on how the connector handles inc,"Thanks for walking us through the architecture. The team had a few follow-ups on how the connector handles incremental syncs.

We may need to push this out a cycle -- I will know more after the leadership review.

-- Velocity Cloud",0,0,2026-03-28 18:15:00,-0.49
EML-5236,THR-8057,ACC-1014,CNT-2059,DL-4093,mrostova@velocitycloud.com,michael.c@intellia.ai,Inbound,Re: Integration architecture overview,Thanks for walking us through the architecture. The team had a few follow-ups on how the connector handles inc,"Thanks for walking us through the architecture. The team had a few follow-ups on how the connector handles incremental syncs.

Being candid: the timing is getting difficult on our end given the budget review.

-- Megan",1,0,2026-03-31 12:15:00,-0.31
EML-5237,THR-8057,ACC-1014,CNT-2059,DL-4093,michael.c@intellia.ai,mrostova@velocitycloud.com,Outbound,Re: Integration architecture overview,Thanks for walking us through the architecture. The team had a few follow-ups on how the connector handles inc,"Thanks for walking us through the architecture. The team had a few follow-ups on how the connector handles incremental syncs.

I want to flag that priorities have shifted since we last spoke.

-- Velocity Cloud",1,1,2026-04-03 14:00:00,-0.44
EML-5238,THR-8057,ACC-1014,CNT-2059,DL-4093,mrostova@velocitycloud.com,michael.c@intellia.ai,Inbound,Re: Integration architecture overview,Thanks for walking us through the architecture. The team had a few follow-ups on how the connector handles inc,"Thanks for walking us through the architecture. The team had a few follow-ups on how the connector handles incremental syncs.

We may need to push this out a cycle -- I will know more after the leadership review.

-- Megan",1,0,2026-04-09 10:00:00,-0.49
EML-5239,THR-8058,ACC-1014,CNT-2057,DL-4033,michael.c@intellia.ai,mwhite@velocitycloud.com,Outbound,Security review questionnaire,Our security team has started the review. They flagged two questions on data residency and retention.,"Our security team has started the review. They flagged two questions on data residency and retention.

Flag anything I have missed and I will get it turned around.

-- Velocity Cloud",0,1,2026-08-09 11:30:00,0.01
EML-5240,THR-8058,ACC-1014,CNT-2057,DL-4033,mwhite@velocitycloud.com,michael.c@intellia.ai,Inbound,Re: Security review questionnaire,Our security team has started the review. They flagged two questions on data residency and retention.,"Our security team has started the review. They flagged two questions on data residency and retention.

Flag anything I have missed and I will get it turned around.

-- Mark",1,1,2026-08-11 17:00:00,-0.03
EML-5241,THR-8059,ACC-1014,CNT-2061,DL-4033,michael.c@intellia.ai,jmendez@velocitycloud.com,Outbound,Procurement paperwork,Procurement has the paperwork now. Flagging the two fields they need from your side to move it forward.,"Procurement has the paperwork now. Flagging the two fields they need from your side to move it forward.

I want to flag that priorities have shifted since we last spoke.

-- Velocity Cloud",0,0,2026-04-06 10:30:00,-0.34
EML-5242,THR-8059,ACC-1014,CNT-2061,DL-4033,jmendez@velocitycloud.com,michael.c@intellia.ai,Inbound,Re: Procurement paperwork,Procurement has the paperwork now. Flagging the two fields they need from your side to move it forward.,"Procurement has the paperwork now. Flagging the two fields they need from your side to move it forward.

Being candid: the timing is getting difficult on our end given the budget review.

-- Jessica",1,1,2026-04-10 08:30:00,-0.52
EML-5243,THR-8059,ACC-1014,CNT-2061,DL-4033,michael.c@intellia.ai,jmendez@velocitycloud.com,Outbound,Re: Procurement paperwork,Procurement has the paperwork now. Flagging the two fields they need from your side to move it forward.,"Procurement has the paperwork now. Flagging the two fields they need from your side to move it forward.

Being candid: the timing is getting difficult on our end given the budget review.

-- Velocity Cloud",1,0,2026-04-12 13:30:00,-0.3
EML-5244,THR-8059,ACC-1014,CNT-2061,DL-4033,jmendez@velocitycloud.com,michael.c@intellia.ai,Inbound,Re: Procurement paperwork,Procurement has the paperwork now. Flagging the two fields they need from your side to move it forward.,"Procurement has the paperwork now. Flagging the two fields they need from your side to move it forward.

We may need to push this out a cycle -- I will know more after the leadership review.

-- Jessica",1,1,2026-04-12 10:30:00,-0.33
EML-5245,THR-8059,ACC-1014,CNT-2061,DL-4033,michael.c@intellia.ai,jmendez@velocitycloud.com,Outbound,Re: Procurement paperwork,Procurement has the paperwork now. Flagging the two fields they need from your side to move it forward.,"Procurement has the paperwork now. Flagging the two fields they need from your side to move it forward.

Being candid: the timing is getting difficult on our end given the budget review.

-- Velocity Cloud",1,0,2026-04-14 10:45:00,-0.65
EML-5246,THR-8060,ACC-1015,CNT-2063,DL-4034,brian.m@intellia.ai,rdiaz@horizonventures.com,Outbound,Integration architecture overview,Thanks for walking us through the architecture. The team had a few follow-ups on how the connector handles inc,"Thanks for walking us through the architecture. The team had a few follow-ups on how the connector handles incremental syncs.

Flag anything I have missed and I will get it turned around.

-- Horizon Ventures",0,0,2026-07-25 13:45:00,-0.17
EML-5247,THR-8060,ACC-1015,CNT-2063,DL-4034,rdiaz@horizonventures.com,brian.m@intellia.ai,Inbound,Re: Integration architecture overview,Thanks for walking us through the architecture. The team had a few follow-ups on how the connector handles inc,"Thanks for walking us through the architecture. The team had a few follow-ups on how the connector handles incremental syncs.

I want to flag that priorities have shifted since we last spoke.

-- Rachel",1,0,2026-07-26 14:30:00,-0.48
EML-5248,THR-8060,ACC-1015,CNT-2063,DL-4034,brian.m@intellia.ai,rdiaz@horizonventures.com,Outbound,Re: Integration architecture overview,Thanks for walking us through the architecture. The team had a few follow-ups on how the connector handles inc,"Thanks for walking us through the architecture. The team had a few follow-ups on how the connector handles incremental syncs.

Being candid: the timing is getting difficult on our end given the budget review.

-- Horizon Ventures",1,0,2026-08-02 12:45:00,-0.25
EML-5249,THR-8060,ACC-1015,CNT-2063,DL-4034,rdiaz@horizonventures.com,brian.m@intellia.ai,Inbound,Re: Integration architecture overview,Thanks for walking us through the architecture. The team had a few follow-ups on how the connector handles inc,"Thanks for walking us through the architecture. The team had a few follow-ups on how the connector handles incremental syncs.

We may need to push this out a cycle -- I will know more after the leadership review.

-- Rachel",1,0,2026-08-03 09:15:00,-0.5
EML-5250,THR-8060,ACC-1015,CNT-2063,DL-4034,brian.m@intellia.ai,rdiaz@horizonventures.com,Outbound,Re: Integration architecture overview,Thanks for walking us through the architecture. The team had a few follow-ups on how the connector handles inc,"Thanks for walking us through the architecture. The team had a few follow-ups on how the connector handles incremental syncs.

We may need to push this out a cycle -- I will know more after the leadership review.

-- Horizon Ventures",1,0,2026-08-06 08:30:00,-0.51
EML-5251,THR-8061,ACC-1015,CNT-2063,,brian.m@intellia.ai,rdiaz@horizonventures.com,Outbound,Pilot success criteria,Here are the success criteria we would use to judge the pilot at the end of the period.,"Here are the success criteria we would use to judge the pilot at the end of the period.

Let me know what makes sense as a next step.

-- Horizon Ventures",0,0,2026-03-18 14:45:00,0.02
EML-5252,THR-8061,ACC-1015,CNT-2063,,rdiaz@horizonventures.com,brian.m@intellia.ai,Inbound,Re: Pilot success criteria,Here are the success criteria we would use to judge the pilot at the end of the period.,"Here are the success criteria we would use to judge the pilot at the end of the period.

Let me know what makes sense as a next step.

-- Rachel",1,0,2026-03-19 11:15:00,0.26
EML-5253,THR-8062,ACC-1016,CNT-2068,DL-4155,sophia.t@intellia.ai,sthomas@pinnaclesoftware.com,Outbound,Renewal timing and scope,Wanted to get ahead of the renewal date so we have room to align on scope before the deadline.,"Wanted to get ahead of the renewal date so we have room to align on scope before the deadline.

Appreciate the momentum here. Let me know if anything else would help.

-- Pinnacle Software",0,0,2026-08-03 14:45:00,0.54
EML-5254,THR-8062,ACC-1016,CNT-2068,DL-4155,sthomas@pinnaclesoftware.com,sophia.t@intellia.ai,Inbound,Re: Renewal timing and scope,Wanted to get ahead of the renewal date so we have room to align on scope before the deadline.,"Wanted to get ahead of the renewal date so we have room to align on scope before the deadline.

This is tracking well on our side -- happy to move at your pace.

-- Sophia",1,0,2026-08-04 13:15:00,0.48
EML-5255,THR-8062,ACC-1016,CNT-2068,DL-4155,sophia.t@intellia.ai,sthomas@pinnaclesoftware.com,Outbound,Re: Renewal timing and scope,Wanted to get ahead of the renewal date so we have room to align on scope before the deadline.,"Wanted to get ahead of the renewal date so we have room to align on scope before the deadline.

Glad this is landing. I will keep the internal team aligned.

-- Pinnacle Software",1,0,2026-08-11 16:30:00,0.62
EML-5256,THR-8062,ACC-1016,CNT-2068,DL-4155,sthomas@pinnaclesoftware.com,sophia.t@intellia.ai,Inbound,Re: Renewal timing and scope,Wanted to get ahead of the renewal date so we have room to align on scope before the deadline.,"Wanted to get ahead of the renewal date so we have room to align on scope before the deadline.

Appreciate the momentum here. Let me know if anything else would help.

-- Sophia",1,0,2026-08-12 08:00:00,0.46
EML-5257,THR-8062,ACC-1016,CNT-2068,DL-4155,sophia.t@intellia.ai,sthomas@pinnaclesoftware.com,Outbound,Re: Renewal timing and scope,Wanted to get ahead of the renewal date so we have room to align on scope before the deadline.,"Wanted to get ahead of the renewal date so we have room to align on scope before the deadline.

This is tracking well on our side -- happy to move at your pace.

-- Pinnacle Software",1,1,2026-08-11 12:45:00,0.58
EML-5258,THR-8063,ACC-1016,CNT-2069,DL-4155,sophia.t@intellia.ai,rsharma@pinnaclesoftware.com,Outbound,Following up on our discovery call,Great speaking earlier. Capturing what we agreed so nothing slips between now and the next session.,"Great speaking earlier. Capturing what we agreed so nothing slips between now and the next session.

Flag anything I have missed and I will get it turned around.

-- Pinnacle Software",0,0,2026-04-30 11:45:00,-0.19
EML-5259,THR-8063,ACC-1016,CNT-2069,DL-4155,rsharma@pinnaclesoftware.com,sophia.t@intellia.ai,Inbound,Re: Following up on our discovery call,Great speaking earlier. Capturing what we agreed so nothing slips between now and the next session.,"Great speaking earlier. Capturing what we agreed so nothing slips between now and the next session.

Being candid: the timing is getting difficult on our end given the budget review.

-- Rachel",1,0,2026-05-01 18:30:00,-0.38
EML-5260,THR-8063,ACC-1016,CNT-2069,DL-4155,sophia.t@intellia.ai,rsharma@pinnaclesoftware.com,Outbound,Re: Following up on our discovery call,Great speaking earlier. Capturing what we agreed so nothing slips between now and the next session.,"Great speaking earlier. Capturing what we agreed so nothing slips between now and the next session.

I want to flag that priorities have shifted since we last spoke.

-- Pinnacle Software",1,0,2026-05-02 17:45:00,-0.31
EML-5261,THR-8063,ACC-1016,CNT-2069,DL-4155,rsharma@pinnaclesoftware.com,sophia.t@intellia.ai,Inbound,Re: Following up on our discovery call,Great speaking earlier. Capturing what we agreed so nothing slips between now and the next session.,"Great speaking earlier. Capturing what we agreed so nothing slips between now and the next session.

Flag anything I have missed and I will get it turned around.

-- Rachel",1,0,2026-05-03 15:30:00,-0.07
EML-5262,THR-8063,ACC-1016,CNT-2069,DL-4155,sophia.t@intellia.ai,rsharma@pinnaclesoftware.com,Outbound,Re: Following up on our discovery call,Great speaking earlier. Capturing what we agreed so nothing slips between now and the next session.,"Great speaking earlier. Capturing what we agreed so nothing slips between now and the next session.

I want to flag that priorities have shifted since we last spoke.

-- Pinnacle Software",1,0,2026-05-16 12:15:00,-0.32
EML-5263,THR-8064,ACC-1016,CNT-2069,DL-4155,sophia.t@intellia.ai,rsharma@pinnaclesoftware.com,Outbound,Renewal timing and scope,Wanted to get ahead of the renewal date so we have room to align on scope before the deadline.,"Wanted to get ahead of the renewal date so we have room to align on scope before the deadline.

Happy to set up time if that is easier than email.

-- Pinnacle Software",0,0,2026-04-06 18:00:00,0.22
EML-5264,THR-8064,ACC-1016,CNT-2069,DL-4155,rsharma@pinnaclesoftware.com,sophia.t@intellia.ai,Inbound,Re: Renewal timing and scope,Wanted to get ahead of the renewal date so we have room to align on scope before the deadline.,"Wanted to get ahead of the renewal date so we have room to align on scope before the deadline.

Let me know what makes sense as a next step.

-- Rachel",1,0,2026-04-08 12:15:00,-0.02
EML-5265,THR-8064,ACC-1016,CNT-2069,DL-4155,sophia.t@intellia.ai,rsharma@pinnaclesoftware.com,Outbound,Re: Renewal timing and scope,Wanted to get ahead of the renewal date so we have room to align on scope before the deadline.,"Wanted to get ahead of the renewal date so we have room to align on scope before the deadline.

Flag anything I have missed and I will get it turned around.

-- Pinnacle Software",1,0,2026-04-08 08:00:00,0.1
EML-5266,THR-8064,ACC-1016,CNT-2069,DL-4155,rsharma@pinnaclesoftware.com,sophia.t@intellia.ai,Inbound,Re: Renewal timing and scope,Wanted to get ahead of the renewal date so we have room to align on scope before the deadline.,"Wanted to get ahead of the renewal date so we have room to align on scope before the deadline.

Let me know what makes sense as a next step.

-- Rachel",1,0,2026-04-18 10:30:00,-0.07
EML-5267,THR-8065,ACC-1017,CNT-2073,DL-4156,daniel.w@intellia.ai,lthomas@aetherdigital.com,Outbound,Security review questionnaire,Our security team has started the review. They flagged two questions on data residency and retention.,"Our security team has started the review. They flagged two questions on data residency and retention.

Let me know what makes sense as a next step.

-- Aether Digital",0,0,2026-04-24 14:00:00,-0.05
EML-5268,THR-8065,ACC-1017,CNT-2073,DL-4156,lthomas@aetherdigital.com,daniel.w@intellia.ai,Inbound,Re: Security review questionnaire,Our security team has started the review. They flagged two questions on data residency and retention.,"Our security team has started the review. They flagged two questions on data residency and retention.

We may need to push this out a cycle -- I will know more after the leadership review.

-- Laura",1,0,2026-04-25 13:00:00,-0.25
EML-5269,THR-8065,ACC-1017,CNT-2073,DL-4156,daniel.w@intellia.ai,lthomas@aetherdigital.com,Outbound,Re: Security review questionnaire,Our security team has started the review. They flagged two questions on data residency and retention.,"Our security team has started the review. They flagged two questions on data residency and retention.

Flag anything I have missed and I will get it turned around.

-- Aether Digital",1,0,2026-05-02 09:45:00,-0.09
EML-5270,THR-8065,ACC-1017,CNT-2073,DL-4156,lthomas@aetherdigital.com,daniel.w@intellia.ai,Inbound,Re: Security review questionnaire,Our security team has started the review. They flagged two questions on data residency and retention.,"Our security team has started the review. They flagged two questions on data residency and retention.

Being candid: the timing is getting difficult on our end given the budget review.

-- Laura",1,0,2026-04-30 08:15:00,-0.24
EML-5271,THR-8065,ACC-1017,CNT-2073,DL-4156,daniel.w@intellia.ai,lthomas@aetherdigital.com,Outbound,Re: Security review questionnaire,Our security team has started the review. They flagged two questions on data residency and retention.,"Our security team has started the review. They flagged two questions on data residency and retention.

Being candid: the timing is getting difficult on our end given the budget review.

-- Aether Digital",1,0,2026-05-02 12:30:00,-0.32
EML-5272,THR-8066,ACC-1017,CNT-2074,DL-4156,daniel.w@intellia.ai,jthomas@aetherdigital.com,Outbound,Following up on our discovery call,Great speaking earlier. Capturing what we agreed so nothing slips between now and the next session.,"Great speaking earlier. Capturing what we agreed so nothing slips between now and the next session.

Let me know what makes sense as a next step.

-- Aether Digital",0,0,2026-04-30 17:00:00,0.32
EML-5273,THR-8066,ACC-1017,CNT-2074,DL-4156,jthomas@aetherdigital.com,daniel.w@intellia.ai,Inbound,Re: Following up on our discovery call,Great speaking earlier. Capturing what we agreed so nothing slips between now and the next session.,"Great speaking earlier. Capturing what we agreed so nothing slips between now and the next session.

Happy to set up time if that is easier than email.

-- Jessica",1,0,2026-05-04 18:15:00,0.27
EML-5274,THR-8066,ACC-1017,CNT-2074,DL-4156,daniel.w@intellia.ai,jthomas@aetherdigital.com,Outbound,Re: Following up on our discovery call,Great speaking earlier. Capturing what we agreed so nothing slips between now and the next session.,"Great speaking earlier. Capturing what we agreed so nothing slips between now and the next session.

This is tracking well on our side -- happy to move at your pace.

-- Aether Digital",1,0,2026-05-04 18:30:00,0.42
EML-5275,THR-8066,ACC-1017,CNT-2074,DL-4156,jthomas@aetherdigital.com,daniel.w@intellia.ai,Inbound,Re: Following up on our discovery call,Great speaking earlier. Capturing what we agreed so nothing slips between now and the next session.,"Great speaking earlier. Capturing what we agreed so nothing slips between now and the next session.

Let me know what makes sense as a next step.

-- Jessica",1,1,2026-05-03 11:30:00,0.25
EML-5276,THR-8066,ACC-1017,CNT-2074,DL-4156,daniel.w@intellia.ai,jthomas@aetherdigital.com,Outbound,Re: Following up on our discovery call,Great speaking earlier. Capturing what we agreed so nothing slips between now and the next session.,"Great speaking earlier. Capturing what we agreed so nothing slips between now and the next session.

Appreciate the momentum here. Let me know if anything else would help.

-- Aether Digital",1,0,2026-05-16 08:30:00,0.36
EML-5277,THR-8067,ACC-1018,CNT-2075,,laura.a@intellia.ai,tfischer@luminahealth.com,Outbound,Renewal timing and scope,Wanted to get ahead of the renewal date so we have room to align on scope before the deadline.,"Wanted to get ahead of the renewal date so we have room to align on scope before the deadline.

Happy to set up time if that is easier than email.

-- Lumina Health",0,1,2026-05-29 10:45:00,0.0
EML-5278,THR-8067,ACC-1018,CNT-2075,,tfischer@luminahealth.com,laura.a@intellia.ai,Inbound,Re: Renewal timing and scope,Wanted to get ahead of the renewal date so we have room to align on scope before the deadline.,"Wanted to get ahead of the renewal date so we have room to align on scope before the deadline.

Being candid: the timing is getting difficult on our end given the budget review.

-- Tom",1,0,2026-06-02 08:00:00,-0.25
EML-5279,THR-8068,ACC-1018,CNT-2075,DL-4037,laura.a@intellia.ai,tfischer@luminahealth.com,Outbound,Following up on our discovery call,Great speaking earlier. Capturing what we agreed so nothing slips between now and the next session.,"Great speaking earlier. Capturing what we agreed so nothing slips between now and the next session.

Flag anything I have missed and I will get it turned around.

-- Lumina Health",0,0,2026-07-14 13:30:00,0.25
EML-5280,THR-8068,ACC-1018,CNT-2075,DL-4037,tfischer@luminahealth.com,laura.a@intellia.ai,Inbound,Re: Following up on our discovery call,Great speaking earlier. Capturing what we agreed so nothing slips between now and the next session.,"Great speaking earlier. Capturing what we agreed so nothing slips between now and the next session.

Glad this is landing. I will keep the internal team aligned.

-- Tom",1,0,2026-07-17 12:15:00,0.36
EML-5281,THR-8069,ACC-1018,CNT-2077,DL-4037,laura.a@intellia.ai,vadams@luminahealth.com,Outbound,Pilot success criteria,Here are the success criteria we would use to judge the pilot at the end of the period.,"Here are the success criteria we would use to judge the pilot at the end of the period.

Let me know what makes sense as a next step.

-- Lumina Health",0,1,2026-06-11 18:00:00,-0.19
EML-5282,THR-8069,ACC-1018,CNT-2077,DL-4037,vadams@luminahealth.com,laura.a@intellia.ai,Inbound,Re: Pilot success criteria,Here are the success criteria we would use to judge the pilot at the end of the period.,"Here are the success criteria we would use to judge the pilot at the end of the period.

Happy to set up time if that is easier than email.

-- Victor",1,0,2026-06-12 10:45:00,-0.05
EML-5283,THR-8070,ACC-1019,CNT-2085,DL-4038,tom.c@intellia.ai,dmiller@crestsolutions.com,Outbound,Following up on our discovery call,Great speaking earlier. Capturing what we agreed so nothing slips between now and the next session.,"Great speaking earlier. Capturing what we agreed so nothing slips between now and the next session.

Glad this is landing. I will keep the internal team aligned.

-- Crest Solutions",0,0,2026-06-01 09:45:00,0.48
EML-5284,THR-8070,ACC-1019,CNT-2085,DL-4038,dmiller@crestsolutions.com,tom.c@intellia.ai,Inbound,Re: Following up on our discovery call,Great speaking earlier. Capturing what we agreed so nothing slips between now and the next session.,"Great speaking earlier. Capturing what we agreed so nothing slips between now and the next session.

This is tracking well on our side -- happy to move at your pace.

-- David",1,0,2026-06-02 15:30:00,0.79
EML-5285,THR-8070,ACC-1019,CNT-2085,DL-4038,tom.c@intellia.ai,dmiller@crestsolutions.com,Outbound,Re: Following up on our discovery call,Great speaking earlier. Capturing what we agreed so nothing slips between now and the next session.,"Great speaking earlier. Capturing what we agreed so nothing slips between now and the next session.

This is tracking well on our side -- happy to move at your pace.

-- Crest Solutions",1,0,2026-06-07 18:00:00,0.61
EML-5286,THR-8070,ACC-1019,CNT-2085,DL-4038,dmiller@crestsolutions.com,tom.c@intellia.ai,Inbound,Re: Following up on our discovery call,Great speaking earlier. Capturing what we agreed so nothing slips between now and the next session.,"Great speaking earlier. Capturing what we agreed so nothing slips between now and the next session.

Glad this is landing. I will keep the internal team aligned.

-- David",1,0,2026-06-07 09:30:00,0.59
EML-5287,THR-8071,ACC-1019,CNT-2082,,tom.c@intellia.ai,mwhite@crestsolutions.com,Outbound,Pricing and packaging for the rollout,"Sharing the packaging options we discussed, with the ramp assumptions called out separately.","Sharing the packaging options we discussed, with the ramp assumptions called out separately.

Appreciate the momentum here. Let me know if anything else would help.

-- Crest Solutions",0,0,2026-07-08 15:00:00,0.59
EML-5288,THR-8071,ACC-1019,CNT-2082,,mwhite@crestsolutions.com,tom.c@intellia.ai,Inbound,Re: Pricing and packaging for the rollout,"Sharing the packaging options we discussed, with the ramp assumptions called out separately.","Sharing the packaging options we discussed, with the ramp assumptions called out separately.

Glad this is landing. I will keep the internal team aligned.

-- Mark",1,1,2026-07-12 09:00:00,0.4
EML-5289,THR-8071,ACC-1019,CNT-2082,,tom.c@intellia.ai,mwhite@crestsolutions.com,Outbound,Re: Pricing and packaging for the rollout,"Sharing the packaging options we discussed, with the ramp assumptions called out separately.","Sharing the packaging options we discussed, with the ramp assumptions called out separately.

Flag anything I have missed and I will get it turned around.

-- Crest Solutions",1,0,2026-07-12 11:15:00,0.3
EML-5290,THR-8071,ACC-1019,CNT-2082,,mwhite@crestsolutions.com,tom.c@intellia.ai,Inbound,Re: Pricing and packaging for the rollout,"Sharing the packaging options we discussed, with the ramp assumptions called out separately.","Sharing the packaging options we discussed, with the ramp assumptions called out separately.

Glad this is landing. I will keep the internal team aligned.

-- Mark",1,0,2026-07-14 10:15:00,0.38
EML-5291,THR-8071,ACC-1019,CNT-2082,,tom.c@intellia.ai,mwhite@crestsolutions.com,Outbound,Re: Pricing and packaging for the rollout,"Sharing the packaging options we discussed, with the ramp assumptions called out separately.","Sharing the packaging options we discussed, with the ramp assumptions called out separately.

Let me know what makes sense as a next step.

-- Crest Solutions",1,1,2026-07-24 18:00:00,0.31
EML-5292,THR-8072,ACC-1019,CNT-2081,,tom.c@intellia.ai,pwalker@crestsolutions.com,Outbound,Integration architecture overview,Thanks for walking us through the architecture. The team had a few follow-ups on how the connector handles inc,"Thanks for walking us through the architecture. The team had a few follow-ups on how the connector handles incremental syncs.

This is tracking well on our side -- happy to move at your pace.

-- Crest Solutions",0,1,2026-05-17 08:45:00,0.37
EML-5293,THR-8072,ACC-1019,CNT-2081,,pwalker@crestsolutions.com,tom.c@intellia.ai,Inbound,Re: Integration architecture overview,Thanks for walking us through the architecture. The team had a few follow-ups on how the connector handles inc,"Thanks for walking us through the architecture. The team had a few follow-ups on how the connector handles incremental syncs.

This is tracking well on our side -- happy to move at your pace.

-- Priya",1,0,2026-05-19 16:30:00,0.45
EML-5294,THR-8072,ACC-1019,CNT-2081,,tom.c@intellia.ai,pwalker@crestsolutions.com,Outbound,Re: Integration architecture overview,Thanks for walking us through the architecture. The team had a few follow-ups on how the connector handles inc,"Thanks for walking us through the architecture. The team had a few follow-ups on how the connector handles incremental syncs.

Glad this is landing. I will keep the internal team aligned.

-- Crest Solutions",1,0,2026-05-21 17:45:00,0.49
EML-5295,THR-8072,ACC-1019,CNT-2081,,pwalker@crestsolutions.com,tom.c@intellia.ai,Inbound,Re: Integration architecture overview,Thanks for walking us through the architecture. The team had a few follow-ups on how the connector handles inc,"Thanks for walking us through the architecture. The team had a few follow-ups on how the connector handles incremental syncs.

Glad this is landing. I will keep the internal team aligned.

-- Priya",1,0,2026-05-29 10:00:00,0.58
EML-5296,THR-8073,ACC-1019,CNT-2084,DL-4158,tom.c@intellia.ai,anovak@crestsolutions.com,Outbound,Pricing and packaging for the rollout,"Sharing the packaging options we discussed, with the ramp assumptions called out separately.","Sharing the packaging options we discussed, with the ramp assumptions called out separately.

Let me know what makes sense as a next step.

-- Crest Solutions",0,0,2026-06-15 12:15:00,-0.12
EML-5297,THR-8073,ACC-1019,CNT-2084,DL-4158,anovak@crestsolutions.com,tom.c@intellia.ai,Inbound,Re: Pricing and packaging for the rollout,"Sharing the packaging options we discussed, with the ramp assumptions called out separately.","Sharing the packaging options we discussed, with the ramp assumptions called out separately.

Being candid: the timing is getting difficult on our end given the budget review.

-- Amanda",1,1,2026-06-19 17:00:00,-0.31
EML-5298,THR-8073,ACC-1019,CNT-2084,DL-4158,tom.c@intellia.ai,anovak@crestsolutions.com,Outbound,Re: Pricing and packaging for the rollout,"Sharing the packaging options we discussed, with the ramp assumptions called out separately.","Sharing the packaging options we discussed, with the ramp assumptions called out separately.

Flag anything I have missed and I will get it turned around.

-- Crest Solutions",1,1,2026-06-17 15:45:00,-0.17
EML-5299,THR-8073,ACC-1019,CNT-2084,DL-4158,anovak@crestsolutions.com,tom.c@intellia.ai,Inbound,Re: Pricing and packaging for the rollout,"Sharing the packaging options we discussed, with the ramp assumptions called out separately.","Sharing the packaging options we discussed, with the ramp assumptions called out separately.

Flag anything I have missed and I will get it turned around.

-- Amanda",1,0,2026-06-27 09:00:00,0.03
EML-5300,THR-8074,ACC-1020,CNT-2086,DL-4099,jessica.c@intellia.ai,omartin@tridentcorp.com,Outbound,Executive briefing logistics,Confirming logistics for the executive briefing and who we expect in the room.,"Confirming logistics for the executive briefing and who we expect in the room.

I want to flag that priorities have shifted since we last spoke.

-- Trident Corp",0,0,2026-06-25 15:00:00,-0.37
EML-5301,THR-8074,ACC-1020,CNT-2086,DL-4099,omartin@tridentcorp.com,jessica.c@intellia.ai,Inbound,Re: Executive briefing logistics,Confirming logistics for the executive briefing and who we expect in the room.,"Confirming logistics for the executive briefing and who we expect in the room.

We may need to push this out a cycle -- I will know more after the leadership review.

-- Omar",1,0,2026-06-29 08:30:00,-0.41
EML-5302,THR-8074,ACC-1020,CNT-2086,DL-4099,jessica.c@intellia.ai,omartin@tridentcorp.com,Outbound,Re: Executive briefing logistics,Confirming logistics for the executive briefing and who we expect in the room.,"Confirming logistics for the executive briefing and who we expect in the room.

Being candid: the timing is getting difficult on our end given the budget review.

-- Trident Corp",1,1,2026-07-01 12:00:00,-0.64
EML-5303,THR-8075,ACC-1020,CNT-2086,DL-4159,jessica.c@intellia.ai,omartin@tridentcorp.com,Outbound,Security review questionnaire,Our security team has started the review. They flagged two questions on data residency and retention.,"Our security team has started the review. They flagged two questions on data residency and retention.

Happy to set up time if that is easier than email.

-- Trident Corp",0,1,2026-04-05 16:00:00,0.21
EML-5304,THR-8075,ACC-1020,CNT-2086,DL-4159,omartin@tridentcorp.com,jessica.c@intellia.ai,Inbound,Re: Security review questionnaire,Our security team has started the review. They flagged two questions on data residency and retention.,"Our security team has started the review. They flagged two questions on data residency and retention.

Let me know what makes sense as a next step.

-- Omar",1,0,2026-04-09 16:30:00,0.21
EML-5305,THR-8075,ACC-1020,CNT-2086,DL-4159,jessica.c@intellia.ai,omartin@tridentcorp.com,Outbound,Re: Security review questionnaire,Our security team has started the review. They flagged two questions on data residency and retention.,"Our security team has started the review. They flagged two questions on data residency and retention.

Happy to set up time if that is easier than email.

-- Trident Corp",1,0,2026-04-07 12:15:00,-0.03
EML-5306,THR-8076,ACC-1020,CNT-2086,DL-4039,jessica.c@intellia.ai,omartin@tridentcorp.com,Outbound,Following up on our discovery call,Great speaking earlier. Capturing what we agreed so nothing slips between now and the next session.,"Great speaking earlier. Capturing what we agreed so nothing slips between now and the next session.

Flag anything I have missed and I will get it turned around.

-- Trident Corp",0,0,2026-08-07 12:00:00,0.13
EML-5307,THR-8076,ACC-1020,CNT-2086,DL-4039,omartin@tridentcorp.com,jessica.c@intellia.ai,Inbound,Re: Following up on our discovery call,Great speaking earlier. Capturing what we agreed so nothing slips between now and the next session.,"Great speaking earlier. Capturing what we agreed so nothing slips between now and the next session.

Happy to set up time if that is easier than email.

-- Omar",1,0,2026-08-09 09:30:00,0.2
EML-5308,THR-8076,ACC-1020,CNT-2086,DL-4039,jessica.c@intellia.ai,omartin@tridentcorp.com,Outbound,Re: Following up on our discovery call,Great speaking earlier. Capturing what we agreed so nothing slips between now and the next session.,"Great speaking earlier. Capturing what we agreed so nothing slips between now and the next session.

Flag anything I have missed and I will get it turned around.

-- Trident Corp",1,1,2026-08-13 13:00:00,0.14
EML-5309,THR-8076,ACC-1020,CNT-2086,DL-4039,omartin@tridentcorp.com,jessica.c@intellia.ai,Inbound,Re: Following up on our discovery call,Great speaking earlier. Capturing what we agreed so nothing slips between now and the next session.,"Great speaking earlier. Capturing what we agreed so nothing slips between now and the next session.

Let me know what makes sense as a next step.

-- Omar",1,0,2026-08-13 16:30:00,0.11
EML-5310,THR-8076,ACC-1020,CNT-2086,DL-4039,jessica.c@intellia.ai,omartin@tridentcorp.com,Outbound,Re: Following up on our discovery call,Great speaking earlier. Capturing what we agreed so nothing slips between now and the next session.,"Great speaking earlier. Capturing what we agreed so nothing slips between now and the next session.

Happy to set up time if that is easier than email.

-- Trident Corp",1,0,2026-08-13 15:00:00,0.15
EML-5311,THR-8076,ACC-1020,CNT-2086,DL-4039,omartin@tridentcorp.com,jessica.c@intellia.ai,Inbound,Re: Following up on our discovery call,Great speaking earlier. Capturing what we agreed so nothing slips between now and the next session.,"Great speaking earlier. Capturing what we agreed so nothing slips between now and the next session.

Let me know what makes sense as a next step.

-- Omar",1,1,2026-08-13 08:00:00,0.2
EML-5312,THR-8077,ACC-1020,CNT-2087,,jessica.c@intellia.ai,otaylor@tridentcorp.com,Outbound,Renewal timing and scope,Wanted to get ahead of the renewal date so we have room to align on scope before the deadline.,"Wanted to get ahead of the renewal date so we have room to align on scope before the deadline.

This is tracking well on our side -- happy to move at your pace.

-- Trident Corp",0,0,2026-07-10 08:30:00,0.41
EML-5313,THR-8077,ACC-1020,CNT-2087,,otaylor@tridentcorp.com,jessica.c@intellia.ai,Inbound,Re: Renewal timing and scope,Wanted to get ahead of the renewal date so we have room to align on scope before the deadline.,"Wanted to get ahead of the renewal date so we have room to align on scope before the deadline.

Glad this is landing. I will keep the internal team aligned.

-- Omar",1,0,2026-07-13 12:00:00,0.42
EML-5314,THR-8077,ACC-1020,CNT-2087,,jessica.c@intellia.ai,otaylor@tridentcorp.com,Outbound,Re: Renewal timing and scope,Wanted to get ahead of the renewal date so we have room to align on scope before the deadline.,"Wanted to get ahead of the renewal date so we have room to align on scope before the deadline.

Happy to set up time if that is easier than email.

-- Trident Corp",1,0,2026-07-12 17:15:00,0.3
EML-5315,THR-8077,ACC-1020,CNT-2087,,otaylor@tridentcorp.com,jessica.c@intellia.ai,Inbound,Re: Renewal timing and scope,Wanted to get ahead of the renewal date so we have room to align on scope before the deadline.,"Wanted to get ahead of the renewal date so we have room to align on scope before the deadline.

Flag anything I have missed and I will get it turned around.

-- Omar",1,0,2026-07-19 11:00:00,0.34
EML-5316,THR-8077,ACC-1020,CNT-2087,,jessica.c@intellia.ai,otaylor@tridentcorp.com,Outbound,Re: Renewal timing and scope,Wanted to get ahead of the renewal date so we have room to align on scope before the deadline.,"Wanted to get ahead of the renewal date so we have room to align on scope before the deadline.

Happy to set up time if that is easier than email.

-- Trident Corp",1,0,2026-07-26 18:30:00,0.29
EML-5317,THR-8077,ACC-1020,CNT-2087,,otaylor@tridentcorp.com,jessica.c@intellia.ai,Inbound,Re: Renewal timing and scope,Wanted to get ahead of the renewal date so we have room to align on scope before the deadline.,"Wanted to get ahead of the renewal date so we have room to align on scope before the deadline.

Let me know what makes sense as a next step.

-- Omar",1,0,2026-07-20 13:15:00,0.32
EML-5318,THR-8078,ACC-1020,CNT-2088,DL-4099,jessica.c@intellia.ai,ethomas@tridentcorp.com,Outbound,Pricing and packaging for the rollout,"Sharing the packaging options we discussed, with the ramp assumptions called out separately.","Sharing the packaging options we discussed, with the ramp assumptions called out separately.

Let me know what makes sense as a next step.

-- Trident Corp",0,0,2026-04-25 10:15:00,0.09
EML-5319,THR-8078,ACC-1020,CNT-2088,DL-4099,ethomas@tridentcorp.com,jessica.c@intellia.ai,Inbound,Re: Pricing and packaging for the rollout,"Sharing the packaging options we discussed, with the ramp assumptions called out separately.","Sharing the packaging options we discussed, with the ramp assumptions called out separately.

Let me know what makes sense as a next step.

-- Elena",1,0,2026-04-29 10:00:00,0.03
EML-5320,THR-8078,ACC-1020,CNT-2088,DL-4099,jessica.c@intellia.ai,ethomas@tridentcorp.com,Outbound,Re: Pricing and packaging for the rollout,"Sharing the packaging options we discussed, with the ramp assumptions called out separately.","Sharing the packaging options we discussed, with the ramp assumptions called out separately.

Flag anything I have missed and I will get it turned around.

-- Trident Corp",1,1,2026-04-29 10:15:00,-0.06
EML-5321,THR-8079,ACC-1021,CNT-2089,DL-4160,elena.b@intellia.ai,jmiller@beaconutilities.com,Outbound,Security review questionnaire,Our security team has started the review. They flagged two questions on data residency and retention.,"Our security team has started the review. They flagged two questions on data residency and retention.

Glad this is landing. I will keep the internal team aligned.

-- Beacon Utilities",0,0,2026-04-17 14:00:00,0.51
EML-5322,THR-8079,ACC-1021,CNT-2089,DL-4160,jmiller@beaconutilities.com,elena.b@intellia.ai,Inbound,Re: Security review questionnaire,Our security team has started the review. They flagged two questions on data residency and retention.,"Our security team has started the review. They flagged two questions on data residency and retention.

Glad this is landing. I will keep the internal team aligned.

-- James",1,1,2026-04-18 14:15:00,0.37
EML-5323,THR-8079,ACC-1021,CNT-2089,DL-4160,elena.b@intellia.ai,jmiller@beaconutilities.com,Outbound,Re: Security review questionnaire,Our security team has started the review. They flagged two questions on data residency and retention.,"Our security team has started the review. They flagged two questions on data residency and retention.

Let me know what makes sense as a next step.

-- Beacon Utilities",1,0,2026-04-21 13:45:00,0.2
EML-5324,THR-8080,ACC-1021,CNT-2089,DL-4100,elena.b@intellia.ai,jmiller@beaconutilities.com,Outbound,Procurement paperwork,Procurement has the paperwork now. Flagging the two fields they need from your side to move it forward.,"Procurement has the paperwork now. Flagging the two fields they need from your side to move it forward.

We may need to push this out a cycle -- I will know more after the leadership review.

-- Beacon Utilities",0,0,2026-08-02 12:30:00,-0.54
EML-5325,THR-8080,ACC-1021,CNT-2089,DL-4100,jmiller@beaconutilities.com,elena.b@intellia.ai,Inbound,Re: Procurement paperwork,Procurement has the paperwork now. Flagging the two fields they need from your side to move it forward.,"Procurement has the paperwork now. Flagging the two fields they need from your side to move it forward.

I want to flag that priorities have shifted since we last spoke.

-- James",1,0,2026-08-06 11:00:00,-0.69
EML-5326,THR-8081,ACC-1022,CNT-2096,DL-4041,robert.j@intellia.ai,kmendez@corenetworks.com,Outbound,Renewal timing and scope,Wanted to get ahead of the renewal date so we have room to align on scope before the deadline.,"Wanted to get ahead of the renewal date so we have room to align on scope before the deadline.

Happy to set up time if that is easier than email.

-- Core Networks",0,1,2026-07-25 10:15:00,-0.11
EML-5327,THR-8081,ACC-1022,CNT-2096,DL-4041,kmendez@corenetworks.com,robert.j@intellia.ai,Inbound,Re: Renewal timing and scope,Wanted to get ahead of the renewal date so we have room to align on scope before the deadline.,"Wanted to get ahead of the renewal date so we have room to align on scope before the deadline.

Happy to set up time if that is easier than email.

-- Kevin",1,0,2026-07-29 15:30:00,-0.09
EML-5328,THR-8081,ACC-1022,CNT-2096,DL-4041,robert.j@intellia.ai,kmendez@corenetworks.com,Outbound,Re: Renewal timing and scope,Wanted to get ahead of the renewal date so we have room to align on scope before the deadline.,"Wanted to get ahead of the renewal date so we have room to align on scope before the deadline.

Flag anything I have missed and I will get it turned around.

-- Core Networks",1,0,2026-08-02 10:15:00,-0.03
EML-5329,THR-8081,ACC-1022,CNT-2096,DL-4041,kmendez@corenetworks.com,robert.j@intellia.ai,Inbound,Re: Renewal timing and scope,Wanted to get ahead of the renewal date so we have room to align on scope before the deadline.,"Wanted to get ahead of the renewal date so we have room to align on scope before the deadline.

Happy to set up time if that is easier than email.

-- Kevin",1,0,2026-07-28 13:45:00,-0.15
EML-5330,THR-8081,ACC-1022,CNT-2096,DL-4041,robert.j@intellia.ai,kmendez@corenetworks.com,Outbound,Re: Renewal timing and scope,Wanted to get ahead of the renewal date so we have room to align on scope before the deadline.,"Wanted to get ahead of the renewal date so we have room to align on scope before the deadline.

Happy to set up time if that is easier than email.

-- Core Networks",1,0,2026-08-06 18:30:00,-0.03
EML-5331,THR-8082,ACC-1022,CNT-2098,DL-4041,robert.j@intellia.ai,rwright@corenetworks.com,Outbound,Security review questionnaire,Our security team has started the review. They flagged two questions on data residency and retention.,"Our security team has started the review. They flagged two questions on data residency and retention.

Happy to set up time if that is easier than email.

-- Core Networks",0,0,2026-04-29 13:00:00,-0.2
EML-5332,THR-8082,ACC-1022,CNT-2098,DL-4041,rwright@corenetworks.com,robert.j@intellia.ai,Inbound,Re: Security review questionnaire,Our security team has started the review. They flagged two questions on data residency and retention.,"Our security team has started the review. They flagged two questions on data residency and retention.

We may need to push this out a cycle -- I will know more after the leadership review.

-- Robert",1,0,2026-05-03 11:45:00,-0.26
EML-5333,THR-8082,ACC-1022,CNT-2098,DL-4041,robert.j@intellia.ai,rwright@corenetworks.com,Outbound,Re: Security review questionnaire,Our security team has started the review. They flagged two questions on data residency and retention.,"Our security team has started the review. They flagged two questions on data residency and retention.

Flag anything I have missed and I will get it turned around.

-- Core Networks",1,0,2026-05-07 08:45:00,-0.07
EML-5334,THR-8083,ACC-1022,CNT-2095,DL-4161,robert.j@intellia.ai,dmendez@corenetworks.com,Outbound,Procurement paperwork,Procurement has the paperwork now. Flagging the two fields they need from your side to move it forward.,"Procurement has the paperwork now. Flagging the two fields they need from your side to move it forward.

Being candid: the timing is getting difficult on our end given the budget review.

-- Core Networks",0,1,2026-04-15 09:15:00,-0.51
EML-5335,THR-8083,ACC-1022,CNT-2095,DL-4161,dmendez@corenetworks.com,robert.j@intellia.ai,Inbound,Re: Procurement paperwork,Procurement has the paperwork now. Flagging the two fields they need from your side to move it forward.,"Procurement has the paperwork now. Flagging the two fields they need from your side to move it forward.

I want to flag that priorities have shifted since we last spoke.

-- David",1,1,2026-04-16 13:15:00,-0.59
EML-5336,THR-8083,ACC-1022,CNT-2095,DL-4161,robert.j@intellia.ai,dmendez@corenetworks.com,Outbound,Re: Procurement paperwork,Procurement has the paperwork now. Flagging the two fields they need from your side to move it forward.,"Procurement has the paperwork now. Flagging the two fields they need from your side to move it forward.

Being candid: the timing is getting difficult on our end given the budget review.

-- Core Networks",1,0,2026-04-23 17:15:00,-0.4
EML-5337,THR-8083,ACC-1022,CNT-2095,DL-4161,dmendez@corenetworks.com,robert.j@intellia.ai,Inbound,Re: Procurement paperwork,Procurement has the paperwork now. Flagging the two fields they need from your side to move it forward.,"Procurement has the paperwork now. Flagging the two fields they need from your side to move it forward.

Being candid: the timing is getting difficult on our end given the budget review.

-- David",1,1,2026-04-24 14:15:00,-0.63
EML-5338,THR-8083,ACC-1022,CNT-2095,DL-4161,robert.j@intellia.ai,dmendez@corenetworks.com,Outbound,Re: Procurement paperwork,Procurement has the paperwork now. Flagging the two fields they need from your side to move it forward.,"Procurement has the paperwork now. Flagging the two fields they need from your side to move it forward.

Being candid: the timing is getting difficult on our end given the budget review.

-- Core Networks",1,0,2026-04-27 11:15:00,-0.34
EML-5339,THR-8084,ACC-1022,CNT-2093,DL-4161,robert.j@intellia.ai,nwhite@corenetworks.com,Outbound,Executive briefing logistics,Confirming logistics for the executive briefing and who we expect in the room.,"Confirming logistics for the executive briefing and who we expect in the room.

Happy to set up time if that is easier than email.

-- Core Networks",0,0,2026-05-09 12:00:00,0.3
EML-5340,THR-8084,ACC-1022,CNT-2093,DL-4161,nwhite@corenetworks.com,robert.j@intellia.ai,Inbound,Re: Executive briefing logistics,Confirming logistics for the executive briefing and who we expect in the room.,"Confirming logistics for the executive briefing and who we expect in the room.

Flag anything I have missed and I will get it turned around.

-- Nina",1,1,2026-05-10 13:30:00,0.26
EML-5341,THR-8084,ACC-1022,CNT-2093,DL-4161,robert.j@intellia.ai,nwhite@corenetworks.com,Outbound,Re: Executive briefing logistics,Confirming logistics for the executive briefing and who we expect in the room.,"Confirming logistics for the executive briefing and who we expect in the room.

Let me know what makes sense as a next step.

-- Core Networks",1,0,2026-05-13 11:45:00,0.16
EML-5342,THR-8084,ACC-1022,CNT-2093,DL-4161,nwhite@corenetworks.com,robert.j@intellia.ai,Inbound,Re: Executive briefing logistics,Confirming logistics for the executive briefing and who we expect in the room.,"Confirming logistics for the executive briefing and who we expect in the room.

Flag anything I have missed and I will get it turned around.

-- Nina",1,0,2026-05-15 12:45:00,0.15
EML-5343,THR-8085,ACC-1023,CNT-2101,,priya.m@intellia.ai,pokafor@echelonlabs.com,Outbound,Renewal timing and scope,Wanted to get ahead of the renewal date so we have room to align on scope before the deadline.,"Wanted to get ahead of the renewal date so we have room to align on scope before the deadline.

Flag anything I have missed and I will get it turned around.

-- Echelon Labs",0,0,2026-08-10 14:45:00,0.28
EML-5344,THR-8085,ACC-1023,CNT-2101,,pokafor@echelonlabs.com,priya.m@intellia.ai,Inbound,Re: Renewal timing and scope,Wanted to get ahead of the renewal date so we have room to align on scope before the deadline.,"Wanted to get ahead of the renewal date so we have room to align on scope before the deadline.

Happy to set up time if that is easier than email.

-- Priya",1,0,2026-08-13 11:00:00,0.29
EML-5345,THR-8086,ACC-1023,CNT-2102,DL-4042,priya.m@intellia.ai,lokafor@echelonlabs.com,Outbound,Procurement paperwork,Procurement has the paperwork now. Flagging the two fields they need from your side to move it forward.,"Procurement has the paperwork now. Flagging the two fields they need from your side to move it forward.

Let me know what makes sense as a next step.

-- Echelon Labs",0,0,2026-06-20 18:00:00,0.06
EML-5346,THR-8086,ACC-1023,CNT-2102,DL-4042,lokafor@echelonlabs.com,priya.m@intellia.ai,Inbound,Re: Procurement paperwork,Procurement has the paperwork now. Flagging the two fields they need from your side to move it forward.,"Procurement has the paperwork now. Flagging the two fields they need from your side to move it forward.

Happy to set up time if that is easier than email.

-- Laura",1,1,2026-06-23 11:00:00,0.33
EML-5347,THR-8087,ACC-1024,CNT-2104,,michael.c@intellia.ai,bnovak@zenithretail.com,Outbound,Pilot success criteria,Here are the success criteria we would use to judge the pilot at the end of the period.,"Here are the success criteria we would use to judge the pilot at the end of the period.

Flag anything I have missed and I will get it turned around.

-- Zenith Retail",0,0,2026-05-19 08:45:00,0.32
EML-5348,THR-8087,ACC-1024,CNT-2104,,bnovak@zenithretail.com,michael.c@intellia.ai,Inbound,Re: Pilot success criteria,Here are the success criteria we would use to judge the pilot at the end of the period.,"Here are the success criteria we would use to judge the pilot at the end of the period.

Happy to set up time if that is easier than email.

-- Brian",1,1,2026-05-22 17:45:00,0.18
EML-5349,THR-8087,ACC-1024,CNT-2104,,michael.c@intellia.ai,bnovak@zenithretail.com,Outbound,Re: Pilot success criteria,Here are the success criteria we would use to judge the pilot at the end of the period.,"Here are the success criteria we would use to judge the pilot at the end of the period.

Happy to set up time if that is easier than email.

-- Zenith Retail",1,0,2026-05-23 13:00:00,0.22
EML-5350,THR-8087,ACC-1024,CNT-2104,,bnovak@zenithretail.com,michael.c@intellia.ai,Inbound,Re: Pilot success criteria,Here are the success criteria we would use to judge the pilot at the end of the period.,"Here are the success criteria we would use to judge the pilot at the end of the period.

Flag anything I have missed and I will get it turned around.

-- Brian",1,1,2026-05-25 18:30:00,0.22
EML-5351,THR-8088,ACC-1024,CNT-2104,DL-4103,michael.c@intellia.ai,bnovak@zenithretail.com,Outbound,Pricing and packaging for the rollout,"Sharing the packaging options we discussed, with the ramp assumptions called out separately.","Sharing the packaging options we discussed, with the ramp assumptions called out separately.

Let me know what makes sense as a next step.

-- Zenith Retail",0,0,2026-07-11 14:30:00,0.08
EML-5352,THR-8088,ACC-1024,CNT-2104,DL-4103,bnovak@zenithretail.com,michael.c@intellia.ai,Inbound,Re: Pricing and packaging for the rollout,"Sharing the packaging options we discussed, with the ramp assumptions called out separately.","Sharing the packaging options we discussed, with the ramp assumptions called out separately.

Happy to set up time if that is easier than email.

-- Brian",1,0,2026-07-15 13:15:00,0.23
EML-5353,THR-8088,ACC-1024,CNT-2104,DL-4103,michael.c@intellia.ai,bnovak@zenithretail.com,Outbound,Re: Pricing and packaging for the rollout,"Sharing the packaging options we discussed, with the ramp assumptions called out separately.","Sharing the packaging options we discussed, with the ramp assumptions called out separately.

Happy to set up time if that is easier than email.

-- Zenith Retail",1,0,2026-07-19 17:00:00,0.29
EML-5354,THR-8088,ACC-1024,CNT-2104,DL-4103,bnovak@zenithretail.com,michael.c@intellia.ai,Inbound,Re: Pricing and packaging for the rollout,"Sharing the packaging options we discussed, with the ramp assumptions called out separately.","Sharing the packaging options we discussed, with the ramp assumptions called out separately.

Flag anything I have missed and I will get it turned around.

-- Brian",1,0,2026-07-23 15:45:00,-0.01
EML-5355,THR-8088,ACC-1024,CNT-2104,DL-4103,michael.c@intellia.ai,bnovak@zenithretail.com,Outbound,Re: Pricing and packaging for the rollout,"Sharing the packaging options we discussed, with the ramp assumptions called out separately.","Sharing the packaging options we discussed, with the ramp assumptions called out separately.

Happy to set up time if that is easier than email.

-- Zenith Retail",1,0,2026-07-23 10:15:00,0.08
EML-5356,THR-8089,ACC-1024,CNT-2106,DL-4043,michael.c@intellia.ai,vnovak@zenithretail.com,Outbound,Renewal timing and scope,Wanted to get ahead of the renewal date so we have room to align on scope before the deadline.,"Wanted to get ahead of the renewal date so we have room to align on scope before the deadline.

Appreciate the momentum here. Let me know if anything else would help.

-- Zenith Retail",0,0,2026-04-04 11:15:00,0.63
EML-5357,THR-8089,ACC-1024,CNT-2106,DL-4043,vnovak@zenithretail.com,michael.c@intellia.ai,Inbound,Re: Renewal timing and scope,Wanted to get ahead of the renewal date so we have room to align on scope before the deadline.,"Wanted to get ahead of the renewal date so we have room to align on scope before the deadline.

This is tracking well on our side -- happy to move at your pace.

-- Victor",1,0,2026-04-05 12:00:00,0.58
EML-5358,THR-8089,ACC-1024,CNT-2106,DL-4043,michael.c@intellia.ai,vnovak@zenithretail.com,Outbound,Re: Renewal timing and scope,Wanted to get ahead of the renewal date so we have room to align on scope before the deadline.,"Wanted to get ahead of the renewal date so we have room to align on scope before the deadline.

This is tracking well on our side -- happy to move at your pace.

-- Zenith Retail",1,0,2026-04-12 09:00:00,0.53
EML-5359,THR-8089,ACC-1024,CNT-2106,DL-4043,vnovak@zenithretail.com,michael.c@intellia.ai,Inbound,Re: Renewal timing and scope,Wanted to get ahead of the renewal date so we have room to align on scope before the deadline.,"Wanted to get ahead of the renewal date so we have room to align on scope before the deadline.

This is tracking well on our side -- happy to move at your pace.

-- Victor",1,1,2026-04-10 15:30:00,0.42
EML-5360,THR-8090,ACC-1024,CNT-2106,,michael.c@intellia.ai,vnovak@zenithretail.com,Outbound,Pricing and packaging for the rollout,"Sharing the packaging options we discussed, with the ramp assumptions called out separately.","Sharing the packaging options we discussed, with the ramp assumptions called out separately.

This is tracking well on our side -- happy to move at your pace.

-- Zenith Retail",0,0,2026-05-27 13:30:00,0.73
EML-5361,THR-8090,ACC-1024,CNT-2106,,vnovak@zenithretail.com,michael.c@intellia.ai,Inbound,Re: Pricing and packaging for the rollout,"Sharing the packaging options we discussed, with the ramp assumptions called out separately.","Sharing the packaging options we discussed, with the ramp assumptions called out separately.

Appreciate the momentum here. Let me know if anything else would help.

-- Victor",1,0,2026-05-31 15:45:00,0.64
EML-5362,THR-8090,ACC-1024,CNT-2106,,michael.c@intellia.ai,vnovak@zenithretail.com,Outbound,Re: Pricing and packaging for the rollout,"Sharing the packaging options we discussed, with the ramp assumptions called out separately.","Sharing the packaging options we discussed, with the ramp assumptions called out separately.

Appreciate the momentum here. Let me know if anything else would help.

-- Zenith Retail",1,0,2026-05-31 11:00:00,0.68
EML-5363,THR-8090,ACC-1024,CNT-2106,,vnovak@zenithretail.com,michael.c@intellia.ai,Inbound,Re: Pricing and packaging for the rollout,"Sharing the packaging options we discussed, with the ramp assumptions called out separately.","Sharing the packaging options we discussed, with the ramp assumptions called out separately.

Glad this is landing. I will keep the internal team aligned.

-- Victor",1,0,2026-06-08 10:45:00,0.79
EML-5364,THR-8090,ACC-1024,CNT-2106,,michael.c@intellia.ai,vnovak@zenithretail.com,Outbound,Re: Pricing and packaging for the rollout,"Sharing the packaging options we discussed, with the ramp assumptions called out separately.","Sharing the packaging options we discussed, with the ramp assumptions called out separately.

This is tracking well on our side -- happy to move at your pace.

-- Zenith Retail",1,0,2026-06-08 16:45:00,0.81
EML-5365,THR-8091,ACC-1025,CNT-2109,DL-4164,brian.m@intellia.ai,emendez@kinetixrobotics.com,Outbound,Pilot success criteria,Here are the success criteria we would use to judge the pilot at the end of the period.,"Here are the success criteria we would use to judge the pilot at the end of the period.

Let me know what makes sense as a next step.

-- Kinetix Robotics",0,1,2026-06-04 12:15:00,0.26
EML-5366,THR-8091,ACC-1025,CNT-2109,DL-4164,emendez@kinetixrobotics.com,brian.m@intellia.ai,Inbound,Re: Pilot success criteria,Here are the success criteria we would use to judge the pilot at the end of the period.,"Here are the success criteria we would use to judge the pilot at the end of the period.

Let me know what makes sense as a next step.

-- Emily",1,0,2026-06-07 15:30:00,0.23
EML-5367,THR-8092,ACC-1025,CNT-2109,DL-4104,brian.m@intellia.ai,emendez@kinetixrobotics.com,Outbound,Pricing and packaging for the rollout,"Sharing the packaging options we discussed, with the ramp assumptions called out separately.","Sharing the packaging options we discussed, with the ramp assumptions called out separately.

Happy to set up time if that is easier than email.

-- Kinetix Robotics",0,1,2026-06-20 10:00:00,0.15
EML-5368,THR-8092,ACC-1025,CNT-2109,DL-4104,emendez@kinetixrobotics.com,brian.m@intellia.ai,Inbound,Re: Pricing and packaging for the rollout,"Sharing the packaging options we discussed, with the ramp assumptions called out separately.","Sharing the packaging options we discussed, with the ramp assumptions called out separately.

Happy to set up time if that is easier than email.

-- Emily",1,1,2026-06-24 12:45:00,0.29
EML-5369,THR-8093,ACC-1026,CNT-2118,,sophia.t@intellia.ai,pjackson@optimainsurance.com,Outbound,Pilot success criteria,Here are the success criteria we would use to judge the pilot at the end of the period.,"Here are the success criteria we would use to judge the pilot at the end of the period.

Happy to set up time if that is easier than email.

-- Optima Insurance",0,0,2026-06-19 14:15:00,0.18
EML-5370,THR-8093,ACC-1026,CNT-2118,,pjackson@optimainsurance.com,sophia.t@intellia.ai,Inbound,Re: Pilot success criteria,Here are the success criteria we would use to judge the pilot at the end of the period.,"Here are the success criteria we would use to judge the pilot at the end of the period.

Happy to set up time if that is easier than email.

-- Priya",1,0,2026-06-23 13:30:00,0.11
EML-5371,THR-8093,ACC-1026,CNT-2118,,sophia.t@intellia.ai,pjackson@optimainsurance.com,Outbound,Re: Pilot success criteria,Here are the success criteria we would use to judge the pilot at the end of the period.,"Here are the success criteria we would use to judge the pilot at the end of the period.

Appreciate the momentum here. Let me know if anything else would help.

-- Optima Insurance",1,0,2026-06-21 12:45:00,0.42
EML-5372,THR-8093,ACC-1026,CNT-2118,,pjackson@optimainsurance.com,sophia.t@intellia.ai,Inbound,Re: Pilot success criteria,Here are the success criteria we would use to judge the pilot at the end of the period.,"Here are the success criteria we would use to judge the pilot at the end of the period.

Glad this is landing. I will keep the internal team aligned.

-- Priya",1,0,2026-07-01 09:00:00,0.4
EML-5373,THR-8093,ACC-1026,CNT-2118,,sophia.t@intellia.ai,pjackson@optimainsurance.com,Outbound,Re: Pilot success criteria,Here are the success criteria we would use to judge the pilot at the end of the period.,"Here are the success criteria we would use to judge the pilot at the end of the period.

Happy to set up time if that is easier than email.

-- Optima Insurance",1,0,2026-06-23 09:00:00,0.11
EML-5374,THR-8093,ACC-1026,CNT-2118,,pjackson@optimainsurance.com,sophia.t@intellia.ai,Inbound,Re: Pilot success criteria,Here are the success criteria we would use to judge the pilot at the end of the period.,"Here are the success criteria we would use to judge the pilot at the end of the period.

Appreciate the momentum here. Let me know if anything else would help.

-- Priya",1,0,2026-07-04 15:15:00,0.4
EML-5375,THR-8094,ACC-1026,CNT-2114,,sophia.t@intellia.ai,srostova@optimainsurance.com,Outbound,Following up on our discovery call,Great speaking earlier. Capturing what we agreed so nothing slips between now and the next session.,"Great speaking earlier. Capturing what we agreed so nothing slips between now and the next session.

Appreciate the momentum here. Let me know if anything else would help.

-- Optima Insurance",0,0,2026-04-09 13:45:00,0.82
EML-5376,THR-8094,ACC-1026,CNT-2114,,srostova@optimainsurance.com,sophia.t@intellia.ai,Inbound,Re: Following up on our discovery call,Great speaking earlier. Capturing what we agreed so nothing slips between now and the next session.,"Great speaking earlier. Capturing what we agreed so nothing slips between now and the next session.

Appreciate the momentum here. Let me know if anything else would help.

-- Sophia",1,1,2026-04-10 09:45:00,0.78
EML-5377,THR-8095,ACC-1026,CNT-2118,DL-4045,sophia.t@intellia.ai,pjackson@optimainsurance.com,Outbound,Renewal timing and scope,Wanted to get ahead of the renewal date so we have room to align on scope before the deadline.,"Wanted to get ahead of the renewal date so we have room to align on scope before the deadline.

Flag anything I have missed and I will get it turned around.

-- Optima Insurance",0,0,2026-07-19 10:45:00,0.33
EML-5378,THR-8095,ACC-1026,CNT-2118,DL-4045,pjackson@optimainsurance.com,sophia.t@intellia.ai,Inbound,Re: Renewal timing and scope,Wanted to get ahead of the renewal date so we have room to align on scope before the deadline.,"Wanted to get ahead of the renewal date so we have room to align on scope before the deadline.

Let me know what makes sense as a next step.

-- Priya",1,1,2026-07-20 11:15:00,0.31
EML-5379,THR-8095,ACC-1026,CNT-2118,DL-4045,sophia.t@intellia.ai,pjackson@optimainsurance.com,Outbound,Re: Renewal timing and scope,Wanted to get ahead of the renewal date so we have room to align on scope before the deadline.,"Wanted to get ahead of the renewal date so we have room to align on scope before the deadline.

This is tracking well on our side -- happy to move at your pace.

-- Optima Insurance",1,0,2026-07-21 11:00:00,0.48
EML-5380,THR-8095,ACC-1026,CNT-2118,DL-4045,pjackson@optimainsurance.com,sophia.t@intellia.ai,Inbound,Re: Renewal timing and scope,Wanted to get ahead of the renewal date so we have room to align on scope before the deadline.,"Wanted to get ahead of the renewal date so we have room to align on scope before the deadline.

Flag anything I have missed and I will get it turned around.

-- Priya",1,0,2026-07-25 17:45:00,0.26
EML-5381,THR-8095,ACC-1026,CNT-2118,DL-4045,sophia.t@intellia.ai,pjackson@optimainsurance.com,Outbound,Re: Renewal timing and scope,Wanted to get ahead of the renewal date so we have room to align on scope before the deadline.,"Wanted to get ahead of the renewal date so we have room to align on scope before the deadline.

This is tracking well on our side -- happy to move at your pace.

-- Optima Insurance",1,1,2026-07-27 10:00:00,0.47
EML-5382,THR-8096,ACC-1027,CNT-2120,,daniel.w@intellia.ai,mokafor@veritasdata.com,Outbound,Executive briefing logistics,Confirming logistics for the executive briefing and who we expect in the room.,"Confirming logistics for the executive briefing and who we expect in the room.

Happy to set up time if that is easier than email.

-- Veritas Data",0,0,2026-08-08 13:00:00,0.02
EML-5383,THR-8096,ACC-1027,CNT-2120,,mokafor@veritasdata.com,daniel.w@intellia.ai,Inbound,Re: Executive briefing logistics,Confirming logistics for the executive briefing and who we expect in the room.,"Confirming logistics for the executive briefing and who we expect in the room.

Let me know what makes sense as a next step.

-- Michael",1,0,2026-08-11 08:30:00,-0.04
EML-5384,THR-8096,ACC-1027,CNT-2120,,daniel.w@intellia.ai,mokafor@veritasdata.com,Outbound,Re: Executive briefing logistics,Confirming logistics for the executive briefing and who we expect in the room.,"Confirming logistics for the executive briefing and who we expect in the room.

Let me know what makes sense as a next step.

-- Veritas Data",1,0,2026-08-13 13:00:00,-0.01
EML-5385,THR-8096,ACC-1027,CNT-2120,,mokafor@veritasdata.com,daniel.w@intellia.ai,Inbound,Re: Executive briefing logistics,Confirming logistics for the executive briefing and who we expect in the room.,"Confirming logistics for the executive briefing and who we expect in the room.

Happy to set up time if that is easier than email.

-- Michael",1,1,2026-08-13 15:00:00,0.16
EML-5386,THR-8097,ACC-1027,CNT-2120,DL-4106,daniel.w@intellia.ai,mokafor@veritasdata.com,Outbound,Renewal timing and scope,Wanted to get ahead of the renewal date so we have room to align on scope before the deadline.,"Wanted to get ahead of the renewal date so we have room to align on scope before the deadline.

This is tracking well on our side -- happy to move at your pace.

-- Veritas Data",0,0,2026-08-04 18:45:00,0.8
EML-5387,THR-8097,ACC-1027,CNT-2120,DL-4106,mokafor@veritasdata.com,daniel.w@intellia.ai,Inbound,Re: Renewal timing and scope,Wanted to get ahead of the renewal date so we have room to align on scope before the deadline.,"Wanted to get ahead of the renewal date so we have room to align on scope before the deadline.

Appreciate the momentum here. Let me know if anything else would help.

-- Michael",1,0,2026-08-06 18:45:00,0.74
EML-5388,THR-8097,ACC-1027,CNT-2120,DL-4106,daniel.w@intellia.ai,mokafor@veritasdata.com,Outbound,Re: Renewal timing and scope,Wanted to get ahead of the renewal date so we have room to align on scope before the deadline.,"Wanted to get ahead of the renewal date so we have room to align on scope before the deadline.

Appreciate the momentum here. Let me know if anything else would help.

-- Veritas Data",1,0,2026-08-08 15:30:00,0.74
EML-5389,THR-8097,ACC-1027,CNT-2120,DL-4106,mokafor@veritasdata.com,daniel.w@intellia.ai,Inbound,Re: Renewal timing and scope,Wanted to get ahead of the renewal date so we have room to align on scope before the deadline.,"Wanted to get ahead of the renewal date so we have room to align on scope before the deadline.

This is tracking well on our side -- happy to move at your pace.

-- Michael",1,0,2026-08-13 09:00:00,0.58
EML-5390,THR-8097,ACC-1027,CNT-2120,DL-4106,daniel.w@intellia.ai,mokafor@veritasdata.com,Outbound,Re: Renewal timing and scope,Wanted to get ahead of the renewal date so we have room to align on scope before the deadline.,"Wanted to get ahead of the renewal date so we have room to align on scope before the deadline.

Glad this is landing. I will keep the internal team aligned.

-- Veritas Data",1,0,2026-08-08 16:45:00,0.57
EML-5391,THR-8098,ACC-1028,CNT-2124,,laura.a@intellia.ai,acole@vanguardpayments.com,Outbound,Executive briefing logistics,Confirming logistics for the executive briefing and who we expect in the room.,"Confirming logistics for the executive briefing and who we expect in the room.

Happy to set up time if that is easier than email.

-- Vanguard Payments",0,1,2026-06-25 14:15:00,0.11
EML-5392,THR-8098,ACC-1028,CNT-2124,,acole@vanguardpayments.com,laura.a@intellia.ai,Inbound,Re: Executive briefing logistics,Confirming logistics for the executive briefing and who we expect in the room.,"Confirming logistics for the executive briefing and who we expect in the room.

Flag anything I have missed and I will get it turned around.

-- Amanda",1,0,2026-06-27 11:00:00,0.25
EML-5393,THR-8099,ACC-1028,CNT-2122,DL-4047,laura.a@intellia.ai,blewis@vanguardpayments.com,Outbound,Procurement paperwork,Procurement has the paperwork now. Flagging the two fields they need from your side to move it forward.,"Procurement has the paperwork now. Flagging the two fields they need from your side to move it forward.

Glad this is landing. I will keep the internal team aligned.

-- Vanguard Payments",0,0,2026-07-15 12:45:00,0.83
EML-5394,THR-8099,ACC-1028,CNT-2122,DL-4047,blewis@vanguardpayments.com,laura.a@intellia.ai,Inbound,Re: Procurement paperwork,Procurement has the paperwork now. Flagging the two fields they need from your side to move it forward.,"Procurement has the paperwork now. Flagging the two fields they need from your side to move it forward.

Glad this is landing. I will keep the internal team aligned.

-- Brian",1,0,2026-07-17 12:45:00,0.75
EML-5395,THR-8099,ACC-1028,CNT-2122,DL-4047,laura.a@intellia.ai,blewis@vanguardpayments.com,Outbound,Re: Procurement paperwork,Procurement has the paperwork now. Flagging the two fields they need from your side to move it forward.,"Procurement has the paperwork now. Flagging the two fields they need from your side to move it forward.

Appreciate the momentum here. Let me know if anything else would help.

-- Vanguard Payments",1,0,2026-07-19 14:30:00,0.87
EML-5396,THR-8099,ACC-1028,CNT-2122,DL-4047,blewis@vanguardpayments.com,laura.a@intellia.ai,Inbound,Re: Procurement paperwork,Procurement has the paperwork now. Flagging the two fields they need from your side to move it forward.,"Procurement has the paperwork now. Flagging the two fields they need from your side to move it forward.

Appreciate the momentum here. Let me know if anything else would help.

-- Brian",1,0,2026-07-24 16:00:00,0.86
EML-5397,THR-8100,ACC-1028,CNT-2122,DL-4107,laura.a@intellia.ai,blewis@vanguardpayments.com,Outbound,Executive briefing logistics,Confirming logistics for the executive briefing and who we expect in the room.,"Confirming logistics for the executive briefing and who we expect in the room.

Glad this is landing. I will keep the internal team aligned.

-- Vanguard Payments",0,0,2026-06-01 13:00:00,0.5
EML-5398,THR-8100,ACC-1028,CNT-2122,DL-4107,blewis@vanguardpayments.com,laura.a@intellia.ai,Inbound,Re: Executive briefing logistics,Confirming logistics for the executive briefing and who we expect in the room.,"Confirming logistics for the executive briefing and who we expect in the room.

Let me know what makes sense as a next step.

-- Brian",1,1,2026-06-04 09:30:00,0.27
EML-5399,THR-8100,ACC-1028,CNT-2122,DL-4107,laura.a@intellia.ai,blewis@vanguardpayments.com,Outbound,Re: Executive briefing logistics,Confirming logistics for the executive briefing and who we expect in the room.,"Confirming logistics for the executive briefing and who we expect in the room.

Glad this is landing. I will keep the internal team aligned.

-- Vanguard Payments",1,0,2026-06-03 08:00:00,0.43
EML-5400,THR-8100,ACC-1028,CNT-2122,DL-4107,blewis@vanguardpayments.com,laura.a@intellia.ai,Inbound,Re: Executive briefing logistics,Confirming logistics for the executive briefing and who we expect in the room.,"Confirming logistics for the executive briefing and who we expect in the room.

Let me know what makes sense as a next step.

-- Brian",1,1,2026-06-07 15:15:00,0.24
EML-5401,THR-8101,ACC-1028,CNT-2124,,laura.a@intellia.ai,acole@vanguardpayments.com,Outbound,Renewal timing and scope,Wanted to get ahead of the renewal date so we have room to align on scope before the deadline.,"Wanted to get ahead of the renewal date so we have room to align on scope before the deadline.

This is tracking well on our side -- happy to move at your pace.

-- Vanguard Payments",0,1,2026-04-16 17:15:00,0.79
EML-5402,THR-8101,ACC-1028,CNT-2124,,acole@vanguardpayments.com,laura.a@intellia.ai,Inbound,Re: Renewal timing and scope,Wanted to get ahead of the renewal date so we have room to align on scope before the deadline.,"Wanted to get ahead of the renewal date so we have room to align on scope before the deadline.

Appreciate the momentum here. Let me know if anything else would help.

-- Amanda",1,1,2026-04-19 15:30:00,0.63
EML-5403,THR-8101,ACC-1028,CNT-2124,,laura.a@intellia.ai,acole@vanguardpayments.com,Outbound,Re: Renewal timing and scope,Wanted to get ahead of the renewal date so we have room to align on scope before the deadline.,"Wanted to get ahead of the renewal date so we have room to align on scope before the deadline.

This is tracking well on our side -- happy to move at your pace.

-- Vanguard Payments",1,0,2026-04-18 11:15:00,0.54
EML-5404,THR-8101,ACC-1028,CNT-2124,,acole@vanguardpayments.com,laura.a@intellia.ai,Inbound,Re: Renewal timing and scope,Wanted to get ahead of the renewal date so we have room to align on scope before the deadline.,"Wanted to get ahead of the renewal date so we have room to align on scope before the deadline.

Glad this is landing. I will keep the internal team aligned.

-- Amanda",1,0,2026-04-22 12:45:00,0.71
EML-5405,THR-8101,ACC-1028,CNT-2124,,laura.a@intellia.ai,acole@vanguardpayments.com,Outbound,Re: Renewal timing and scope,Wanted to get ahead of the renewal date so we have room to align on scope before the deadline.,"Wanted to get ahead of the renewal date so we have room to align on scope before the deadline.

Appreciate the momentum here. Let me know if anything else would help.

-- Vanguard Payments",1,1,2026-05-02 08:15:00,0.57
EML-5406,THR-8101,ACC-1028,CNT-2124,,acole@vanguardpayments.com,laura.a@intellia.ai,Inbound,Re: Renewal timing and scope,Wanted to get ahead of the renewal date so we have room to align on scope before the deadline.,"Wanted to get ahead of the renewal date so we have room to align on scope before the deadline.

Appreciate the momentum here. Let me know if anything else would help.

-- Amanda",1,0,2026-05-01 18:45:00,0.54
EML-5407,THR-8102,ACC-1029,CNT-2125,DL-4048,tom.c@intellia.ai,dfischer@solsticeenergy.com,Outbound,Following up on our discovery call,Great speaking earlier. Capturing what we agreed so nothing slips between now and the next session.,"Great speaking earlier. Capturing what we agreed so nothing slips between now and the next session.

I want to flag that priorities have shifted since we last spoke.

-- Solstice Energy",0,0,2026-06-14 13:30:00,-0.27
EML-5408,THR-8102,ACC-1029,CNT-2125,DL-4048,dfischer@solsticeenergy.com,tom.c@intellia.ai,Inbound,Re: Following up on our discovery call,Great speaking earlier. Capturing what we agreed so nothing slips between now and the next session.,"Great speaking earlier. Capturing what we agreed so nothing slips between now and the next session.

Flag anything I have missed and I will get it turned around.

-- Daniel",1,0,2026-06-15 08:45:00,-0.12
EML-5409,THR-8102,ACC-1029,CNT-2125,DL-4048,tom.c@intellia.ai,dfischer@solsticeenergy.com,Outbound,Re: Following up on our discovery call,Great speaking earlier. Capturing what we agreed so nothing slips between now and the next session.,"Great speaking earlier. Capturing what we agreed so nothing slips between now and the next session.

Being candid: the timing is getting difficult on our end given the budget review.

-- Solstice Energy",1,1,2026-06-16 09:15:00,-0.21
EML-5410,THR-8103,ACC-1029,CNT-2127,DL-4048,tom.c@intellia.ai,ccole@solsticeenergy.com,Outbound,Following up on our discovery call,Great speaking earlier. Capturing what we agreed so nothing slips between now and the next session.,"Great speaking earlier. Capturing what we agreed so nothing slips between now and the next session.

This is tracking well on our side -- happy to move at your pace.

-- Solstice Energy",0,0,2026-08-05 15:00:00,0.65
EML-5411,THR-8103,ACC-1029,CNT-2127,DL-4048,ccole@solsticeenergy.com,tom.c@intellia.ai,Inbound,Re: Following up on our discovery call,Great speaking earlier. Capturing what we agreed so nothing slips between now and the next session.,"Great speaking earlier. Capturing what we agreed so nothing slips between now and the next session.

This is tracking well on our side -- happy to move at your pace.

-- Carlos",1,0,2026-08-08 15:45:00,0.77
EML-5412,THR-8103,ACC-1029,CNT-2127,DL-4048,tom.c@intellia.ai,ccole@solsticeenergy.com,Outbound,Re: Following up on our discovery call,Great speaking earlier. Capturing what we agreed so nothing slips between now and the next session.,"Great speaking earlier. Capturing what we agreed so nothing slips between now and the next session.

This is tracking well on our side -- happy to move at your pace.

-- Solstice Energy",1,0,2026-08-07 15:00:00,0.55
EML-5413,THR-8103,ACC-1029,CNT-2127,DL-4048,ccole@solsticeenergy.com,tom.c@intellia.ai,Inbound,Re: Following up on our discovery call,Great speaking earlier. Capturing what we agreed so nothing slips between now and the next session.,"Great speaking earlier. Capturing what we agreed so nothing slips between now and the next session.

This is tracking well on our side -- happy to move at your pace.

-- Carlos",1,0,2026-08-08 17:00:00,0.86
EML-5414,THR-8103,ACC-1029,CNT-2127,DL-4048,tom.c@intellia.ai,ccole@solsticeenergy.com,Outbound,Re: Following up on our discovery call,Great speaking earlier. Capturing what we agreed so nothing slips between now and the next session.,"Great speaking earlier. Capturing what we agreed so nothing slips between now and the next session.

Appreciate the momentum here. Let me know if anything else would help.

-- Solstice Energy",1,0,2026-08-13 17:00:00,0.83
EML-5415,THR-8104,ACC-1029,CNT-2126,DL-4048,tom.c@intellia.ai,jmartin@solsticeenergy.com,Outbound,Security review questionnaire,Our security team has started the review. They flagged two questions on data residency and retention.,"Our security team has started the review. They flagged two questions on data residency and retention.

Being candid: the timing is getting difficult on our end given the budget review.

-- Solstice Energy",0,0,2026-05-22 09:15:00,-0.4
EML-5416,THR-8104,ACC-1029,CNT-2126,DL-4048,jmartin@solsticeenergy.com,tom.c@intellia.ai,Inbound,Re: Security review questionnaire,Our security team has started the review. They flagged two questions on data residency and retention.,"Our security team has started the review. They flagged two questions on data residency and retention.

Being candid: the timing is getting difficult on our end given the budget review.

-- Jessica",1,0,2026-05-23 13:00:00,-0.24
EML-5417,THR-8105,ACC-1029,CNT-2125,DL-4048,tom.c@intellia.ai,dfischer@solsticeenergy.com,Outbound,Renewal timing and scope,Wanted to get ahead of the renewal date so we have room to align on scope before the deadline.,"Wanted to get ahead of the renewal date so we have room to align on scope before the deadline.

Flag anything I have missed and I will get it turned around.

-- Solstice Energy",0,1,2026-07-08 11:00:00,-0.2
EML-5418,THR-8105,ACC-1029,CNT-2125,DL-4048,dfischer@solsticeenergy.com,tom.c@intellia.ai,Inbound,Re: Renewal timing and scope,Wanted to get ahead of the renewal date so we have room to align on scope before the deadline.,"Wanted to get ahead of the renewal date so we have room to align on scope before the deadline.

Happy to set up time if that is easier than email.

-- Daniel",1,1,2026-07-09 18:15:00,-0.14
EML-5419,THR-8105,ACC-1029,CNT-2125,DL-4048,tom.c@intellia.ai,dfischer@solsticeenergy.com,Outbound,Re: Renewal timing and scope,Wanted to get ahead of the renewal date so we have room to align on scope before the deadline.,"Wanted to get ahead of the renewal date so we have room to align on scope before the deadline.

We may need to push this out a cycle -- I will know more after the leadership review.

-- Solstice Energy",1,0,2026-07-14 08:45:00,-0.26
EML-5420,THR-8105,ACC-1029,CNT-2125,DL-4048,dfischer@solsticeenergy.com,tom.c@intellia.ai,Inbound,Re: Renewal timing and scope,Wanted to get ahead of the renewal date so we have room to align on scope before the deadline.,"Wanted to get ahead of the renewal date so we have room to align on scope before the deadline.

Let me know what makes sense as a next step.

-- Daniel",1,0,2026-07-17 18:15:00,-0.13
EML-5421,THR-8105,ACC-1029,CNT-2125,DL-4048,tom.c@intellia.ai,dfischer@solsticeenergy.com,Outbound,Re: Renewal timing and scope,Wanted to get ahead of the renewal date so we have room to align on scope before the deadline.,"Wanted to get ahead of the renewal date so we have room to align on scope before the deadline.

We may need to push this out a cycle -- I will know more after the leadership review.

-- Solstice Energy",1,0,2026-07-16 11:30:00,-0.33
EML-5422,THR-8106,ACC-1030,CNT-2128,DL-4169,jessica.c@intellia.ai,sokafor@infinitelecom.com,Outbound,Following up on our discovery call,Great speaking earlier. Capturing what we agreed so nothing slips between now and the next session.,"Great speaking earlier. Capturing what we agreed so nothing slips between now and the next session.

Happy to set up time if that is easier than email.

-- Infini Telecom",0,0,2026-04-11 14:30:00,0.35
EML-5423,THR-8106,ACC-1030,CNT-2128,DL-4169,sokafor@infinitelecom.com,jessica.c@intellia.ai,Inbound,Re: Following up on our discovery call,Great speaking earlier. Capturing what we agreed so nothing slips between now and the next session.,"Great speaking earlier. Capturing what we agreed so nothing slips between now and the next session.

This is tracking well on our side -- happy to move at your pace.

-- Sophia",1,1,2026-04-15 09:15:00,0.52
EML-5424,THR-8106,ACC-1030,CNT-2128,DL-4169,jessica.c@intellia.ai,sokafor@infinitelecom.com,Outbound,Re: Following up on our discovery call,Great speaking earlier. Capturing what we agreed so nothing slips between now and the next session.,"Great speaking earlier. Capturing what we agreed so nothing slips between now and the next session.

Glad this is landing. I will keep the internal team aligned.

-- Infini Telecom",1,0,2026-04-15 09:15:00,0.37
EML-5425,THR-8107,ACC-1030,CNT-2129,DL-4109,jessica.c@intellia.ai,dnovak@infinitelecom.com,Outbound,Pilot success criteria,Here are the success criteria we would use to judge the pilot at the end of the period.,"Here are the success criteria we would use to judge the pilot at the end of the period.

Being candid: the timing is getting difficult on our end given the budget review.

-- Infini Telecom",0,0,2026-05-15 08:00:00,-0.59
EML-5426,THR-8107,ACC-1030,CNT-2129,DL-4109,dnovak@infinitelecom.com,jessica.c@intellia.ai,Inbound,Re: Pilot success criteria,Here are the success criteria we would use to judge the pilot at the end of the period.,"Here are the success criteria we would use to judge the pilot at the end of the period.

I want to flag that priorities have shifted since we last spoke.

-- Daniel",1,0,2026-05-16 15:00:00,-0.54
EML-5427,THR-8107,ACC-1030,CNT-2129,DL-4109,jessica.c@intellia.ai,dnovak@infinitelecom.com,Outbound,Re: Pilot success criteria,Here are the success criteria we would use to judge the pilot at the end of the period.,"Here are the success criteria we would use to judge the pilot at the end of the period.

Being candid: the timing is getting difficult on our end given the budget review.

-- Infini Telecom",1,0,2026-05-17 16:15:00,-0.52
EML-5428,THR-8107,ACC-1030,CNT-2129,DL-4109,dnovak@infinitelecom.com,jessica.c@intellia.ai,Inbound,Re: Pilot success criteria,Here are the success criteria we would use to judge the pilot at the end of the period.,"Here are the success criteria we would use to judge the pilot at the end of the period.

Being candid: the timing is getting difficult on our end given the budget review.

-- Daniel",1,0,2026-05-27 08:00:00,-0.34
EML-5429,THR-8107,ACC-1030,CNT-2129,DL-4109,jessica.c@intellia.ai,dnovak@infinitelecom.com,Outbound,Re: Pilot success criteria,Here are the success criteria we would use to judge the pilot at the end of the period.,"Here are the success criteria we would use to judge the pilot at the end of the period.

Being candid: the timing is getting difficult on our end given the budget review.

-- Infini Telecom",1,0,2026-05-19 17:15:00,-0.45
EML-5430,THR-8108,ACC-1030,CNT-2130,DL-4049,jessica.c@intellia.ai,rlewis@infinitelecom.com,Outbound,Pricing and packaging for the rollout,"Sharing the packaging options we discussed, with the ramp assumptions called out separately.","Sharing the packaging options we discussed, with the ramp assumptions called out separately.

Flag anything I have missed and I will get it turned around.

-- Infini Telecom",0,0,2026-05-27 14:00:00,0.22
EML-5431,THR-8108,ACC-1030,CNT-2130,DL-4049,rlewis@infinitelecom.com,jessica.c@intellia.ai,Inbound,Re: Pricing and packaging for the rollout,"Sharing the packaging options we discussed, with the ramp assumptions called out separately.","Sharing the packaging options we discussed, with the ramp assumptions called out separately.

Let me know what makes sense as a next step.

-- Rachel",1,1,2026-05-28 16:45:00,0.27
EML-5432,THR-8108,ACC-1030,CNT-2130,DL-4049,jessica.c@intellia.ai,rlewis@infinitelecom.com,Outbound,Re: Pricing and packaging for the rollout,"Sharing the packaging options we discussed, with the ramp assumptions called out separately.","Sharing the packaging options we discussed, with the ramp assumptions called out separately.

Flag anything I have missed and I will get it turned around.

-- Infini Telecom",1,0,2026-05-31 15:30:00,0.33
EML-5433,THR-8108,ACC-1030,CNT-2130,DL-4049,rlewis@infinitelecom.com,jessica.c@intellia.ai,Inbound,Re: Pricing and packaging for the rollout,"Sharing the packaging options we discussed, with the ramp assumptions called out separately.","Sharing the packaging options we discussed, with the ramp assumptions called out separately.

This is tracking well on our side -- happy to move at your pace.

-- Rachel",1,0,2026-06-08 15:45:00,0.37
EML-5434,THR-8109,ACC-1030,CNT-2130,,jessica.c@intellia.ai,rlewis@infinitelecom.com,Outbound,Following up on our discovery call,Great speaking earlier. Capturing what we agreed so nothing slips between now and the next session.,"Great speaking earlier. Capturing what we agreed so nothing slips between now and the next session.

Let me know what makes sense as a next step.

-- Infini Telecom",0,0,2026-07-26 18:30:00,-0.08
EML-5435,THR-8109,ACC-1030,CNT-2130,,rlewis@infinitelecom.com,jessica.c@intellia.ai,Inbound,Re: Following up on our discovery call,Great speaking earlier. Capturing what we agreed so nothing slips between now and the next session.,"Great speaking earlier. Capturing what we agreed so nothing slips between now and the next session.

I want to flag that priorities have shifted since we last spoke.

-- Rachel",1,0,2026-07-27 13:30:00,-0.29
EML-5436,THR-8109,ACC-1030,CNT-2130,,jessica.c@intellia.ai,rlewis@infinitelecom.com,Outbound,Re: Following up on our discovery call,Great speaking earlier. Capturing what we agreed so nothing slips between now and the next session.,"Great speaking earlier. Capturing what we agreed so nothing slips between now and the next session.

Flag anything I have missed and I will get it turned around.

-- Infini Telecom",1,0,2026-08-03 11:30:00,-0.1
EML-5437,THR-8109,ACC-1030,CNT-2130,,rlewis@infinitelecom.com,jessica.c@intellia.ai,Inbound,Re: Following up on our discovery call,Great speaking earlier. Capturing what we agreed so nothing slips between now and the next session.,"Great speaking earlier. Capturing what we agreed so nothing slips between now and the next session.

Flag anything I have missed and I will get it turned around.

-- Rachel",1,1,2026-08-07 18:15:00,-0.14
EML-5438,THR-8109,ACC-1030,CNT-2130,,jessica.c@intellia.ai,rlewis@infinitelecom.com,Outbound,Re: Following up on our discovery call,Great speaking earlier. Capturing what we agreed so nothing slips between now and the next session.,"Great speaking earlier. Capturing what we agreed so nothing slips between now and the next session.

Flag anything I have missed and I will get it turned around.

-- Infini Telecom",1,0,2026-07-30 15:00:00,-0.03
EML-5439,THR-8110,ACC-1030,CNT-2128,DL-4049,jessica.c@intellia.ai,sokafor@infinitelecom.com,Outbound,Security review questionnaire,Our security team has started the review. They flagged two questions on data residency and retention.,"Our security team has started the review. They flagged two questions on data residency and retention.

Glad this is landing. I will keep the internal team aligned.

-- Infini Telecom",0,0,2026-07-09 11:00:00,0.81
EML-5440,THR-8110,ACC-1030,CNT-2128,DL-4049,sokafor@infinitelecom.com,jessica.c@intellia.ai,Inbound,Re: Security review questionnaire,Our security team has started the review. They flagged two questions on data residency and retention.,"Our security team has started the review. They flagged two questions on data residency and retention.

This is tracking well on our side -- happy to move at your pace.

-- Sophia",1,0,2026-07-13 12:45:00,0.72
EML-5441,THR-8110,ACC-1030,CNT-2128,DL-4049,jessica.c@intellia.ai,sokafor@infinitelecom.com,Outbound,Re: Security review questionnaire,Our security team has started the review. They flagged two questions on data residency and retention.,"Our security team has started the review. They flagged two questions on data residency and retention.

Appreciate the momentum here. Let me know if anything else would help.

-- Infini Telecom",1,0,2026-07-11 16:00:00,0.64
EML-5442,THR-8110,ACC-1030,CNT-2128,DL-4049,sokafor@infinitelecom.com,jessica.c@intellia.ai,Inbound,Re: Security review questionnaire,Our security team has started the review. They flagged two questions on data residency and retention.,"Our security team has started the review. They flagged two questions on data residency and retention.

This is tracking well on our side -- happy to move at your pace.

-- Sophia",1,0,2026-07-18 13:15:00,0.71
EML-5443,THR-8111,ACC-1031,CNT-2134,DL-4170,elena.b@intellia.ai,psharma@pulsediagnostics.com,Outbound,Pilot success criteria,Here are the success criteria we would use to judge the pilot at the end of the period.,"Here are the success criteria we would use to judge the pilot at the end of the period.

I want to flag that priorities have shifted since we last spoke.

-- Pulse Diagnostics",0,0,2026-08-06 16:15:00,-0.3
EML-5444,THR-8111,ACC-1031,CNT-2134,DL-4170,psharma@pulsediagnostics.com,elena.b@intellia.ai,Inbound,Re: Pilot success criteria,Here are the success criteria we would use to judge the pilot at the end of the period.,"Here are the success criteria we would use to judge the pilot at the end of the period.

I want to flag that priorities have shifted since we last spoke.

-- Priya",1,0,2026-08-09 15:00:00,-0.22
EML-5445,THR-8111,ACC-1031,CNT-2134,DL-4170,elena.b@intellia.ai,psharma@pulsediagnostics.com,Outbound,Re: Pilot success criteria,Here are the success criteria we would use to judge the pilot at the end of the period.,"Here are the success criteria we would use to judge the pilot at the end of the period.

Being candid: the timing is getting difficult on our end given the budget review.

-- Pulse Diagnostics",1,0,2026-08-10 15:15:00,-0.44
EML-5446,THR-8111,ACC-1031,CNT-2134,DL-4170,psharma@pulsediagnostics.com,elena.b@intellia.ai,Inbound,Re: Pilot success criteria,Here are the success criteria we would use to judge the pilot at the end of the period.,"Here are the success criteria we would use to judge the pilot at the end of the period.

Let me know what makes sense as a next step.

-- Priya",1,0,2026-08-12 16:45:00,-0.17
EML-5447,THR-8111,ACC-1031,CNT-2134,DL-4170,elena.b@intellia.ai,psharma@pulsediagnostics.com,Outbound,Re: Pilot success criteria,Here are the success criteria we would use to judge the pilot at the end of the period.,"Here are the success criteria we would use to judge the pilot at the end of the period.

I want to flag that priorities have shifted since we last spoke.

-- Pulse Diagnostics",1,0,2026-08-13 08:00:00,-0.45
EML-5448,THR-8111,ACC-1031,CNT-2134,DL-4170,psharma@pulsediagnostics.com,elena.b@intellia.ai,Inbound,Re: Pilot success criteria,Here are the success criteria we would use to judge the pilot at the end of the period.,"Here are the success criteria we would use to judge the pilot at the end of the period.

I want to flag that priorities have shifted since we last spoke.

-- Priya",1,0,2026-08-13 11:00:00,-0.36
EML-5449,THR-8112,ACC-1031,CNT-2132,DL-4170,elena.b@intellia.ai,ediaz@pulsediagnostics.com,Outbound,Pricing and packaging for the rollout,"Sharing the packaging options we discussed, with the ramp assumptions called out separately.","Sharing the packaging options we discussed, with the ramp assumptions called out separately.

Let me know what makes sense as a next step.

-- Pulse Diagnostics",0,0,2026-04-17 12:15:00,0.0
EML-5450,THR-8112,ACC-1031,CNT-2132,DL-4170,ediaz@pulsediagnostics.com,elena.b@intellia.ai,Inbound,Re: Pricing and packaging for the rollout,"Sharing the packaging options we discussed, with the ramp assumptions called out separately.","Sharing the packaging options we discussed, with the ramp assumptions called out separately.

Happy to set up time if that is easier than email.

-- Elena",1,0,2026-04-20 15:30:00,0.12
EML-5451,THR-8112,ACC-1031,CNT-2132,DL-4170,elena.b@intellia.ai,ediaz@pulsediagnostics.com,Outbound,Re: Pricing and packaging for the rollout,"Sharing the packaging options we discussed, with the ramp assumptions called out separately.","Sharing the packaging options we discussed, with the ramp assumptions called out separately.

Flag anything I have missed and I will get it turned around.

-- Pulse Diagnostics",1,0,2026-04-23 14:15:00,0.11
EML-5452,THR-8112,ACC-1031,CNT-2132,DL-4170,ediaz@pulsediagnostics.com,elena.b@intellia.ai,Inbound,Re: Pricing and packaging for the rollout,"Sharing the packaging options we discussed, with the ramp assumptions called out separately.","Sharing the packaging options we discussed, with the ramp assumptions called out separately.

Happy to set up time if that is easier than email.

-- Elena",1,0,2026-04-29 08:00:00,0.03
EML-5453,THR-8112,ACC-1031,CNT-2132,DL-4170,elena.b@intellia.ai,ediaz@pulsediagnostics.com,Outbound,Re: Pricing and packaging for the rollout,"Sharing the packaging options we discussed, with the ramp assumptions called out separately.","Sharing the packaging options we discussed, with the ramp assumptions called out separately.

Happy to set up time if that is easier than email.

-- Pulse Diagnostics",1,0,2026-04-29 15:30:00,0.25
EML-5454,THR-8112,ACC-1031,CNT-2132,DL-4170,ediaz@pulsediagnostics.com,elena.b@intellia.ai,Inbound,Re: Pricing and packaging for the rollout,"Sharing the packaging options we discussed, with the ramp assumptions called out separately.","Sharing the packaging options we discussed, with the ramp assumptions called out separately.

Flag anything I have missed and I will get it turned around.

-- Elena",1,0,2026-04-27 10:00:00,0.05
EML-5455,THR-8113,ACC-1032,CNT-2137,,robert.j@intellia.ai,aadams@titanindustrial.com,Outbound,Integration architecture overview,Thanks for walking us through the architecture. The team had a few follow-ups on how the connector handles inc,"Thanks for walking us through the architecture. The team had a few follow-ups on how the connector handles incremental syncs.

We may need to push this out a cycle -- I will know more after the leadership review.

-- Titan Industrial",0,0,2026-07-16 18:30:00,-0.4
EML-5456,THR-8113,ACC-1032,CNT-2137,,aadams@titanindustrial.com,robert.j@intellia.ai,Inbound,Re: Integration architecture overview,Thanks for walking us through the architecture. The team had a few follow-ups on how the connector handles inc,"Thanks for walking us through the architecture. The team had a few follow-ups on how the connector handles incremental syncs.

Being candid: the timing is getting difficult on our end given the budget review.

-- Amanda",1,0,2026-07-19 14:15:00,-0.51
EML-5457,THR-8113,ACC-1032,CNT-2137,,robert.j@intellia.ai,aadams@titanindustrial.com,Outbound,Re: Integration architecture overview,Thanks for walking us through the architecture. The team had a few follow-ups on how the connector handles inc,"Thanks for walking us through the architecture. The team had a few follow-ups on how the connector handles incremental syncs.

I want to flag that priorities have shifted since we last spoke.

-- Titan Industrial",1,1,2026-07-20 14:30:00,-0.44
EML-5458,THR-8113,ACC-1032,CNT-2137,,aadams@titanindustrial.com,robert.j@intellia.ai,Inbound,Re: Integration architecture overview,Thanks for walking us through the architecture. The team had a few follow-ups on how the connector handles inc,"Thanks for walking us through the architecture. The team had a few follow-ups on how the connector handles incremental syncs.

Being candid: the timing is getting difficult on our end given the budget review.

-- Amanda",1,0,2026-07-19 16:15:00,-0.5
EML-5459,THR-8113,ACC-1032,CNT-2137,,robert.j@intellia.ai,aadams@titanindustrial.com,Outbound,Re: Integration architecture overview,Thanks for walking us through the architecture. The team had a few follow-ups on how the connector handles inc,"Thanks for walking us through the architecture. The team had a few follow-ups on how the connector handles incremental syncs.

I want to flag that priorities have shifted since we last spoke.

-- Titan Industrial",1,0,2026-07-24 15:15:00,-0.53
EML-5460,THR-8114,ACC-1032,CNT-2136,DL-4171,robert.j@intellia.ai,mcole@titanindustrial.com,Outbound,Pricing and packaging for the rollout,"Sharing the packaging options we discussed, with the ramp assumptions called out separately.","Sharing the packaging options we discussed, with the ramp assumptions called out separately.

Let me know what makes sense as a next step.

-- Titan Industrial",0,1,2026-06-23 11:00:00,-0.05
EML-5461,THR-8114,ACC-1032,CNT-2136,DL-4171,mcole@titanindustrial.com,robert.j@intellia.ai,Inbound,Re: Pricing and packaging for the rollout,"Sharing the packaging options we discussed, with the ramp assumptions called out separately.","Sharing the packaging options we discussed, with the ramp assumptions called out separately.

Let me know what makes sense as a next step.

-- Michael",1,0,2026-06-27 10:00:00,-0.2
EML-5462,THR-8114,ACC-1032,CNT-2136,DL-4171,robert.j@intellia.ai,mcole@titanindustrial.com,Outbound,Re: Pricing and packaging for the rollout,"Sharing the packaging options we discussed, with the ramp assumptions called out separately.","Sharing the packaging options we discussed, with the ramp assumptions called out separately.

Happy to set up time if that is easier than email.

-- Titan Industrial",1,0,2026-06-27 11:45:00,0.1
EML-5463,THR-8115,ACC-1032,CNT-2136,DL-4051,robert.j@intellia.ai,mcole@titanindustrial.com,Outbound,Renewal timing and scope,Wanted to get ahead of the renewal date so we have room to align on scope before the deadline.,"Wanted to get ahead of the renewal date so we have room to align on scope before the deadline.

Being candid: the timing is getting difficult on our end given the budget review.

-- Titan Industrial",0,0,2026-07-07 16:30:00,-0.26
EML-5464,THR-8115,ACC-1032,CNT-2136,DL-4051,mcole@titanindustrial.com,robert.j@intellia.ai,Inbound,Re: Renewal timing and scope,Wanted to get ahead of the renewal date so we have room to align on scope before the deadline.,"Wanted to get ahead of the renewal date so we have room to align on scope before the deadline.

Let me know what makes sense as a next step.

-- Michael",1,0,2026-07-09 18:15:00,-0.13
EML-5465,THR-8115,ACC-1032,CNT-2136,DL-4051,robert.j@intellia.ai,mcole@titanindustrial.com,Outbound,Re: Renewal timing and scope,Wanted to get ahead of the renewal date so we have room to align on scope before the deadline.,"Wanted to get ahead of the renewal date so we have room to align on scope before the deadline.

Being candid: the timing is getting difficult on our end given the budget review.

-- Titan Industrial",1,0,2026-07-09 09:45:00,-0.42
EML-5466,THR-8115,ACC-1032,CNT-2136,DL-4051,mcole@titanindustrial.com,robert.j@intellia.ai,Inbound,Re: Renewal timing and scope,Wanted to get ahead of the renewal date so we have room to align on scope before the deadline.,"Wanted to get ahead of the renewal date so we have room to align on scope before the deadline.

I want to flag that priorities have shifted since we last spoke.

-- Michael",1,0,2026-07-10 17:45:00,-0.37
EML-5467,THR-8115,ACC-1032,CNT-2136,DL-4051,robert.j@intellia.ai,mcole@titanindustrial.com,Outbound,Re: Renewal timing and scope,Wanted to get ahead of the renewal date so we have room to align on scope before the deadline.,"Wanted to get ahead of the renewal date so we have room to align on scope before the deadline.

I want to flag that priorities have shifted since we last spoke.

-- Titan Industrial",1,0,2026-07-11 14:00:00,-0.34
EML-5468,THR-8116,ACC-1032,CNT-2139,,robert.j@intellia.ai,rwhite@titanindustrial.com,Outbound,Pilot success criteria,Here are the success criteria we would use to judge the pilot at the end of the period.,"Here are the success criteria we would use to judge the pilot at the end of the period.

Flag anything I have missed and I will get it turned around.

-- Titan Industrial",0,0,2026-06-26 09:45:00,0.05
EML-5469,THR-8116,ACC-1032,CNT-2139,,rwhite@titanindustrial.com,robert.j@intellia.ai,Inbound,Re: Pilot success criteria,Here are the success criteria we would use to judge the pilot at the end of the period.,"Here are the success criteria we would use to judge the pilot at the end of the period.

Happy to set up time if that is easier than email.

-- Rachel",1,0,2026-06-29 11:15:00,0.04
EML-5470,THR-8116,ACC-1032,CNT-2139,,robert.j@intellia.ai,rwhite@titanindustrial.com,Outbound,Re: Pilot success criteria,Here are the success criteria we would use to judge the pilot at the end of the period.,"Here are the success criteria we would use to judge the pilot at the end of the period.

Flag anything I have missed and I will get it turned around.

-- Titan Industrial",1,0,2026-06-28 17:45:00,0.29
EML-5471,THR-8117,ACC-1032,CNT-2139,DL-4171,robert.j@intellia.ai,rwhite@titanindustrial.com,Outbound,Executive briefing logistics,Confirming logistics for the executive briefing and who we expect in the room.,"Confirming logistics for the executive briefing and who we expect in the room.

Let me know what makes sense as a next step.

-- Titan Industrial",0,1,2026-04-04 17:00:00,-0.04
EML-5472,THR-8117,ACC-1032,CNT-2139,DL-4171,rwhite@titanindustrial.com,robert.j@intellia.ai,Inbound,Re: Executive briefing logistics,Confirming logistics for the executive briefing and who we expect in the room.,"Confirming logistics for the executive briefing and who we expect in the room.

Let me know what makes sense as a next step.

-- Rachel",1,0,2026-04-05 09:15:00,0.21
EML-5473,THR-8117,ACC-1032,CNT-2139,DL-4171,robert.j@intellia.ai,rwhite@titanindustrial.com,Outbound,Re: Executive briefing logistics,Confirming logistics for the executive briefing and who we expect in the room.,"Confirming logistics for the executive briefing and who we expect in the room.

Flag anything I have missed and I will get it turned around.

-- Titan Industrial",1,0,2026-04-06 08:00:00,0.21
EML-5474,THR-8117,ACC-1032,CNT-2139,DL-4171,rwhite@titanindustrial.com,robert.j@intellia.ai,Inbound,Re: Executive briefing logistics,Confirming logistics for the executive briefing and who we expect in the room.,"Confirming logistics for the executive briefing and who we expect in the room.

Flag anything I have missed and I will get it turned around.

-- Rachel",1,0,2026-04-16 11:00:00,0.14
EML-5475,THR-8118,ACC-1033,CNT-2144,DL-4172,priya.m@intellia.ai,smendez@prismanalytics.com,Outbound,Following up on our discovery call,Great speaking earlier. Capturing what we agreed so nothing slips between now and the next session.,"Great speaking earlier. Capturing what we agreed so nothing slips between now and the next session.

Happy to set up time if that is easier than email.

-- Prism Analytics",0,0,2026-08-01 17:15:00,0.25
EML-5476,THR-8118,ACC-1033,CNT-2144,DL-4172,smendez@prismanalytics.com,priya.m@intellia.ai,Inbound,Re: Following up on our discovery call,Great speaking earlier. Capturing what we agreed so nothing slips between now and the next session.,"Great speaking earlier. Capturing what we agreed so nothing slips between now and the next session.

Flag anything I have missed and I will get it turned around.

-- Sarah",1,0,2026-08-05 11:00:00,0.03
EML-5477,THR-8118,ACC-1033,CNT-2144,DL-4172,priya.m@intellia.ai,smendez@prismanalytics.com,Outbound,Re: Following up on our discovery call,Great speaking earlier. Capturing what we agreed so nothing slips between now and the next session.,"Great speaking earlier. Capturing what we agreed so nothing slips between now and the next session.

Flag anything I have missed and I will get it turned around.

-- Prism Analytics",1,0,2026-08-07 18:45:00,0.17
EML-5478,THR-8119,ACC-1033,CNT-2140,DL-4172,priya.m@intellia.ai,owhite@prismanalytics.com,Outbound,Renewal timing and scope,Wanted to get ahead of the renewal date so we have room to align on scope before the deadline.,"Wanted to get ahead of the renewal date so we have room to align on scope before the deadline.

Flag anything I have missed and I will get it turned around.

-- Prism Analytics",0,0,2026-05-27 12:00:00,-0.15
EML-5479,THR-8119,ACC-1033,CNT-2140,DL-4172,owhite@prismanalytics.com,priya.m@intellia.ai,Inbound,Re: Renewal timing and scope,Wanted to get ahead of the renewal date so we have room to align on scope before the deadline.,"Wanted to get ahead of the renewal date so we have room to align on scope before the deadline.

Let me know what makes sense as a next step.

-- Omar",1,0,2026-05-28 17:30:00,-0.13
EML-5480,THR-8119,ACC-1033,CNT-2140,DL-4172,priya.m@intellia.ai,owhite@prismanalytics.com,Outbound,Re: Renewal timing and scope,Wanted to get ahead of the renewal date so we have room to align on scope before the deadline.,"Wanted to get ahead of the renewal date so we have room to align on scope before the deadline.

We may need to push this out a cycle -- I will know more after the leadership review.

-- Prism Analytics",1,0,2026-06-04 12:00:00,-0.44
EML-5481,THR-8119,ACC-1033,CNT-2140,DL-4172,owhite@prismanalytics.com,priya.m@intellia.ai,Inbound,Re: Renewal timing and scope,Wanted to get ahead of the renewal date so we have room to align on scope before the deadline.,"Wanted to get ahead of the renewal date so we have room to align on scope before the deadline.

We may need to push this out a cycle -- I will know more after the leadership review.

-- Omar",1,0,2026-06-05 13:15:00,-0.22
EML-5482,THR-8119,ACC-1033,CNT-2140,DL-4172,priya.m@intellia.ai,owhite@prismanalytics.com,Outbound,Re: Renewal timing and scope,Wanted to get ahead of the renewal date so we have room to align on scope before the deadline.,"Wanted to get ahead of the renewal date so we have room to align on scope before the deadline.

Flag anything I have missed and I will get it turned around.

-- Prism Analytics",1,0,2026-06-12 08:00:00,-0.13
EML-5483,THR-8119,ACC-1033,CNT-2140,DL-4172,owhite@prismanalytics.com,priya.m@intellia.ai,Inbound,Re: Renewal timing and scope,Wanted to get ahead of the renewal date so we have room to align on scope before the deadline.,"Wanted to get ahead of the renewal date so we have room to align on scope before the deadline.

Being candid: the timing is getting difficult on our end given the budget review.

-- Omar",1,0,2026-06-01 18:30:00,-0.21
EML-5484,THR-8120,ACC-1033,CNT-2145,DL-4052,priya.m@intellia.ai,awhite@prismanalytics.com,Outbound,Procurement paperwork,Procurement has the paperwork now. Flagging the two fields they need from your side to move it forward.,"Procurement has the paperwork now. Flagging the two fields they need from your side to move it forward.

I want to flag that priorities have shifted since we last spoke.

-- Prism Analytics",0,1,2026-07-26 10:00:00,-0.33
EML-5485,THR-8120,ACC-1033,CNT-2145,DL-4052,awhite@prismanalytics.com,priya.m@intellia.ai,Inbound,Re: Procurement paperwork,Procurement has the paperwork now. Flagging the two fields they need from your side to move it forward.,"Procurement has the paperwork now. Flagging the two fields they need from your side to move it forward.

Flag anything I have missed and I will get it turned around.

-- Amanda",1,0,2026-07-27 08:45:00,-0.19
EML-5486,THR-8120,ACC-1033,CNT-2145,DL-4052,priya.m@intellia.ai,awhite@prismanalytics.com,Outbound,Re: Procurement paperwork,Procurement has the paperwork now. Flagging the two fields they need from your side to move it forward.,"Procurement has the paperwork now. Flagging the two fields they need from your side to move it forward.

Happy to set up time if that is easier than email.

-- Prism Analytics",1,0,2026-07-30 17:15:00,-0.16
EML-5487,THR-8121,ACC-1034,CNT-2151,,michael.c@intellia.ai,hfischer@cobaltmining.com,Outbound,Security review questionnaire,Our security team has started the review. They flagged two questions on data residency and retention.,"Our security team has started the review. They flagged two questions on data residency and retention.

This is tracking well on our side -- happy to move at your pace.

-- Cobalt Mining",0,0,2026-07-19 16:30:00,0.36
EML-5488,THR-8121,ACC-1034,CNT-2151,,hfischer@cobaltmining.com,michael.c@intellia.ai,Inbound,Re: Security review questionnaire,Our security team has started the review. They flagged two questions on data residency and retention.,"Our security team has started the review. They flagged two questions on data residency and retention.

Flag anything I have missed and I will get it turned around.

-- Hannah",1,0,2026-07-20 11:30:00,0.34
EML-5489,THR-8121,ACC-1034,CNT-2151,,michael.c@intellia.ai,hfischer@cobaltmining.com,Outbound,Re: Security review questionnaire,Our security team has started the review. They flagged two questions on data residency and retention.,"Our security team has started the review. They flagged two questions on data residency and retention.

Appreciate the momentum here. Let me know if anything else would help.

-- Cobalt Mining",1,1,2026-07-27 12:30:00,0.41
EML-5490,THR-8121,ACC-1034,CNT-2151,,hfischer@cobaltmining.com,michael.c@intellia.ai,Inbound,Re: Security review questionnaire,Our security team has started the review. They flagged two questions on data residency and retention.,"Our security team has started the review. They flagged two questions on data residency and retention.

Let me know what makes sense as a next step.

-- Hannah",1,0,2026-07-31 12:15:00,0.25
EML-5491,THR-8122,ACC-1034,CNT-2146,DL-4173,michael.c@intellia.ai,rmiller@cobaltmining.com,Outbound,Following up on our discovery call,Great speaking earlier. Capturing what we agreed so nothing slips between now and the next session.,"Great speaking earlier. Capturing what we agreed so nothing slips between now and the next session.

Flag anything I have missed and I will get it turned around.

-- Cobalt Mining",0,1,2026-03-22 15:00:00,-0.18
EML-5492,THR-8122,ACC-1034,CNT-2146,DL-4173,rmiller@cobaltmining.com,michael.c@intellia.ai,Inbound,Re: Following up on our discovery call,Great speaking earlier. Capturing what we agreed so nothing slips between now and the next session.,"Great speaking earlier. Capturing what we agreed so nothing slips between now and the next session.

We may need to push this out a cycle -- I will know more after the leadership review.

-- Rachel",1,0,2026-03-23 16:45:00,-0.37
EML-5493,THR-8122,ACC-1034,CNT-2146,DL-4173,michael.c@intellia.ai,rmiller@cobaltmining.com,Outbound,Re: Following up on our discovery call,Great speaking earlier. Capturing what we agreed so nothing slips between now and the next session.,"Great speaking earlier. Capturing what we agreed so nothing slips between now and the next session.

We may need to push this out a cycle -- I will know more after the leadership review.

-- Cobalt Mining",1,1,2026-03-28 11:45:00,-0.22
EML-5494,THR-8122,ACC-1034,CNT-2146,DL-4173,rmiller@cobaltmining.com,michael.c@intellia.ai,Inbound,Re: Following up on our discovery call,Great speaking earlier. Capturing what we agreed so nothing slips between now and the next session.,"Great speaking earlier. Capturing what we agreed so nothing slips between now and the next session.

Happy to set up time if that is easier than email.

-- Rachel",1,0,2026-03-28 17:15:00,-0.18
EML-5495,THR-8122,ACC-1034,CNT-2146,DL-4173,michael.c@intellia.ai,rmiller@cobaltmining.com,Outbound,Re: Following up on our discovery call,Great speaking earlier. Capturing what we agreed so nothing slips between now and the next session.,"Great speaking earlier. Capturing what we agreed so nothing slips between now and the next session.

Happy to set up time if that is easier than email.

-- Cobalt Mining",1,0,2026-04-07 08:45:00,-0.2
EML-5496,THR-8123,ACC-1035,CNT-2152,DL-4114,brian.m@intellia.ai,pwalker@sentrysecurity.com,Outbound,Procurement paperwork,Procurement has the paperwork now. Flagging the two fields they need from your side to move it forward.,"Procurement has the paperwork now. Flagging the two fields they need from your side to move it forward.

Happy to set up time if that is easier than email.

-- Sentry Security",0,0,2026-05-06 09:00:00,0.08
EML-5497,THR-8123,ACC-1035,CNT-2152,DL-4114,pwalker@sentrysecurity.com,brian.m@intellia.ai,Inbound,Re: Procurement paperwork,Procurement has the paperwork now. Flagging the two fields they need from your side to move it forward.,"Procurement has the paperwork now. Flagging the two fields they need from your side to move it forward.

Happy to set up time if that is easier than email.

-- Priya",1,0,2026-05-08 18:00:00,0.1
EML-5498,THR-8123,ACC-1035,CNT-2152,DL-4114,brian.m@intellia.ai,pwalker@sentrysecurity.com,Outbound,Re: Procurement paperwork,Procurement has the paperwork now. Flagging the two fields they need from your side to move it forward.,"Procurement has the paperwork now. Flagging the two fields they need from your side to move it forward.

Flag anything I have missed and I will get it turned around.

-- Sentry Security",1,1,2026-05-08 17:30:00,0.34
EML-5499,THR-8124,ACC-1035,CNT-2152,DL-4054,brian.m@intellia.ai,pwalker@sentrysecurity.com,Outbound,Renewal timing and scope,Wanted to get ahead of the renewal date so we have room to align on scope before the deadline.,"Wanted to get ahead of the renewal date so we have room to align on scope before the deadline.

Happy to set up time if that is easier than email.

-- Sentry Security",0,0,2026-06-17 16:15:00,-0.06
EML-5500,THR-8124,ACC-1035,CNT-2152,DL-4054,pwalker@sentrysecurity.com,brian.m@intellia.ai,Inbound,Re: Renewal timing and scope,Wanted to get ahead of the renewal date so we have room to align on scope before the deadline.,"Wanted to get ahead of the renewal date so we have room to align on scope before the deadline.

Let me know what makes sense as a next step.

-- Priya",1,1,2026-06-19 10:00:00,-0.18
EML-5501,THR-8125,ACC-1036,CNT-2159,DL-4055,sophia.t@intellia.ai,sanderson@heliospower.com,Outbound,Renewal timing and scope,Wanted to get ahead of the renewal date so we have room to align on scope before the deadline.,"Wanted to get ahead of the renewal date so we have room to align on scope before the deadline.

Let me know what makes sense as a next step.

-- Helios Power",0,1,2026-04-09 10:45:00,-0.03
EML-5502,THR-8125,ACC-1036,CNT-2159,DL-4055,sanderson@heliospower.com,sophia.t@intellia.ai,Inbound,Re: Renewal timing and scope,Wanted to get ahead of the renewal date so we have room to align on scope before the deadline.,"Wanted to get ahead of the renewal date so we have room to align on scope before the deadline.

Let me know what makes sense as a next step.

-- Sarah",1,0,2026-04-11 18:00:00,-0.13
EML-5503,THR-8125,ACC-1036,CNT-2159,DL-4055,sophia.t@intellia.ai,sanderson@heliospower.com,Outbound,Re: Renewal timing and scope,Wanted to get ahead of the renewal date so we have room to align on scope before the deadline.,"Wanted to get ahead of the renewal date so we have room to align on scope before the deadline.

Flag anything I have missed and I will get it turned around.

-- Helios Power",1,0,2026-04-13 10:30:00,-0.2
EML-5504,THR-8125,ACC-1036,CNT-2159,DL-4055,sanderson@heliospower.com,sophia.t@intellia.ai,Inbound,Re: Renewal timing and scope,Wanted to get ahead of the renewal date so we have room to align on scope before the deadline.,"Wanted to get ahead of the renewal date so we have room to align on scope before the deadline.

Happy to set up time if that is easier than email.

-- Sarah",1,0,2026-04-21 13:15:00,-0.11
EML-5505,THR-8125,ACC-1036,CNT-2159,DL-4055,sophia.t@intellia.ai,sanderson@heliospower.com,Outbound,Re: Renewal timing and scope,Wanted to get ahead of the renewal date so we have room to align on scope before the deadline.,"Wanted to get ahead of the renewal date so we have room to align on scope before the deadline.

I want to flag that priorities have shifted since we last spoke.

-- Helios Power",1,0,2026-04-17 10:00:00,-0.35
EML-5506,THR-8126,ACC-1036,CNT-2158,DL-4115,sophia.t@intellia.ai,hwhite@heliospower.com,Outbound,Executive briefing logistics,Confirming logistics for the executive briefing and who we expect in the room.,"Confirming logistics for the executive briefing and who we expect in the room.

This is tracking well on our side -- happy to move at your pace.

-- Helios Power",0,1,2026-04-12 11:45:00,0.52
EML-5507,THR-8126,ACC-1036,CNT-2158,DL-4115,hwhite@heliospower.com,sophia.t@intellia.ai,Inbound,Re: Executive briefing logistics,Confirming logistics for the executive briefing and who we expect in the room.,"Confirming logistics for the executive briefing and who we expect in the room.

Appreciate the momentum here. Let me know if anything else would help.

-- Hannah",1,0,2026-04-16 12:15:00,0.71
EML-5508,THR-8126,ACC-1036,CNT-2158,DL-4115,sophia.t@intellia.ai,hwhite@heliospower.com,Outbound,Re: Executive briefing logistics,Confirming logistics for the executive briefing and who we expect in the room.,"Confirming logistics for the executive briefing and who we expect in the room.

This is tracking well on our side -- happy to move at your pace.

-- Helios Power",1,0,2026-04-20 12:45:00,0.85
EML-5509,THR-8126,ACC-1036,CNT-2158,DL-4115,hwhite@heliospower.com,sophia.t@intellia.ai,Inbound,Re: Executive briefing logistics,Confirming logistics for the executive briefing and who we expect in the room.,"Confirming logistics for the executive briefing and who we expect in the room.

Glad this is landing. I will keep the internal team aligned.

-- Hannah",1,0,2026-04-24 17:30:00,0.79
EML-5510,THR-8127,ACC-1036,CNT-2157,DL-4055,sophia.t@intellia.ai,snovak@heliospower.com,Outbound,Security review questionnaire,Our security team has started the review. They flagged two questions on data residency and retention.,"Our security team has started the review. They flagged two questions on data residency and retention.

This is tracking well on our side -- happy to move at your pace.

-- Helios Power",0,0,2026-06-03 10:45:00,0.39
EML-5511,THR-8127,ACC-1036,CNT-2157,DL-4055,snovak@heliospower.com,sophia.t@intellia.ai,Inbound,Re: Security review questionnaire,Our security team has started the review. They flagged two questions on data residency and retention.,"Our security team has started the review. They flagged two questions on data residency and retention.

Let me know what makes sense as a next step.

-- Sarah",1,1,2026-06-04 12:30:00,0.07
EML-5512,THR-8127,ACC-1036,CNT-2157,DL-4055,sophia.t@intellia.ai,snovak@heliospower.com,Outbound,Re: Security review questionnaire,Our security team has started the review. They flagged two questions on data residency and retention.,"Our security team has started the review. They flagged two questions on data residency and retention.

Happy to set up time if that is easier than email.

-- Helios Power",1,0,2026-06-07 13:30:00,0.27
EML-5513,THR-8127,ACC-1036,CNT-2157,DL-4055,snovak@heliospower.com,sophia.t@intellia.ai,Inbound,Re: Security review questionnaire,Our security team has started the review. They flagged two questions on data residency and retention.,"Our security team has started the review. They flagged two questions on data residency and retention.

Let me know what makes sense as a next step.

-- Sarah",1,1,2026-06-06 17:45:00,0.15
EML-5514,THR-8127,ACC-1036,CNT-2157,DL-4055,sophia.t@intellia.ai,snovak@heliospower.com,Outbound,Re: Security review questionnaire,Our security team has started the review. They flagged two questions on data residency and retention.,"Our security team has started the review. They flagged two questions on data residency and retention.

Appreciate the momentum here. Let me know if anything else would help.

-- Helios Power",1,0,2026-06-15 18:15:00,0.38
EML-5515,THR-8127,ACC-1036,CNT-2157,DL-4055,snovak@heliospower.com,sophia.t@intellia.ai,Inbound,Re: Security review questionnaire,Our security team has started the review. They flagged two questions on data residency and retention.,"Our security team has started the review. They flagged two questions on data residency and retention.

Let me know what makes sense as a next step.

-- Sarah",1,0,2026-06-18 11:15:00,0.15
EML-5516,THR-8128,ACC-1036,CNT-2157,DL-4175,sophia.t@intellia.ai,snovak@heliospower.com,Outbound,Integration architecture overview,Thanks for walking us through the architecture. The team had a few follow-ups on how the connector handles inc,"Thanks for walking us through the architecture. The team had a few follow-ups on how the connector handles incremental syncs.

Appreciate the momentum here. Let me know if anything else would help.

-- Helios Power",0,0,2026-05-25 10:45:00,0.4
EML-5517,THR-8128,ACC-1036,CNT-2157,DL-4175,snovak@heliospower.com,sophia.t@intellia.ai,Inbound,Re: Integration architecture overview,Thanks for walking us through the architecture. The team had a few follow-ups on how the connector handles inc,"Thanks for walking us through the architecture. The team had a few follow-ups on how the connector handles incremental syncs.

This is tracking well on our side -- happy to move at your pace.

-- Sarah",1,0,2026-05-26 16:00:00,0.39
EML-5518,THR-8129,ACC-1037,CNT-2163,DL-4176,daniel.w@intellia.ai,mmiller@fortressbank.com,Outbound,Following up on our discovery call,Great speaking earlier. Capturing what we agreed so nothing slips between now and the next session.,"Great speaking earlier. Capturing what we agreed so nothing slips between now and the next session.

Happy to set up time if that is easier than email.

-- Fortress Bank",0,0,2026-03-26 15:00:00,0.03
EML-5519,THR-8129,ACC-1037,CNT-2163,DL-4176,mmiller@fortressbank.com,daniel.w@intellia.ai,Inbound,Re: Following up on our discovery call,Great speaking earlier. Capturing what we agreed so nothing slips between now and the next session.,"Great speaking earlier. Capturing what we agreed so nothing slips between now and the next session.

Flag anything I have missed and I will get it turned around.

-- Mark",1,0,2026-03-29 14:45:00,0.26
EML-5520,THR-8129,ACC-1037,CNT-2163,DL-4176,daniel.w@intellia.ai,mmiller@fortressbank.com,Outbound,Re: Following up on our discovery call,Great speaking earlier. Capturing what we agreed so nothing slips between now and the next session.,"Great speaking earlier. Capturing what we agreed so nothing slips between now and the next session.

Happy to set up time if that is easier than email.

-- Fortress Bank",1,0,2026-03-30 14:30:00,-0.04
EML-5521,THR-8130,ACC-1037,CNT-2162,,daniel.w@intellia.ai,tchen@fortressbank.com,Outbound,Pilot success criteria,Here are the success criteria we would use to judge the pilot at the end of the period.,"Here are the success criteria we would use to judge the pilot at the end of the period.

Happy to set up time if that is easier than email.

-- Fortress Bank",0,0,2026-03-29 08:30:00,-0.02
EML-5522,THR-8130,ACC-1037,CNT-2162,,tchen@fortressbank.com,daniel.w@intellia.ai,Inbound,Re: Pilot success criteria,Here are the success criteria we would use to judge the pilot at the end of the period.,"Here are the success criteria we would use to judge the pilot at the end of the period.

Happy to set up time if that is easier than email.

-- Tom",1,0,2026-03-31 18:30:00,0.23
EML-5523,THR-8130,ACC-1037,CNT-2162,,daniel.w@intellia.ai,tchen@fortressbank.com,Outbound,Re: Pilot success criteria,Here are the success criteria we would use to judge the pilot at the end of the period.,"Here are the success criteria we would use to judge the pilot at the end of the period.

Let me know what makes sense as a next step.

-- Fortress Bank",1,0,2026-04-02 10:15:00,0.17
EML-5524,THR-8130,ACC-1037,CNT-2162,,tchen@fortressbank.com,daniel.w@intellia.ai,Inbound,Re: Pilot success criteria,Here are the success criteria we would use to judge the pilot at the end of the period.,"Here are the success criteria we would use to judge the pilot at the end of the period.

Happy to set up time if that is easier than email.

-- Tom",1,0,2026-04-01 16:30:00,0.2
EML-5525,THR-8131,ACC-1037,CNT-2164,DL-4056,daniel.w@intellia.ai,nclark@fortressbank.com,Outbound,Pricing and packaging for the rollout,"Sharing the packaging options we discussed, with the ramp assumptions called out separately.","Sharing the packaging options we discussed, with the ramp assumptions called out separately.

Appreciate the momentum here. Let me know if anything else would help.

-- Fortress Bank",0,0,2026-05-19 13:00:00,0.39
EML-5526,THR-8131,ACC-1037,CNT-2164,DL-4056,nclark@fortressbank.com,daniel.w@intellia.ai,Inbound,Re: Pricing and packaging for the rollout,"Sharing the packaging options we discussed, with the ramp assumptions called out separately.","Sharing the packaging options we discussed, with the ramp assumptions called out separately.

Appreciate the momentum here. Let me know if anything else would help.

-- Nina",1,0,2026-05-23 08:00:00,0.43
EML-5527,THR-8131,ACC-1037,CNT-2164,DL-4056,daniel.w@intellia.ai,nclark@fortressbank.com,Outbound,Re: Pricing and packaging for the rollout,"Sharing the packaging options we discussed, with the ramp assumptions called out separately.","Sharing the packaging options we discussed, with the ramp assumptions called out separately.

Flag anything I have missed and I will get it turned around.

-- Fortress Bank",1,0,2026-05-27 11:45:00,0.17
EML-5528,THR-8131,ACC-1037,CNT-2164,DL-4056,nclark@fortressbank.com,daniel.w@intellia.ai,Inbound,Re: Pricing and packaging for the rollout,"Sharing the packaging options we discussed, with the ramp assumptions called out separately.","Sharing the packaging options we discussed, with the ramp assumptions called out separately.

Happy to set up time if that is easier than email.

-- Nina",1,0,2026-05-25 15:30:00,0.14
EML-5529,THR-8131,ACC-1037,CNT-2164,DL-4056,daniel.w@intellia.ai,nclark@fortressbank.com,Outbound,Re: Pricing and packaging for the rollout,"Sharing the packaging options we discussed, with the ramp assumptions called out separately.","Sharing the packaging options we discussed, with the ramp assumptions called out separately.

Let me know what makes sense as a next step.

-- Fortress Bank",1,1,2026-05-31 14:15:00,0.15
EML-5530,THR-8131,ACC-1037,CNT-2164,DL-4056,nclark@fortressbank.com,daniel.w@intellia.ai,Inbound,Re: Pricing and packaging for the rollout,"Sharing the packaging options we discussed, with the ramp assumptions called out separately.","Sharing the packaging options we discussed, with the ramp assumptions called out separately.

This is tracking well on our side -- happy to move at your pace.

-- Nina",1,0,2026-05-24 17:30:00,0.42
EML-5531,THR-8132,ACC-1037,CNT-2162,,daniel.w@intellia.ai,tchen@fortressbank.com,Outbound,Pilot success criteria,Here are the success criteria we would use to judge the pilot at the end of the period.,"Here are the success criteria we would use to judge the pilot at the end of the period.

Let me know what makes sense as a next step.

-- Fortress Bank",0,0,2026-05-02 08:30:00,0.08
EML-5532,THR-8132,ACC-1037,CNT-2162,,tchen@fortressbank.com,daniel.w@intellia.ai,Inbound,Re: Pilot success criteria,Here are the success criteria we would use to judge the pilot at the end of the period.,"Here are the success criteria we would use to judge the pilot at the end of the period.

Let me know what makes sense as a next step.

-- Tom",1,0,2026-05-04 11:15:00,0.04
EML-5533,THR-8132,ACC-1037,CNT-2162,,daniel.w@intellia.ai,tchen@fortressbank.com,Outbound,Re: Pilot success criteria,Here are the success criteria we would use to judge the pilot at the end of the period.,"Here are the success criteria we would use to judge the pilot at the end of the period.

Flag anything I have missed and I will get it turned around.

-- Fortress Bank",1,0,2026-05-08 11:00:00,-0.03
EML-5534,THR-8132,ACC-1037,CNT-2162,,tchen@fortressbank.com,daniel.w@intellia.ai,Inbound,Re: Pilot success criteria,Here are the success criteria we would use to judge the pilot at the end of the period.,"Here are the success criteria we would use to judge the pilot at the end of the period.

Happy to set up time if that is easier than email.

-- Tom",1,0,2026-05-14 18:15:00,-0.07
EML-5535,THR-8132,ACC-1037,CNT-2162,,daniel.w@intellia.ai,tchen@fortressbank.com,Outbound,Re: Pilot success criteria,Here are the success criteria we would use to judge the pilot at the end of the period.,"Here are the success criteria we would use to judge the pilot at the end of the period.

Happy to set up time if that is easier than email.

-- Fortress Bank",1,0,2026-05-14 15:45:00,0.13
EML-5536,THR-8132,ACC-1037,CNT-2162,,tchen@fortressbank.com,daniel.w@intellia.ai,Inbound,Re: Pilot success criteria,Here are the success criteria we would use to judge the pilot at the end of the period.,"Here are the success criteria we would use to judge the pilot at the end of the period.

Happy to set up time if that is easier than email.

-- Tom",1,0,2026-05-17 17:45:00,0.06
EML-5537,THR-8133,ACC-1038,CNT-2166,,laura.a@intellia.ai,rcole@clarityhealth.com,Outbound,Renewal timing and scope,Wanted to get ahead of the renewal date so we have room to align on scope before the deadline.,"Wanted to get ahead of the renewal date so we have room to align on scope before the deadline.

We may need to push this out a cycle -- I will know more after the leadership review.

-- Clarity Health",0,0,2026-04-19 18:15:00,-0.31
EML-5538,THR-8133,ACC-1038,CNT-2166,,rcole@clarityhealth.com,laura.a@intellia.ai,Inbound,Re: Renewal timing and scope,Wanted to get ahead of the renewal date so we have room to align on scope before the deadline.,"Wanted to get ahead of the renewal date so we have room to align on scope before the deadline.

Let me know what makes sense as a next step.

-- Rachel",1,0,2026-04-21 16:45:00,-0.1
EML-5539,THR-8134,ACC-1038,CNT-2168,DL-4057,laura.a@intellia.ai,vwright@clarityhealth.com,Outbound,Renewal timing and scope,Wanted to get ahead of the renewal date so we have room to align on scope before the deadline.,"Wanted to get ahead of the renewal date so we have room to align on scope before the deadline.

This is tracking well on our side -- happy to move at your pace.

-- Clarity Health",0,1,2026-07-09 09:00:00,0.81
EML-5540,THR-8134,ACC-1038,CNT-2168,DL-4057,vwright@clarityhealth.com,laura.a@intellia.ai,Inbound,Re: Renewal timing and scope,Wanted to get ahead of the renewal date so we have room to align on scope before the deadline.,"Wanted to get ahead of the renewal date so we have room to align on scope before the deadline.

Appreciate the momentum here. Let me know if anything else would help.

-- Victor",1,0,2026-07-11 17:30:00,0.75
EML-5541,THR-8134,ACC-1038,CNT-2168,DL-4057,laura.a@intellia.ai,vwright@clarityhealth.com,Outbound,Re: Renewal timing and scope,Wanted to get ahead of the renewal date so we have room to align on scope before the deadline.,"Wanted to get ahead of the renewal date so we have room to align on scope before the deadline.

Glad this is landing. I will keep the internal team aligned.

-- Clarity Health",1,1,2026-07-11 12:15:00,0.7
EML-5542,THR-8134,ACC-1038,CNT-2168,DL-4057,vwright@clarityhealth.com,laura.a@intellia.ai,Inbound,Re: Renewal timing and scope,Wanted to get ahead of the renewal date so we have room to align on scope before the deadline.,"Wanted to get ahead of the renewal date so we have room to align on scope before the deadline.

Glad this is landing. I will keep the internal team aligned.

-- Victor",1,1,2026-07-15 13:00:00,0.74
EML-5543,THR-8134,ACC-1038,CNT-2168,DL-4057,laura.a@intellia.ai,vwright@clarityhealth.com,Outbound,Re: Renewal timing and scope,Wanted to get ahead of the renewal date so we have room to align on scope before the deadline.,"Wanted to get ahead of the renewal date so we have room to align on scope before the deadline.

Glad this is landing. I will keep the internal team aligned.

-- Clarity Health",1,0,2026-07-21 10:30:00,0.72
EML-5544,THR-8134,ACC-1038,CNT-2168,DL-4057,vwright@clarityhealth.com,laura.a@intellia.ai,Inbound,Re: Renewal timing and scope,Wanted to get ahead of the renewal date so we have room to align on scope before the deadline.,"Wanted to get ahead of the renewal date so we have room to align on scope before the deadline.

Glad this is landing. I will keep the internal team aligned.

-- Victor",1,1,2026-07-19 18:45:00,0.58
EML-5545,THR-8135,ACC-1038,CNT-2166,DL-4177,laura.a@intellia.ai,rcole@clarityhealth.com,Outbound,Integration architecture overview,Thanks for walking us through the architecture. The team had a few follow-ups on how the connector handles inc,"Thanks for walking us through the architecture. The team had a few follow-ups on how the connector handles incremental syncs.

Being candid: the timing is getting difficult on our end given the budget review.

-- Clarity Health",0,0,2026-03-23 15:15:00,-0.26
EML-5546,THR-8135,ACC-1038,CNT-2166,DL-4177,rcole@clarityhealth.com,laura.a@intellia.ai,Inbound,Re: Integration architecture overview,Thanks for walking us through the architecture. The team had a few follow-ups on how the connector handles inc,"Thanks for walking us through the architecture. The team had a few follow-ups on how the connector handles incremental syncs.

Being candid: the timing is getting difficult on our end given the budget review.

-- Rachel",1,0,2026-03-24 10:00:00,-0.29
EML-5547,THR-8135,ACC-1038,CNT-2166,DL-4177,laura.a@intellia.ai,rcole@clarityhealth.com,Outbound,Re: Integration architecture overview,Thanks for walking us through the architecture. The team had a few follow-ups on how the connector handles inc,"Thanks for walking us through the architecture. The team had a few follow-ups on how the connector handles incremental syncs.

Flag anything I have missed and I will get it turned around.

-- Clarity Health",1,0,2026-03-27 09:00:00,-0.2
EML-5548,THR-8136,ACC-1038,CNT-2168,DL-4117,laura.a@intellia.ai,vwright@clarityhealth.com,Outbound,Integration architecture overview,Thanks for walking us through the architecture. The team had a few follow-ups on how the connector handles inc,"Thanks for walking us through the architecture. The team had a few follow-ups on how the connector handles incremental syncs.

Happy to set up time if that is easier than email.

-- Clarity Health",0,0,2026-06-04 16:30:00,0.27
EML-5549,THR-8136,ACC-1038,CNT-2168,DL-4117,vwright@clarityhealth.com,laura.a@intellia.ai,Inbound,Re: Integration architecture overview,Thanks for walking us through the architecture. The team had a few follow-ups on how the connector handles inc,"Thanks for walking us through the architecture. The team had a few follow-ups on how the connector handles incremental syncs.

Happy to set up time if that is easier than email.

-- Victor",1,0,2026-06-08 15:45:00,0.27
EML-5550,THR-8137,ACC-1039,CNT-2170,DL-4178,tom.c@intellia.ai,tjackson@nouveauretail.com,Outbound,Pricing and packaging for the rollout,"Sharing the packaging options we discussed, with the ramp assumptions called out separately.","Sharing the packaging options we discussed, with the ramp assumptions called out separately.

Let me know what makes sense as a next step.

-- Nouveau Retail",0,1,2026-07-20 10:30:00,0.32
EML-5551,THR-8137,ACC-1039,CNT-2170,DL-4178,tjackson@nouveauretail.com,tom.c@intellia.ai,Inbound,Re: Pricing and packaging for the rollout,"Sharing the packaging options we discussed, with the ramp assumptions called out separately.","Sharing the packaging options we discussed, with the ramp assumptions called out separately.

Flag anything I have missed and I will get it turned around.

-- Tom",1,0,2026-07-23 18:00:00,0.14
EML-5552,THR-8137,ACC-1039,CNT-2170,DL-4178,tom.c@intellia.ai,tjackson@nouveauretail.com,Outbound,Re: Pricing and packaging for the rollout,"Sharing the packaging options we discussed, with the ramp assumptions called out separately.","Sharing the packaging options we discussed, with the ramp assumptions called out separately.

Happy to set up time if that is easier than email.

-- Nouveau Retail",1,0,2026-07-22 15:45:00,0.33
EML-5553,THR-8137,ACC-1039,CNT-2170,DL-4178,tjackson@nouveauretail.com,tom.c@intellia.ai,Inbound,Re: Pricing and packaging for the rollout,"Sharing the packaging options we discussed, with the ramp assumptions called out separately.","Sharing the packaging options we discussed, with the ramp assumptions called out separately.

Happy to set up time if that is easier than email.

-- Tom",1,0,2026-07-29 17:45:00,0.15
EML-5554,THR-8138,ACC-1039,CNT-2170,DL-4118,tom.c@intellia.ai,tjackson@nouveauretail.com,Outbound,Pilot success criteria,Here are the success criteria we would use to judge the pilot at the end of the period.,"Here are the success criteria we would use to judge the pilot at the end of the period.

This is tracking well on our side -- happy to move at your pace.

-- Nouveau Retail",0,0,2026-08-08 10:45:00,0.45
EML-5555,THR-8138,ACC-1039,CNT-2170,DL-4118,tjackson@nouveauretail.com,tom.c@intellia.ai,Inbound,Re: Pilot success criteria,Here are the success criteria we would use to judge the pilot at the end of the period.,"Here are the success criteria we would use to judge the pilot at the end of the period.

Appreciate the momentum here. Let me know if anything else would help.

-- Tom",1,0,2026-08-11 12:30:00,0.51
EML-5556,THR-8138,ACC-1039,CNT-2170,DL-4118,tom.c@intellia.ai,tjackson@nouveauretail.com,Outbound,Re: Pilot success criteria,Here are the success criteria we would use to judge the pilot at the end of the period.,"Here are the success criteria we would use to judge the pilot at the end of the period.

Let me know what makes sense as a next step.

-- Nouveau Retail",1,0,2026-08-12 15:15:00,0.33
EML-5557,THR-8138,ACC-1039,CNT-2170,DL-4118,tjackson@nouveauretail.com,tom.c@intellia.ai,Inbound,Re: Pilot success criteria,Here are the success criteria we would use to judge the pilot at the end of the period.,"Here are the success criteria we would use to judge the pilot at the end of the period.

Glad this is landing. I will keep the internal team aligned.

-- Tom",1,0,2026-08-13 08:00:00,0.59
EML-5558,THR-8139,ACC-1040,CNT-2175,,jessica.c@intellia.ai,ewhite@orionaerospace.com,Outbound,Pricing and packaging for the rollout,"Sharing the packaging options we discussed, with the ramp assumptions called out separately.","Sharing the packaging options we discussed, with the ramp assumptions called out separately.

Let me know what makes sense as a next step.

-- Orion Aerospace",0,0,2026-07-26 10:15:00,-0.13
EML-5559,THR-8139,ACC-1040,CNT-2175,,ewhite@orionaerospace.com,jessica.c@intellia.ai,Inbound,Re: Pricing and packaging for the rollout,"Sharing the packaging options we discussed, with the ramp assumptions called out separately.","Sharing the packaging options we discussed, with the ramp assumptions called out separately.

Flag anything I have missed and I will get it turned around.

-- Emily",1,1,2026-07-30 18:30:00,-0.03
EML-5560,THR-8140,ACC-1040,CNT-2176,DL-4179,jessica.c@intellia.ai,eclark@orionaerospace.com,Outbound,Pilot success criteria,Here are the success criteria we would use to judge the pilot at the end of the period.,"Here are the success criteria we would use to judge the pilot at the end of the period.

Happy to set up time if that is easier than email.

-- Orion Aerospace",0,1,2026-07-15 17:45:00,0.03
EML-5561,THR-8140,ACC-1040,CNT-2176,DL-4179,eclark@orionaerospace.com,jessica.c@intellia.ai,Inbound,Re: Pilot success criteria,Here are the success criteria we would use to judge the pilot at the end of the period.,"Here are the success criteria we would use to judge the pilot at the end of the period.

Let me know what makes sense as a next step.

-- Elena",1,0,2026-07-17 12:15:00,-0.08
EML-5562,THR-8140,ACC-1040,CNT-2176,DL-4179,jessica.c@intellia.ai,eclark@orionaerospace.com,Outbound,Re: Pilot success criteria,Here are the success criteria we would use to judge the pilot at the end of the period.,"Here are the success criteria we would use to judge the pilot at the end of the period.

Happy to set up time if that is easier than email.

-- Orion Aerospace",1,0,2026-07-23 18:30:00,0.09
EML-5563,THR-8141,ACC-1041,CNT-2180,,elena.b@intellia.ai,ganderson@hyperioncloud.com,Outbound,Procurement paperwork,Procurement has the paperwork now. Flagging the two fields they need from your side to move it forward.,"Procurement has the paperwork now. Flagging the two fields they need from your side to move it forward.

Happy to set up time if that is easier than email.

-- Hyperion Cloud",0,0,2026-03-20 14:15:00,-0.09
EML-5564,THR-8141,ACC-1041,CNT-2180,,ganderson@hyperioncloud.com,elena.b@intellia.ai,Inbound,Re: Procurement paperwork,Procurement has the paperwork now. Flagging the two fields they need from your side to move it forward.,"Procurement has the paperwork now. Flagging the two fields they need from your side to move it forward.

Happy to set up time if that is easier than email.

-- Grace",1,1,2026-03-21 10:15:00,-0.14
EML-5565,THR-8142,ACC-1041,CNT-2181,DL-4120,elena.b@intellia.ai,gmiller@hyperioncloud.com,Outbound,Pilot success criteria,Here are the success criteria we would use to judge the pilot at the end of the period.,"Here are the success criteria we would use to judge the pilot at the end of the period.

Happy to set up time if that is easier than email.

-- Hyperion Cloud",0,0,2026-04-05 17:00:00,0.27
EML-5566,THR-8142,ACC-1041,CNT-2181,DL-4120,gmiller@hyperioncloud.com,elena.b@intellia.ai,Inbound,Re: Pilot success criteria,Here are the success criteria we would use to judge the pilot at the end of the period.,"Here are the success criteria we would use to judge the pilot at the end of the period.

Happy to set up time if that is easier than email.

-- Grace",1,1,2026-04-08 11:15:00,0.21
EML-5567,THR-8142,ACC-1041,CNT-2181,DL-4120,elena.b@intellia.ai,gmiller@hyperioncloud.com,Outbound,Re: Pilot success criteria,Here are the success criteria we would use to judge the pilot at the end of the period.,"Here are the success criteria we would use to judge the pilot at the end of the period.

Let me know what makes sense as a next step.

-- Hyperion Cloud",1,0,2026-04-07 14:45:00,0.29
EML-5568,THR-8143,ACC-1041,CNT-2183,DL-4060,elena.b@intellia.ai,nrostova@hyperioncloud.com,Outbound,Integration architecture overview,Thanks for walking us through the architecture. The team had a few follow-ups on how the connector handles inc,"Thanks for walking us through the architecture. The team had a few follow-ups on how the connector handles incremental syncs.

Flag anything I have missed and I will get it turned around.

-- Hyperion Cloud",0,0,2026-04-14 10:00:00,0.23
EML-5569,THR-8143,ACC-1041,CNT-2183,DL-4060,nrostova@hyperioncloud.com,elena.b@intellia.ai,Inbound,Re: Integration architecture overview,Thanks for walking us through the architecture. The team had a few follow-ups on how the connector handles inc,"Thanks for walking us through the architecture. The team had a few follow-ups on how the connector handles incremental syncs.

Flag anything I have missed and I will get it turned around.

-- Nina",1,0,2026-04-17 15:30:00,0.06
EML-5570,THR-8143,ACC-1041,CNT-2183,DL-4060,elena.b@intellia.ai,nrostova@hyperioncloud.com,Outbound,Re: Integration architecture overview,Thanks for walking us through the architecture. The team had a few follow-ups on how the connector handles inc,"Thanks for walking us through the architecture. The team had a few follow-ups on how the connector handles incremental syncs.

Let me know what makes sense as a next step.

-- Hyperion Cloud",1,1,2026-04-18 10:15:00,0.06
EML-5571,THR-8143,ACC-1041,CNT-2183,DL-4060,nrostova@hyperioncloud.com,elena.b@intellia.ai,Inbound,Re: Integration architecture overview,Thanks for walking us through the architecture. The team had a few follow-ups on how the connector handles inc,"Thanks for walking us through the architecture. The team had a few follow-ups on how the connector handles incremental syncs.

Let me know what makes sense as a next step.

-- Nina",1,0,2026-04-26 08:30:00,0.22
EML-5572,THR-8143,ACC-1041,CNT-2183,DL-4060,elena.b@intellia.ai,nrostova@hyperioncloud.com,Outbound,Re: Integration architecture overview,Thanks for walking us through the architecture. The team had a few follow-ups on how the connector handles inc,"Thanks for walking us through the architecture. The team had a few follow-ups on how the connector handles incremental syncs.

Let me know what makes sense as a next step.

-- Hyperion Cloud",1,0,2026-04-30 18:15:00,0.12
EML-5573,THR-8144,ACC-1041,CNT-2183,DL-4060,elena.b@intellia.ai,nrostova@hyperioncloud.com,Outbound,Pricing and packaging for the rollout,"Sharing the packaging options we discussed, with the ramp assumptions called out separately.","Sharing the packaging options we discussed, with the ramp assumptions called out separately.

Flag anything I have missed and I will get it turned around.

-- Hyperion Cloud",0,0,2026-04-18 11:15:00,0.13
EML-5574,THR-8144,ACC-1041,CNT-2183,DL-4060,nrostova@hyperioncloud.com,elena.b@intellia.ai,Inbound,Re: Pricing and packaging for the rollout,"Sharing the packaging options we discussed, with the ramp assumptions called out separately.","Sharing the packaging options we discussed, with the ramp assumptions called out separately.

Happy to set up time if that is easier than email.

-- Nina",1,1,2026-04-22 08:45:00,0.01
EML-5575,THR-8145,ACC-1042,CNT-2189,DL-4181,robert.j@intellia.ai,ssharma@astralmedia.com,Outbound,Following up on our discovery call,Great speaking earlier. Capturing what we agreed so nothing slips between now and the next session.,"Great speaking earlier. Capturing what we agreed so nothing slips between now and the next session.

I want to flag that priorities have shifted since we last spoke.

-- Astral Media",0,0,2026-04-19 17:30:00,-0.59
EML-5576,THR-8145,ACC-1042,CNT-2189,DL-4181,ssharma@astralmedia.com,robert.j@intellia.ai,Inbound,Re: Following up on our discovery call,Great speaking earlier. Capturing what we agreed so nothing slips between now and the next session.,"Great speaking earlier. Capturing what we agreed so nothing slips between now and the next session.

Being candid: the timing is getting difficult on our end given the budget review.

-- Sarah",1,0,2026-04-23 08:45:00,-0.49
EML-5577,THR-8145,ACC-1042,CNT-2189,DL-4181,robert.j@intellia.ai,ssharma@astralmedia.com,Outbound,Re: Following up on our discovery call,Great speaking earlier. Capturing what we agreed so nothing slips between now and the next session.,"Great speaking earlier. Capturing what we agreed so nothing slips between now and the next session.

We may need to push this out a cycle -- I will know more after the leadership review.

-- Astral Media",1,1,2026-04-27 15:45:00,-0.51
EML-5578,THR-8145,ACC-1042,CNT-2189,DL-4181,ssharma@astralmedia.com,robert.j@intellia.ai,Inbound,Re: Following up on our discovery call,Great speaking earlier. Capturing what we agreed so nothing slips between now and the next session.,"Great speaking earlier. Capturing what we agreed so nothing slips between now and the next session.

We may need to push this out a cycle -- I will know more after the leadership review.

-- Sarah",1,0,2026-04-28 08:00:00,-0.61
EML-5579,THR-8145,ACC-1042,CNT-2189,DL-4181,robert.j@intellia.ai,ssharma@astralmedia.com,Outbound,Re: Following up on our discovery call,Great speaking earlier. Capturing what we agreed so nothing slips between now and the next session.,"Great speaking earlier. Capturing what we agreed so nothing slips between now and the next session.

I want to flag that priorities have shifted since we last spoke.

-- Astral Media",1,0,2026-05-01 18:00:00,-0.47
EML-5580,THR-8145,ACC-1042,CNT-2189,DL-4181,ssharma@astralmedia.com,robert.j@intellia.ai,Inbound,Re: Following up on our discovery call,Great speaking earlier. Capturing what we agreed so nothing slips between now and the next session.,"Great speaking earlier. Capturing what we agreed so nothing slips between now and the next session.

Being candid: the timing is getting difficult on our end given the budget review.

-- Sarah",1,0,2026-05-04 16:00:00,-0.61
EML-5581,THR-8146,ACC-1042,CNT-2186,,robert.j@intellia.ai,mmiller@astralmedia.com,Outbound,Security review questionnaire,Our security team has started the review. They flagged two questions on data residency and retention.,"Our security team has started the review. They flagged two questions on data residency and retention.

Let me know what makes sense as a next step.

-- Astral Media",0,1,2026-03-22 09:45:00,-0.18
EML-5582,THR-8146,ACC-1042,CNT-2186,,mmiller@astralmedia.com,robert.j@intellia.ai,Inbound,Re: Security review questionnaire,Our security team has started the review. They flagged two questions on data residency and retention.,"Our security team has started the review. They flagged two questions on data residency and retention.

Happy to set up time if that is easier than email.

-- Michael",1,0,2026-03-26 16:45:00,-0.01
EML-5583,THR-8146,ACC-1042,CNT-2186,,robert.j@intellia.ai,mmiller@astralmedia.com,Outbound,Re: Security review questionnaire,Our security team has started the review. They flagged two questions on data residency and retention.,"Our security team has started the review. They flagged two questions on data residency and retention.

Let me know what makes sense as a next step.

-- Astral Media",1,0,2026-03-24 14:15:00,-0.09
EML-5584,THR-8147,ACC-1042,CNT-2184,DL-4181,robert.j@intellia.ai,mfischer@astralmedia.com,Outbound,Executive briefing logistics,Confirming logistics for the executive briefing and who we expect in the room.,"Confirming logistics for the executive briefing and who we expect in the room.

Being candid: the timing is getting difficult on our end given the budget review.

-- Astral Media",0,0,2026-06-19 14:45:00,-0.22
EML-5585,THR-8147,ACC-1042,CNT-2184,DL-4181,mfischer@astralmedia.com,robert.j@intellia.ai,Inbound,Re: Executive briefing logistics,Confirming logistics for the executive briefing and who we expect in the room.,"Confirming logistics for the executive briefing and who we expect in the room.

I want to flag that priorities have shifted since we last spoke.

-- Mark",1,0,2026-06-20 16:15:00,-0.23
EML-5586,THR-8147,ACC-1042,CNT-2184,DL-4181,robert.j@intellia.ai,mfischer@astralmedia.com,Outbound,Re: Executive briefing logistics,Confirming logistics for the executive briefing and who we expect in the room.,"Confirming logistics for the executive briefing and who we expect in the room.

Flag anything I have missed and I will get it turned around.

-- Astral Media",1,0,2026-06-23 15:45:00,-0.05
EML-5587,THR-8147,ACC-1042,CNT-2184,DL-4181,mfischer@astralmedia.com,robert.j@intellia.ai,Inbound,Re: Executive briefing logistics,Confirming logistics for the executive briefing and who we expect in the room.,"Confirming logistics for the executive briefing and who we expect in the room.

Let me know what makes sense as a next step.

-- Mark",1,0,2026-06-22 08:15:00,-0.13
EML-5588,THR-8147,ACC-1042,CNT-2184,DL-4181,robert.j@intellia.ai,mfischer@astralmedia.com,Outbound,Re: Executive briefing logistics,Confirming logistics for the executive briefing and who we expect in the room.,"Confirming logistics for the executive briefing and who we expect in the room.

Being candid: the timing is getting difficult on our end given the budget review.

-- Astral Media",1,0,2026-07-05 08:15:00,-0.24
EML-5589,THR-8147,ACC-1042,CNT-2184,DL-4181,mfischer@astralmedia.com,robert.j@intellia.ai,Inbound,Re: Executive briefing logistics,Confirming logistics for the executive briefing and who we expect in the room.,"Confirming logistics for the executive briefing and who we expect in the room.

Let me know what makes sense as a next step.

-- Mark",1,0,2026-06-29 18:15:00,-0.04
EML-5590,THR-8148,ACC-1043,CNT-2191,DL-4002,priya.m@intellia.ai,tsharma@summitfinancial.com,Outbound,Renewal timing and scope,Wanted to get ahead of the renewal date so we have room to align on scope before the deadline.,"Wanted to get ahead of the renewal date so we have room to align on scope before the deadline.

Let me know what makes sense as a next step.

-- Summit Financial",0,0,2026-05-27 12:15:00,0.22
EML-5591,THR-8148,ACC-1043,CNT-2191,DL-4002,tsharma@summitfinancial.com,priya.m@intellia.ai,Inbound,Re: Renewal timing and scope,Wanted to get ahead of the renewal date so we have room to align on scope before the deadline.,"Wanted to get ahead of the renewal date so we have room to align on scope before the deadline.

Flag anything I have missed and I will get it turned around.

-- Tom",1,1,2026-05-30 11:45:00,0.35
EML-5592,THR-8148,ACC-1043,CNT-2191,DL-4002,priya.m@intellia.ai,tsharma@summitfinancial.com,Outbound,Re: Renewal timing and scope,Wanted to get ahead of the renewal date so we have room to align on scope before the deadline.,"Wanted to get ahead of the renewal date so we have room to align on scope before the deadline.

Flag anything I have missed and I will get it turned around.

-- Summit Financial",1,1,2026-05-29 18:15:00,0.27
EML-5593,THR-8148,ACC-1043,CNT-2191,DL-4002,tsharma@summitfinancial.com,priya.m@intellia.ai,Inbound,Re: Renewal timing and scope,Wanted to get ahead of the renewal date so we have room to align on scope before the deadline.,"Wanted to get ahead of the renewal date so we have room to align on scope before the deadline.

Appreciate the momentum here. Let me know if anything else would help.

-- Tom",1,0,2026-06-02 12:15:00,0.36
EML-5594,THR-8148,ACC-1043,CNT-2191,DL-4002,priya.m@intellia.ai,tsharma@summitfinancial.com,Outbound,Re: Renewal timing and scope,Wanted to get ahead of the renewal date so we have room to align on scope before the deadline.,"Wanted to get ahead of the renewal date so we have room to align on scope before the deadline.

This is tracking well on our side -- happy to move at your pace.

-- Summit Financial",1,1,2026-06-12 17:30:00,0.48
EML-5595,THR-8149,ACC-1043,CNT-2193,DL-4122,priya.m@intellia.ai,randerson@summitfinancial.com,Outbound,Following up on our discovery call,Great speaking earlier. Capturing what we agreed so nothing slips between now and the next session.,"Great speaking earlier. Capturing what we agreed so nothing slips between now and the next session.

Happy to set up time if that is easier than email.

-- Summit Financial",0,0,2026-05-29 18:30:00,-0.16
EML-5596,THR-8149,ACC-1043,CNT-2193,DL-4122,randerson@summitfinancial.com,priya.m@intellia.ai,Inbound,Re: Following up on our discovery call,Great speaking earlier. Capturing what we agreed so nothing slips between now and the next session.,"Great speaking earlier. Capturing what we agreed so nothing slips between now and the next session.

I want to flag that priorities have shifted since we last spoke.

-- Rachel",1,0,2026-06-02 09:30:00,-0.3
EML-5597,THR-8149,ACC-1043,CNT-2193,DL-4122,priya.m@intellia.ai,randerson@summitfinancial.com,Outbound,Re: Following up on our discovery call,Great speaking earlier. Capturing what we agreed so nothing slips between now and the next session.,"Great speaking earlier. Capturing what we agreed so nothing slips between now and the next session.

Happy to set up time if that is easier than email.

-- Summit Financial",1,1,2026-05-31 15:30:00,-0.19
EML-5598,THR-8149,ACC-1043,CNT-2193,DL-4122,randerson@summitfinancial.com,priya.m@intellia.ai,Inbound,Re: Following up on our discovery call,Great speaking earlier. Capturing what we agreed so nothing slips between now and the next session.,"Great speaking earlier. Capturing what we agreed so nothing slips between now and the next session.

Being candid: the timing is getting difficult on our end given the budget review.

-- Rachel",1,1,2026-06-10 17:45:00,-0.42
EML-5599,THR-8150,ACC-1043,CNT-2195,DL-4122,priya.m@intellia.ai,tanderson@summitfinancial.com,Outbound,Procurement paperwork,Procurement has the paperwork now. Flagging the two fields they need from your side to move it forward.,"Procurement has the paperwork now. Flagging the two fields they need from your side to move it forward.

Appreciate the momentum here. Let me know if anything else would help.

-- Summit Financial",0,1,2026-04-30 14:15:00,0.76
EML-5600,THR-8150,ACC-1043,CNT-2195,DL-4122,tanderson@summitfinancial.com,priya.m@intellia.ai,Inbound,Re: Procurement paperwork,Procurement has the paperwork now. Flagging the two fields they need from your side to move it forward.,"Procurement has the paperwork now. Flagging the two fields they need from your side to move it forward.

This is tracking well on our side -- happy to move at your pace.

-- Tom",1,0,2026-05-04 13:15:00,0.72
EML-5601,THR-8150,ACC-1043,CNT-2195,DL-4122,priya.m@intellia.ai,tanderson@summitfinancial.com,Outbound,Re: Procurement paperwork,Procurement has the paperwork now. Flagging the two fields they need from your side to move it forward.,"Procurement has the paperwork now. Flagging the two fields they need from your side to move it forward.

This is tracking well on our side -- happy to move at your pace.

-- Summit Financial",1,0,2026-05-08 10:00:00,0.83
EML-5602,THR-8151,ACC-1043,CNT-2191,DL-4182,priya.m@intellia.ai,tsharma@summitfinancial.com,Outbound,Pricing and packaging for the rollout,"Sharing the packaging options we discussed, with the ramp assumptions called out separately.","Sharing the packaging options we discussed, with the ramp assumptions called out separately.

This is tracking well on our side -- happy to move at your pace.

-- Summit Financial",0,0,2026-04-06 12:30:00,0.76
EML-5603,THR-8151,ACC-1043,CNT-2191,DL-4182,tsharma@summitfinancial.com,priya.m@intellia.ai,Inbound,Re: Pricing and packaging for the rollout,"Sharing the packaging options we discussed, with the ramp assumptions called out separately.","Sharing the packaging options we discussed, with the ramp assumptions called out separately.

Glad this is landing. I will keep the internal team aligned.

-- Tom",1,0,2026-04-10 13:15:00,0.77
EML-5604,THR-8151,ACC-1043,CNT-2191,DL-4182,priya.m@intellia.ai,tsharma@summitfinancial.com,Outbound,Re: Pricing and packaging for the rollout,"Sharing the packaging options we discussed, with the ramp assumptions called out separately.","Sharing the packaging options we discussed, with the ramp assumptions called out separately.

Glad this is landing. I will keep the internal team aligned.

-- Summit Financial",1,0,2026-04-12 16:15:00,0.68
EML-5605,THR-8151,ACC-1043,CNT-2191,DL-4182,tsharma@summitfinancial.com,priya.m@intellia.ai,Inbound,Re: Pricing and packaging for the rollout,"Sharing the packaging options we discussed, with the ramp assumptions called out separately.","Sharing the packaging options we discussed, with the ramp assumptions called out separately.

Glad this is landing. I will keep the internal team aligned.

-- Tom",1,0,2026-04-12 11:00:00,0.44
EML-5606,THR-8151,ACC-1043,CNT-2191,DL-4182,priya.m@intellia.ai,tsharma@summitfinancial.com,Outbound,Re: Pricing and packaging for the rollout,"Sharing the packaging options we discussed, with the ramp assumptions called out separately.","Sharing the packaging options we discussed, with the ramp assumptions called out separately.

Appreciate the momentum here. Let me know if anything else would help.

-- Summit Financial",1,1,2026-04-22 09:30:00,0.67
EML-5607,THR-8152,ACC-1043,CNT-2193,DL-4182,priya.m@intellia.ai,randerson@summitfinancial.com,Outbound,Pricing and packaging for the rollout,"Sharing the packaging options we discussed, with the ramp assumptions called out separately.","Sharing the packaging options we discussed, with the ramp assumptions called out separately.

Happy to set up time if that is easier than email.

-- Summit Financial",0,0,2026-06-10 09:00:00,-0.01
EML-5608,THR-8152,ACC-1043,CNT-2193,DL-4182,randerson@summitfinancial.com,priya.m@intellia.ai,Inbound,Re: Pricing and packaging for the rollout,"Sharing the packaging options we discussed, with the ramp assumptions called out separately.","Sharing the packaging options we discussed, with the ramp assumptions called out separately.

Let me know what makes sense as a next step.

-- Rachel",1,0,2026-06-13 09:30:00,0.0
EML-5609,THR-8152,ACC-1043,CNT-2193,DL-4182,priya.m@intellia.ai,randerson@summitfinancial.com,Outbound,Re: Pricing and packaging for the rollout,"Sharing the packaging options we discussed, with the ramp assumptions called out separately.","Sharing the packaging options we discussed, with the ramp assumptions called out separately.

Let me know what makes sense as a next step.

-- Summit Financial",1,0,2026-06-12 10:45:00,-0.04
EML-5610,THR-8152,ACC-1043,CNT-2193,DL-4182,randerson@summitfinancial.com,priya.m@intellia.ai,Inbound,Re: Pricing and packaging for the rollout,"Sharing the packaging options we discussed, with the ramp assumptions called out separately.","Sharing the packaging options we discussed, with the ramp assumptions called out separately.

Happy to set up time if that is easier than email.

-- Rachel",1,0,2026-06-19 12:30:00,-0.13
EML-5611,THR-8152,ACC-1043,CNT-2193,DL-4182,priya.m@intellia.ai,randerson@summitfinancial.com,Outbound,Re: Pricing and packaging for the rollout,"Sharing the packaging options we discussed, with the ramp assumptions called out separately.","Sharing the packaging options we discussed, with the ramp assumptions called out separately.

Flag anything I have missed and I will get it turned around.

-- Summit Financial",1,0,2026-06-22 17:15:00,-0.19
EML-5612,THR-8153,ACC-1044,CNT-2197,DL-4063,michael.c@intellia.ai,gsharma@vectorbiotech.com,Outbound,Integration architecture overview,Thanks for walking us through the architecture. The team had a few follow-ups on how the connector handles inc,"Thanks for walking us through the architecture. The team had a few follow-ups on how the connector handles incremental syncs.

This is tracking well on our side -- happy to move at your pace.

-- Vector Biotech",0,1,2026-07-16 16:15:00,0.66
EML-5613,THR-8153,ACC-1044,CNT-2197,DL-4063,gsharma@vectorbiotech.com,michael.c@intellia.ai,Inbound,Re: Integration architecture overview,Thanks for walking us through the architecture. The team had a few follow-ups on how the connector handles inc,"Thanks for walking us through the architecture. The team had a few follow-ups on how the connector handles incremental syncs.

Flag anything I have missed and I will get it turned around.

-- Grace",1,0,2026-07-20 17:00:00,0.31
EML-5614,THR-8154,ACC-1044,CNT-2200,DL-4063,michael.c@intellia.ai,lokafor@vectorbiotech.com,Outbound,Following up on our discovery call,Great speaking earlier. Capturing what we agreed so nothing slips between now and the next session.,"Great speaking earlier. Capturing what we agreed so nothing slips between now and the next session.

Happy to set up time if that is easier than email.

-- Vector Biotech",0,0,2026-05-23 13:15:00,0.33
EML-5615,THR-8154,ACC-1044,CNT-2200,DL-4063,lokafor@vectorbiotech.com,michael.c@intellia.ai,Inbound,Re: Following up on our discovery call,Great speaking earlier. Capturing what we agreed so nothing slips between now and the next session.,"Great speaking earlier. Capturing what we agreed so nothing slips between now and the next session.

Flag anything I have missed and I will get it turned around.

-- Laura",1,0,2026-05-25 10:30:00,0.32
EML-5616,THR-8154,ACC-1044,CNT-2200,DL-4063,michael.c@intellia.ai,lokafor@vectorbiotech.com,Outbound,Re: Following up on our discovery call,Great speaking earlier. Capturing what we agreed so nothing slips between now and the next session.,"Great speaking earlier. Capturing what we agreed so nothing slips between now and the next session.

Appreciate the momentum here. Let me know if anything else would help.

-- Vector Biotech",1,1,2026-05-29 17:00:00,0.52
EML-5617,THR-8155,ACC-1045,CNT-2203,DL-4004,brian.m@intellia.ai,emendez@eclipsesystems.com,Outbound,Pilot success criteria,Here are the success criteria we would use to judge the pilot at the end of the period.,"Here are the success criteria we would use to judge the pilot at the end of the period.

Glad this is landing. I will keep the internal team aligned.

-- Eclipse Systems",0,0,2026-06-24 10:15:00,0.54
EML-5618,THR-8155,ACC-1045,CNT-2203,DL-4004,emendez@eclipsesystems.com,brian.m@intellia.ai,Inbound,Re: Pilot success criteria,Here are the success criteria we would use to judge the pilot at the end of the period.,"Here are the success criteria we would use to judge the pilot at the end of the period.

Appreciate the momentum here. Let me know if anything else would help.

-- Elena",1,0,2026-06-25 18:15:00,0.49
EML-5619,THR-8155,ACC-1045,CNT-2203,DL-4004,brian.m@intellia.ai,emendez@eclipsesystems.com,Outbound,Re: Pilot success criteria,Here are the success criteria we would use to judge the pilot at the end of the period.,"Here are the success criteria we would use to judge the pilot at the end of the period.

This is tracking well on our side -- happy to move at your pace.

-- Eclipse Systems",1,0,2026-06-30 13:00:00,0.72
EML-5620,THR-8156,ACC-1045,CNT-2204,DL-4004,brian.m@intellia.ai,olewis@eclipsesystems.com,Outbound,Procurement paperwork,Procurement has the paperwork now. Flagging the two fields they need from your side to move it forward.,"Procurement has the paperwork now. Flagging the two fields they need from your side to move it forward.

Appreciate the momentum here. Let me know if anything else would help.

-- Eclipse Systems",0,0,2026-05-28 10:15:00,0.46
EML-5621,THR-8156,ACC-1045,CNT-2204,DL-4004,olewis@eclipsesystems.com,brian.m@intellia.ai,Inbound,Re: Procurement paperwork,Procurement has the paperwork now. Flagging the two fields they need from your side to move it forward.,"Procurement has the paperwork now. Flagging the two fields they need from your side to move it forward.

Glad this is landing. I will keep the internal team aligned.

-- Omar",1,0,2026-05-31 09:00:00,0.47
EML-5622,THR-8156,ACC-1045,CNT-2204,DL-4004,brian.m@intellia.ai,olewis@eclipsesystems.com,Outbound,Re: Procurement paperwork,Procurement has the paperwork now. Flagging the two fields they need from your side to move it forward.,"Procurement has the paperwork now. Flagging the two fields they need from your side to move it forward.

Glad this is landing. I will keep the internal team aligned.

-- Eclipse Systems",1,0,2026-06-03 18:00:00,0.65
EML-5623,THR-8156,ACC-1045,CNT-2204,DL-4004,olewis@eclipsesystems.com,brian.m@intellia.ai,Inbound,Re: Procurement paperwork,Procurement has the paperwork now. Flagging the two fields they need from your side to move it forward.,"Procurement has the paperwork now. Flagging the two fields they need from your side to move it forward.

Appreciate the momentum here. Let me know if anything else would help.

-- Omar",1,0,2026-06-06 12:00:00,0.5
EML-5624,THR-8157,ACC-1045,CNT-2202,,brian.m@intellia.ai,dchen@eclipsesystems.com,Outbound,Integration architecture overview,Thanks for walking us through the architecture. The team had a few follow-ups on how the connector handles inc,"Thanks for walking us through the architecture. The team had a few follow-ups on how the connector handles incremental syncs.

Happy to set up time if that is easier than email.

-- Eclipse Systems",0,0,2026-06-14 17:45:00,0.01
EML-5625,THR-8157,ACC-1045,CNT-2202,,dchen@eclipsesystems.com,brian.m@intellia.ai,Inbound,Re: Integration architecture overview,Thanks for walking us through the architecture. The team had a few follow-ups on how the connector handles inc,"Thanks for walking us through the architecture. The team had a few follow-ups on how the connector handles incremental syncs.

Let me know what makes sense as a next step.

-- David",1,0,2026-06-16 15:30:00,0.02
EML-5626,THR-8157,ACC-1045,CNT-2202,,brian.m@intellia.ai,dchen@eclipsesystems.com,Outbound,Re: Integration architecture overview,Thanks for walking us through the architecture. The team had a few follow-ups on how the connector handles inc,"Thanks for walking us through the architecture. The team had a few follow-ups on how the connector handles incremental syncs.

Happy to set up time if that is easier than email.

-- Eclipse Systems",1,0,2026-06-16 13:00:00,0.02
EML-5627,THR-8157,ACC-1045,CNT-2202,,dchen@eclipsesystems.com,brian.m@intellia.ai,Inbound,Re: Integration architecture overview,Thanks for walking us through the architecture. The team had a few follow-ups on how the connector handles inc,"Thanks for walking us through the architecture. The team had a few follow-ups on how the connector handles incremental syncs.

Let me know what makes sense as a next step.

-- David",1,0,2026-06-26 18:00:00,-0.03
EML-5628,THR-8158,ACC-1045,CNT-2206,,brian.m@intellia.ai,rcole@eclipsesystems.com,Outbound,Pilot success criteria,Here are the success criteria we would use to judge the pilot at the end of the period.,"Here are the success criteria we would use to judge the pilot at the end of the period.

Being candid: the timing is getting difficult on our end given the budget review.

-- Eclipse Systems",0,1,2026-03-30 15:30:00,-0.22
EML-5629,THR-8158,ACC-1045,CNT-2206,,rcole@eclipsesystems.com,brian.m@intellia.ai,Inbound,Re: Pilot success criteria,Here are the success criteria we would use to judge the pilot at the end of the period.,"Here are the success criteria we would use to judge the pilot at the end of the period.

We may need to push this out a cycle -- I will know more after the leadership review.

-- Rachel",1,0,2026-04-01 17:45:00,-0.4
EML-5630,THR-8159,ACC-1045,CNT-2207,,brian.m@intellia.ai,mfischer@eclipsesystems.com,Outbound,Executive briefing logistics,Confirming logistics for the executive briefing and who we expect in the room.,"Confirming logistics for the executive briefing and who we expect in the room.

Flag anything I have missed and I will get it turned around.

-- Eclipse Systems",0,0,2026-06-16 15:00:00,0.18
EML-5631,THR-8159,ACC-1045,CNT-2207,,mfischer@eclipsesystems.com,brian.m@intellia.ai,Inbound,Re: Executive briefing logistics,Confirming logistics for the executive briefing and who we expect in the room.,"Confirming logistics for the executive briefing and who we expect in the room.

Flag anything I have missed and I will get it turned around.

-- Michael",1,1,2026-06-19 17:45:00,-0.06
EML-5632,THR-8159,ACC-1045,CNT-2207,,brian.m@intellia.ai,mfischer@eclipsesystems.com,Outbound,Re: Executive briefing logistics,Confirming logistics for the executive briefing and who we expect in the room.,"Confirming logistics for the executive briefing and who we expect in the room.

Let me know what makes sense as a next step.

-- Eclipse Systems",1,1,2026-06-24 13:45:00,0.0
EML-5633,THR-8159,ACC-1045,CNT-2207,,mfischer@eclipsesystems.com,brian.m@intellia.ai,Inbound,Re: Executive briefing logistics,Confirming logistics for the executive briefing and who we expect in the room.,"Confirming logistics for the executive briefing and who we expect in the room.

Let me know what makes sense as a next step.

-- Michael",1,0,2026-06-28 13:30:00,0.26
EML-5634,THR-8159,ACC-1045,CNT-2207,,brian.m@intellia.ai,mfischer@eclipsesystems.com,Outbound,Re: Executive briefing logistics,Confirming logistics for the executive briefing and who we expect in the room.,"Confirming logistics for the executive briefing and who we expect in the room.

Let me know what makes sense as a next step.

-- Eclipse Systems",1,0,2026-06-20 12:45:00,0.26
EML-5635,THR-8160,ACC-1046,CNT-2209,DL-4005,sophia.t@intellia.ai,vtaylor@matrixlogistics.com,Outbound,Security review questionnaire,Our security team has started the review. They flagged two questions on data residency and retention.,"Our security team has started the review. They flagged two questions on data residency and retention.

Glad this is landing. I will keep the internal team aligned.

-- Matrix Logistics",0,0,2026-05-27 17:45:00,0.54
EML-5636,THR-8160,ACC-1046,CNT-2209,DL-4005,vtaylor@matrixlogistics.com,sophia.t@intellia.ai,Inbound,Re: Security review questionnaire,Our security team has started the review. They flagged two questions on data residency and retention.,"Our security team has started the review. They flagged two questions on data residency and retention.

Appreciate the momentum here. Let me know if anything else would help.

-- Victor",1,0,2026-05-31 08:45:00,0.57
EML-5637,THR-8160,ACC-1046,CNT-2209,DL-4005,sophia.t@intellia.ai,vtaylor@matrixlogistics.com,Outbound,Re: Security review questionnaire,Our security team has started the review. They flagged two questions on data residency and retention.,"Our security team has started the review. They flagged two questions on data residency and retention.

Glad this is landing. I will keep the internal team aligned.

-- Matrix Logistics",1,1,2026-06-02 11:30:00,0.44
EML-5638,THR-8160,ACC-1046,CNT-2209,DL-4005,vtaylor@matrixlogistics.com,sophia.t@intellia.ai,Inbound,Re: Security review questionnaire,Our security team has started the review. They flagged two questions on data residency and retention.,"Our security team has started the review. They flagged two questions on data residency and retention.

Happy to set up time if that is easier than email.

-- Victor",1,0,2026-06-02 17:45:00,0.34
EML-5639,THR-8160,ACC-1046,CNT-2209,DL-4005,sophia.t@intellia.ai,vtaylor@matrixlogistics.com,Outbound,Re: Security review questionnaire,Our security team has started the review. They flagged two questions on data residency and retention.,"Our security team has started the review. They flagged two questions on data residency and retention.

Appreciate the momentum here. Let me know if anything else would help.

-- Matrix Logistics",1,1,2026-05-31 16:45:00,0.5
EML-5640,THR-8161,ACC-1046,CNT-2212,DL-4005,sophia.t@intellia.ai,erostova@matrixlogistics.com,Outbound,Pricing and packaging for the rollout,"Sharing the packaging options we discussed, with the ramp assumptions called out separately.","Sharing the packaging options we discussed, with the ramp assumptions called out separately.

Glad this is landing. I will keep the internal team aligned.

-- Matrix Logistics",0,1,2026-06-03 10:45:00,0.77
EML-5641,THR-8161,ACC-1046,CNT-2212,DL-4005,erostova@matrixlogistics.com,sophia.t@intellia.ai,Inbound,Re: Pricing and packaging for the rollout,"Sharing the packaging options we discussed, with the ramp assumptions called out separately.","Sharing the packaging options we discussed, with the ramp assumptions called out separately.

Appreciate the momentum here. Let me know if anything else would help.

-- Elena",1,0,2026-06-05 11:45:00,0.86
EML-5642,THR-8161,ACC-1046,CNT-2212,DL-4005,sophia.t@intellia.ai,erostova@matrixlogistics.com,Outbound,Re: Pricing and packaging for the rollout,"Sharing the packaging options we discussed, with the ramp assumptions called out separately.","Sharing the packaging options we discussed, with the ramp assumptions called out separately.

This is tracking well on our side -- happy to move at your pace.

-- Matrix Logistics",1,0,2026-06-05 16:00:00,0.62
EML-5643,THR-8161,ACC-1046,CNT-2212,DL-4005,erostova@matrixlogistics.com,sophia.t@intellia.ai,Inbound,Re: Pricing and packaging for the rollout,"Sharing the packaging options we discussed, with the ramp assumptions called out separately.","Sharing the packaging options we discussed, with the ramp assumptions called out separately.

Appreciate the momentum here. Let me know if anything else would help.

-- Elena",1,0,2026-06-09 17:30:00,0.75
EML-5644,THR-8162,ACC-1046,CNT-2212,DL-4005,sophia.t@intellia.ai,erostova@matrixlogistics.com,Outbound,Integration architecture overview,Thanks for walking us through the architecture. The team had a few follow-ups on how the connector handles inc,"Thanks for walking us through the architecture. The team had a few follow-ups on how the connector handles incremental syncs.

Being candid: the timing is getting difficult on our end given the budget review.

-- Matrix Logistics",0,0,2026-07-14 14:30:00,-0.32
EML-5645,THR-8162,ACC-1046,CNT-2212,DL-4005,erostova@matrixlogistics.com,sophia.t@intellia.ai,Inbound,Re: Integration architecture overview,Thanks for walking us through the architecture. The team had a few follow-ups on how the connector handles inc,"Thanks for walking us through the architecture. The team had a few follow-ups on how the connector handles incremental syncs.

We may need to push this out a cycle -- I will know more after the leadership review.

-- Elena",1,0,2026-07-16 11:00:00,-0.46
EML-5646,THR-8163,ACC-1047,CNT-2216,DL-4126,daniel.w@intellia.ai,mclark@northwindfoods.com,Outbound,Integration architecture overview,Thanks for walking us through the architecture. The team had a few follow-ups on how the connector handles inc,"Thanks for walking us through the architecture. The team had a few follow-ups on how the connector handles incremental syncs.

Flag anything I have missed and I will get it turned around.

-- Northwind Foods",0,0,2026-06-17 13:15:00,-0.16
EML-5647,THR-8163,ACC-1047,CNT-2216,DL-4126,mclark@northwindfoods.com,daniel.w@intellia.ai,Inbound,Re: Integration architecture overview,Thanks for walking us through the architecture. The team had a few follow-ups on how the connector handles inc,"Thanks for walking us through the architecture. The team had a few follow-ups on how the connector handles incremental syncs.

We may need to push this out a cycle -- I will know more after the leadership review.

-- Megan",1,1,2026-06-19 13:00:00,-0.39
EML-5648,THR-8163,ACC-1047,CNT-2216,DL-4126,daniel.w@intellia.ai,mclark@northwindfoods.com,Outbound,Re: Integration architecture overview,Thanks for walking us through the architecture. The team had a few follow-ups on how the connector handles inc,"Thanks for walking us through the architecture. The team had a few follow-ups on how the connector handles incremental syncs.

I want to flag that priorities have shifted since we last spoke.

-- Northwind Foods",1,0,2026-06-23 08:00:00,-0.31
EML-5649,THR-8164,ACC-1047,CNT-2214,DL-4066,daniel.w@intellia.ai,vwalker@northwindfoods.com,Outbound,Pricing and packaging for the rollout,"Sharing the packaging options we discussed, with the ramp assumptions called out separately.","Sharing the packaging options we discussed, with the ramp assumptions called out separately.

This is tracking well on our side -- happy to move at your pace.

-- Northwind Foods",0,1,2026-04-20 10:45:00,0.4
EML-5650,THR-8164,ACC-1047,CNT-2214,DL-4066,vwalker@northwindfoods.com,daniel.w@intellia.ai,Inbound,Re: Pricing and packaging for the rollout,"Sharing the packaging options we discussed, with the ramp assumptions called out separately.","Sharing the packaging options we discussed, with the ramp assumptions called out separately.

Glad this is landing. I will keep the internal team aligned.

-- Victor",1,0,2026-04-21 11:45:00,0.39
EML-5651,THR-8164,ACC-1047,CNT-2214,DL-4066,daniel.w@intellia.ai,vwalker@northwindfoods.com,Outbound,Re: Pricing and packaging for the rollout,"Sharing the packaging options we discussed, with the ramp assumptions called out separately.","Sharing the packaging options we discussed, with the ramp assumptions called out separately.

Appreciate the momentum here. Let me know if anything else would help.

-- Northwind Foods",1,0,2026-04-24 11:45:00,0.49
EML-5652,THR-8164,ACC-1047,CNT-2214,DL-4066,vwalker@northwindfoods.com,daniel.w@intellia.ai,Inbound,Re: Pricing and packaging for the rollout,"Sharing the packaging options we discussed, with the ramp assumptions called out separately.","Sharing the packaging options we discussed, with the ramp assumptions called out separately.

Glad this is landing. I will keep the internal team aligned.

-- Victor",1,0,2026-04-26 11:00:00,0.45
EML-5653,THR-8164,ACC-1047,CNT-2214,DL-4066,daniel.w@intellia.ai,vwalker@northwindfoods.com,Outbound,Re: Pricing and packaging for the rollout,"Sharing the packaging options we discussed, with the ramp assumptions called out separately.","Sharing the packaging options we discussed, with the ramp assumptions called out separately.

This is tracking well on our side -- happy to move at your pace.

-- Northwind Foods",1,1,2026-04-24 08:30:00,0.46
EML-5654,THR-8164,ACC-1047,CNT-2214,DL-4066,vwalker@northwindfoods.com,daniel.w@intellia.ai,Inbound,Re: Pricing and packaging for the rollout,"Sharing the packaging options we discussed, with the ramp assumptions called out separately.","Sharing the packaging options we discussed, with the ramp assumptions called out separately.

Appreciate the momentum here. Let me know if anything else would help.

-- Victor",1,0,2026-05-05 14:15:00,0.57
EML-5655,THR-8165,ACC-1048,CNT-2217,DL-4067,laura.a@intellia.ai,smiller@ironcladinsurance.com,Outbound,Pricing and packaging for the rollout,"Sharing the packaging options we discussed, with the ramp assumptions called out separately.","Sharing the packaging options we discussed, with the ramp assumptions called out separately.

This is tracking well on our side -- happy to move at your pace.

-- Ironclad Insurance",0,0,2026-05-08 10:15:00,0.59
EML-5656,THR-8165,ACC-1048,CNT-2217,DL-4067,smiller@ironcladinsurance.com,laura.a@intellia.ai,Inbound,Re: Pricing and packaging for the rollout,"Sharing the packaging options we discussed, with the ramp assumptions called out separately.","Sharing the packaging options we discussed, with the ramp assumptions called out separately.

Glad this is landing. I will keep the internal team aligned.

-- Sophia",1,0,2026-05-11 08:00:00,0.68
EML-5657,THR-8165,ACC-1048,CNT-2217,DL-4067,laura.a@intellia.ai,smiller@ironcladinsurance.com,Outbound,Re: Pricing and packaging for the rollout,"Sharing the packaging options we discussed, with the ramp assumptions called out separately.","Sharing the packaging options we discussed, with the ramp assumptions called out separately.

Appreciate the momentum here. Let me know if anything else would help.

-- Ironclad Insurance",1,0,2026-05-12 10:30:00,0.79
EML-5658,THR-8166,ACC-1048,CNT-2221,DL-4127,laura.a@intellia.ai,scole@ironcladinsurance.com,Outbound,Following up on our discovery call,Great speaking earlier. Capturing what we agreed so nothing slips between now and the next session.,"Great speaking earlier. Capturing what we agreed so nothing slips between now and the next session.

Happy to set up time if that is easier than email.

-- Ironclad Insurance",0,0,2026-04-13 13:45:00,0.25
EML-5659,THR-8166,ACC-1048,CNT-2221,DL-4127,scole@ironcladinsurance.com,laura.a@intellia.ai,Inbound,Re: Following up on our discovery call,Great speaking earlier. Capturing what we agreed so nothing slips between now and the next session.,"Great speaking earlier. Capturing what we agreed so nothing slips between now and the next session.

Glad this is landing. I will keep the internal team aligned.

-- Sarah",1,0,2026-04-15 17:45:00,0.49
EML-5660,THR-8166,ACC-1048,CNT-2221,DL-4127,laura.a@intellia.ai,scole@ironcladinsurance.com,Outbound,Re: Following up on our discovery call,Great speaking earlier. Capturing what we agreed so nothing slips between now and the next session.,"Great speaking earlier. Capturing what we agreed so nothing slips between now and the next session.

Happy to set up time if that is easier than email.

-- Ironclad Insurance",1,0,2026-04-21 14:00:00,0.31
EML-5661,THR-8166,ACC-1048,CNT-2221,DL-4127,scole@ironcladinsurance.com,laura.a@intellia.ai,Inbound,Re: Following up on our discovery call,Great speaking earlier. Capturing what we agreed so nothing slips between now and the next session.,"Great speaking earlier. Capturing what we agreed so nothing slips between now and the next session.

Let me know what makes sense as a next step.

-- Sarah",1,1,2026-04-22 08:00:00,0.32
EML-5662,THR-8166,ACC-1048,CNT-2221,DL-4127,laura.a@intellia.ai,scole@ironcladinsurance.com,Outbound,Re: Following up on our discovery call,Great speaking earlier. Capturing what we agreed so nothing slips between now and the next session.,"Great speaking earlier. Capturing what we agreed so nothing slips between now and the next session.

Glad this is landing. I will keep the internal team aligned.

-- Ironclad Insurance",1,1,2026-04-17 12:30:00,0.47
EML-5663,THR-8167,ACC-1048,CNT-2218,DL-4007,laura.a@intellia.ai,dsharma@ironcladinsurance.com,Outbound,Procurement paperwork,Procurement has the paperwork now. Flagging the two fields they need from your side to move it forward.,"Procurement has the paperwork now. Flagging the two fields they need from your side to move it forward.

Appreciate the momentum here. Let me know if anything else would help.

-- Ironclad Insurance",0,0,2026-05-13 09:45:00,0.51
EML-5664,THR-8167,ACC-1048,CNT-2218,DL-4007,dsharma@ironcladinsurance.com,laura.a@intellia.ai,Inbound,Re: Procurement paperwork,Procurement has the paperwork now. Flagging the two fields they need from your side to move it forward.,"Procurement has the paperwork now. Flagging the two fields they need from your side to move it forward.

This is tracking well on our side -- happy to move at your pace.

-- David",1,0,2026-05-14 10:45:00,0.62
EML-5665,THR-8167,ACC-1048,CNT-2218,DL-4007,laura.a@intellia.ai,dsharma@ironcladinsurance.com,Outbound,Re: Procurement paperwork,Procurement has the paperwork now. Flagging the two fields they need from your side to move it forward.,"Procurement has the paperwork now. Flagging the two fields they need from your side to move it forward.

Glad this is landing. I will keep the internal team aligned.

-- Ironclad Insurance",1,0,2026-05-15 17:30:00,0.44
EML-5666,THR-8168,ACC-1048,CNT-2220,DL-4067,laura.a@intellia.ai,mrostova@ironcladinsurance.com,Outbound,Executive briefing logistics,Confirming logistics for the executive briefing and who we expect in the room.,"Confirming logistics for the executive briefing and who we expect in the room.

Let me know what makes sense as a next step.

-- Ironclad Insurance",0,0,2026-06-12 08:15:00,-0.13
EML-5667,THR-8168,ACC-1048,CNT-2220,DL-4067,mrostova@ironcladinsurance.com,laura.a@intellia.ai,Inbound,Re: Executive briefing logistics,Confirming logistics for the executive briefing and who we expect in the room.,"Confirming logistics for the executive briefing and who we expect in the room.

Let me know what makes sense as a next step.

-- Megan",1,0,2026-06-16 15:30:00,-0.05
EML-5668,THR-8169,ACC-1048,CNT-2222,DL-4067,laura.a@intellia.ai,bharris@ironcladinsurance.com,Outbound,Pilot success criteria,Here are the success criteria we would use to judge the pilot at the end of the period.,"Here are the success criteria we would use to judge the pilot at the end of the period.

Being candid: the timing is getting difficult on our end given the budget review.

-- Ironclad Insurance",0,0,2026-07-10 13:45:00,-0.5
EML-5669,THR-8169,ACC-1048,CNT-2222,DL-4067,bharris@ironcladinsurance.com,laura.a@intellia.ai,Inbound,Re: Pilot success criteria,Here are the success criteria we would use to judge the pilot at the end of the period.,"Here are the success criteria we would use to judge the pilot at the end of the period.

We may need to push this out a cycle -- I will know more after the leadership review.

-- Brian",1,0,2026-07-12 16:30:00,-0.32
EML-5670,THR-8169,ACC-1048,CNT-2222,DL-4067,laura.a@intellia.ai,bharris@ironcladinsurance.com,Outbound,Re: Pilot success criteria,Here are the success criteria we would use to judge the pilot at the end of the period.,"Here are the success criteria we would use to judge the pilot at the end of the period.

Being candid: the timing is getting difficult on our end given the budget review.

-- Ironclad Insurance",1,0,2026-07-16 13:00:00,-0.45
EML-5671,THR-8169,ACC-1048,CNT-2222,DL-4067,bharris@ironcladinsurance.com,laura.a@intellia.ai,Inbound,Re: Pilot success criteria,Here are the success criteria we would use to judge the pilot at the end of the period.,"Here are the success criteria we would use to judge the pilot at the end of the period.

We may need to push this out a cycle -- I will know more after the leadership review.

-- Brian",1,0,2026-07-19 14:00:00,-0.57
EML-5672,THR-8169,ACC-1048,CNT-2222,DL-4067,laura.a@intellia.ai,bharris@ironcladinsurance.com,Outbound,Re: Pilot success criteria,Here are the success criteria we would use to judge the pilot at the end of the period.,"Here are the success criteria we would use to judge the pilot at the end of the period.

We may need to push this out a cycle -- I will know more after the leadership review.

-- Ironclad Insurance",1,0,2026-07-26 11:15:00,-0.43
EML-5673,THR-8169,ACC-1048,CNT-2222,DL-4067,bharris@ironcladinsurance.com,laura.a@intellia.ai,Inbound,Re: Pilot success criteria,Here are the success criteria we would use to judge the pilot at the end of the period.,"Here are the success criteria we would use to judge the pilot at the end of the period.

We may need to push this out a cycle -- I will know more after the leadership review.

-- Brian",1,1,2026-07-25 13:45:00,-0.45
EML-5674,THR-8170,ACC-1049,CNT-2223,,tom.c@intellia.ai,dadams@silverlinetelecom.com,Outbound,Executive briefing logistics,Confirming logistics for the executive briefing and who we expect in the room.,"Confirming logistics for the executive briefing and who we expect in the room.

We may need to push this out a cycle -- I will know more after the leadership review.

-- Silverline Telecom",0,0,2026-07-26 18:45:00,-0.27
EML-5675,THR-8170,ACC-1049,CNT-2223,,dadams@silverlinetelecom.com,tom.c@intellia.ai,Inbound,Re: Executive briefing logistics,Confirming logistics for the executive briefing and who we expect in the room.,"Confirming logistics for the executive briefing and who we expect in the room.

Flag anything I have missed and I will get it turned around.

-- Daniel",1,0,2026-07-28 09:45:00,-0.11
EML-5676,THR-8170,ACC-1049,CNT-2223,,tom.c@intellia.ai,dadams@silverlinetelecom.com,Outbound,Re: Executive briefing logistics,Confirming logistics for the executive briefing and who we expect in the room.,"Confirming logistics for the executive briefing and who we expect in the room.

We may need to push this out a cycle -- I will know more after the leadership review.

-- Silverline Telecom",1,0,2026-07-28 10:30:00,-0.23
EML-5677,THR-8170,ACC-1049,CNT-2223,,dadams@silverlinetelecom.com,tom.c@intellia.ai,Inbound,Re: Executive briefing logistics,Confirming logistics for the executive briefing and who we expect in the room.,"Confirming logistics for the executive briefing and who we expect in the room.

Flag anything I have missed and I will get it turned around.

-- Daniel",1,0,2026-08-07 17:45:00,-0.1
EML-5678,THR-8170,ACC-1049,CNT-2223,,tom.c@intellia.ai,dadams@silverlinetelecom.com,Outbound,Re: Executive briefing logistics,Confirming logistics for the executive briefing and who we expect in the room.,"Confirming logistics for the executive briefing and who we expect in the room.

Let me know what makes sense as a next step.

-- Silverline Telecom",1,0,2026-08-11 10:00:00,-0.1
EML-5679,THR-8170,ACC-1049,CNT-2223,,dadams@silverlinetelecom.com,tom.c@intellia.ai,Inbound,Re: Executive briefing logistics,Confirming logistics for the executive briefing and who we expect in the room.,"Confirming logistics for the executive briefing and who we expect in the room.

Being candid: the timing is getting difficult on our end given the budget review.

-- Daniel",1,1,2026-07-31 11:45:00,-0.3
EML-5680,THR-8171,ACC-1049,CNT-2224,DL-4068,tom.c@intellia.ai,jwright@silverlinetelecom.com,Outbound,Integration architecture overview,Thanks for walking us through the architecture. The team had a few follow-ups on how the connector handles inc,"Thanks for walking us through the architecture. The team had a few follow-ups on how the connector handles incremental syncs.

Flag anything I have missed and I will get it turned around.

-- Silverline Telecom",0,0,2026-03-24 08:30:00,-0.04
EML-5681,THR-8171,ACC-1049,CNT-2224,DL-4068,jwright@silverlinetelecom.com,tom.c@intellia.ai,Inbound,Re: Integration architecture overview,Thanks for walking us through the architecture. The team had a few follow-ups on how the connector handles inc,"Thanks for walking us through the architecture. The team had a few follow-ups on how the connector handles incremental syncs.

Let me know what makes sense as a next step.

-- James",1,0,2026-03-27 08:15:00,0.09
EML-5682,THR-8171,ACC-1049,CNT-2224,DL-4068,tom.c@intellia.ai,jwright@silverlinetelecom.com,Outbound,Re: Integration architecture overview,Thanks for walking us through the architecture. The team had a few follow-ups on how the connector handles inc,"Thanks for walking us through the architecture. The team had a few follow-ups on how the connector handles incremental syncs.

Happy to set up time if that is easier than email.

-- Silverline Telecom",1,0,2026-03-28 17:00:00,-0.05
EML-5683,THR-8171,ACC-1049,CNT-2224,DL-4068,jwright@silverlinetelecom.com,tom.c@intellia.ai,Inbound,Re: Integration architecture overview,Thanks for walking us through the architecture. The team had a few follow-ups on how the connector handles inc,"Thanks for walking us through the architecture. The team had a few follow-ups on how the connector handles incremental syncs.

Happy to set up time if that is easier than email.

-- James",1,0,2026-04-05 15:45:00,0.03
EML-5684,THR-8171,ACC-1049,CNT-2224,DL-4068,tom.c@intellia.ai,jwright@silverlinetelecom.com,Outbound,Re: Integration architecture overview,Thanks for walking us through the architecture. The team had a few follow-ups on how the connector handles inc,"Thanks for walking us through the architecture. The team had a few follow-ups on how the connector handles incremental syncs.

Flag anything I have missed and I will get it turned around.

-- Silverline Telecom",1,0,2026-04-09 08:15:00,0.07
EML-5685,THR-8171,ACC-1049,CNT-2224,DL-4068,jwright@silverlinetelecom.com,tom.c@intellia.ai,Inbound,Re: Integration architecture overview,Thanks for walking us through the architecture. The team had a few follow-ups on how the connector handles inc,"Thanks for walking us through the architecture. The team had a few follow-ups on how the connector handles incremental syncs.

Happy to set up time if that is easier than email.

-- James",1,0,2026-04-08 17:15:00,0.02
EML-5686,THR-8172,ACC-1049,CNT-2224,DL-4068,tom.c@intellia.ai,jwright@silverlinetelecom.com,Outbound,Executive briefing logistics,Confirming logistics for the executive briefing and who we expect in the room.,"Confirming logistics for the executive briefing and who we expect in the room.

We may need to push this out a cycle -- I will know more after the leadership review.

-- Silverline Telecom",0,0,2026-06-28 13:45:00,-0.54
EML-5687,THR-8172,ACC-1049,CNT-2224,DL-4068,jwright@silverlinetelecom.com,tom.c@intellia.ai,Inbound,Re: Executive briefing logistics,Confirming logistics for the executive briefing and who we expect in the room.,"Confirming logistics for the executive briefing and who we expect in the room.

I want to flag that priorities have shifted since we last spoke.

-- James",1,0,2026-07-02 18:15:00,-0.61
EML-5688,THR-8172,ACC-1049,CNT-2224,DL-4068,tom.c@intellia.ai,jwright@silverlinetelecom.com,Outbound,Re: Executive briefing logistics,Confirming logistics for the executive briefing and who we expect in the room.,"Confirming logistics for the executive briefing and who we expect in the room.

I want to flag that priorities have shifted since we last spoke.

-- Silverline Telecom",1,0,2026-07-02 10:15:00,-0.62
EML-5689,THR-8172,ACC-1049,CNT-2224,DL-4068,jwright@silverlinetelecom.com,tom.c@intellia.ai,Inbound,Re: Executive briefing logistics,Confirming logistics for the executive briefing and who we expect in the room.,"Confirming logistics for the executive briefing and who we expect in the room.

I want to flag that priorities have shifted since we last spoke.

-- James",1,0,2026-07-01 17:45:00,-0.4
EML-5690,THR-8173,ACC-1050,CNT-2228,DL-4069,jessica.c@intellia.ai,mfischer@redwoodcapital.com,Outbound,Pricing and packaging for the rollout,"Sharing the packaging options we discussed, with the ramp assumptions called out separately.","Sharing the packaging options we discussed, with the ramp assumptions called out separately.

Flag anything I have missed and I will get it turned around.

-- Redwood Capital",0,0,2026-07-13 08:30:00,0.31
EML-5691,THR-8173,ACC-1050,CNT-2228,DL-4069,mfischer@redwoodcapital.com,jessica.c@intellia.ai,Inbound,Re: Pricing and packaging for the rollout,"Sharing the packaging options we discussed, with the ramp assumptions called out separately.","Sharing the packaging options we discussed, with the ramp assumptions called out separately.

This is tracking well on our side -- happy to move at your pace.

-- Michael",1,1,2026-07-16 17:00:00,0.49
EML-5692,THR-8173,ACC-1050,CNT-2228,DL-4069,jessica.c@intellia.ai,mfischer@redwoodcapital.com,Outbound,Re: Pricing and packaging for the rollout,"Sharing the packaging options we discussed, with the ramp assumptions called out separately.","Sharing the packaging options we discussed, with the ramp assumptions called out separately.

Flag anything I have missed and I will get it turned around.

-- Redwood Capital",1,0,2026-07-21 16:00:00,0.31
EML-5693,THR-8173,ACC-1050,CNT-2228,DL-4069,mfischer@redwoodcapital.com,jessica.c@intellia.ai,Inbound,Re: Pricing and packaging for the rollout,"Sharing the packaging options we discussed, with the ramp assumptions called out separately.","Sharing the packaging options we discussed, with the ramp assumptions called out separately.

This is tracking well on our side -- happy to move at your pace.

-- Michael",1,0,2026-07-25 08:00:00,0.53
EML-5694,THR-8173,ACC-1050,CNT-2228,DL-4069,jessica.c@intellia.ai,mfischer@redwoodcapital.com,Outbound,Re: Pricing and packaging for the rollout,"Sharing the packaging options we discussed, with the ramp assumptions called out separately.","Sharing the packaging options we discussed, with the ramp assumptions called out separately.

This is tracking well on our side -- happy to move at your pace.

-- Redwood Capital",1,1,2026-07-25 11:15:00,0.36
EML-5695,THR-8174,ACC-1050,CNT-2229,DL-4129,jessica.c@intellia.ai,rcole@redwoodcapital.com,Outbound,Following up on our discovery call,Great speaking earlier. Capturing what we agreed so nothing slips between now and the next session.,"Great speaking earlier. Capturing what we agreed so nothing slips between now and the next session.

This is tracking well on our side -- happy to move at your pace.

-- Redwood Capital",0,0,2026-04-04 08:45:00,0.63
EML-5696,THR-8174,ACC-1050,CNT-2229,DL-4129,rcole@redwoodcapital.com,jessica.c@intellia.ai,Inbound,Re: Following up on our discovery call,Great speaking earlier. Capturing what we agreed so nothing slips between now and the next session.,"Great speaking earlier. Capturing what we agreed so nothing slips between now and the next session.

Appreciate the momentum here. Let me know if anything else would help.

-- Robert",1,0,2026-04-05 13:00:00,0.67
EML-5697,THR-8175,ACC-1050,CNT-2230,DL-4069,jessica.c@intellia.ai,mclark@redwoodcapital.com,Outbound,Executive briefing logistics,Confirming logistics for the executive briefing and who we expect in the room.,"Confirming logistics for the executive briefing and who we expect in the room.

Flag anything I have missed and I will get it turned around.

-- Redwood Capital",0,0,2026-03-24 08:15:00,0.21
EML-5698,THR-8175,ACC-1050,CNT-2230,DL-4069,mclark@redwoodcapital.com,jessica.c@intellia.ai,Inbound,Re: Executive briefing logistics,Confirming logistics for the executive briefing and who we expect in the room.,"Confirming logistics for the executive briefing and who we expect in the room.

Happy to set up time if that is easier than email.

-- Megan",1,0,2026-03-25 18:15:00,0.09
EML-5699,THR-8175,ACC-1050,CNT-2230,DL-4069,jessica.c@intellia.ai,mclark@redwoodcapital.com,Outbound,Re: Executive briefing logistics,Confirming logistics for the executive briefing and who we expect in the room.,"Confirming logistics for the executive briefing and who we expect in the room.

Flag anything I have missed and I will get it turned around.

-- Redwood Capital",1,0,2026-03-26 10:00:00,0.06
EML-5700,THR-8175,ACC-1050,CNT-2230,DL-4069,mclark@redwoodcapital.com,jessica.c@intellia.ai,Inbound,Re: Executive briefing logistics,Confirming logistics for the executive briefing and who we expect in the room.,"Confirming logistics for the executive briefing and who we expect in the room.

Let me know what makes sense as a next step.

-- Megan",1,0,2026-03-30 11:45:00,0.08
EML-5701,THR-8175,ACC-1050,CNT-2230,DL-4069,jessica.c@intellia.ai,mclark@redwoodcapital.com,Outbound,Re: Executive briefing logistics,Confirming logistics for the executive briefing and who we expect in the room.,"Confirming logistics for the executive briefing and who we expect in the room.

This is tracking well on our side -- happy to move at your pace.

-- Redwood Capital",1,1,2026-04-09 12:15:00,0.38
EML-5702,THR-8176,ACC-1051,CNT-2232,DL-4130,elena.b@intellia.ai,kdiaz@bluepeaksoftware.com,Outbound,Pilot success criteria,Here are the success criteria we would use to judge the pilot at the end of the period.,"Here are the success criteria we would use to judge the pilot at the end of the period.

Let me know what makes sense as a next step.

-- Bluepeak Software",0,1,2026-03-24 18:45:00,-0.0
EML-5703,THR-8176,ACC-1051,CNT-2232,DL-4130,kdiaz@bluepeaksoftware.com,elena.b@intellia.ai,Inbound,Re: Pilot success criteria,Here are the success criteria we would use to judge the pilot at the end of the period.,"Here are the success criteria we would use to judge the pilot at the end of the period.

Let me know what makes sense as a next step.

-- Kevin",1,1,2026-03-25 13:45:00,0.02
EML-5704,THR-8176,ACC-1051,CNT-2232,DL-4130,elena.b@intellia.ai,kdiaz@bluepeaksoftware.com,Outbound,Re: Pilot success criteria,Here are the success criteria we would use to judge the pilot at the end of the period.,"Here are the success criteria we would use to judge the pilot at the end of the period.

Let me know what makes sense as a next step.

-- Bluepeak Software",1,0,2026-03-28 08:45:00,0.14
EML-5705,THR-8177,ACC-1051,CNT-2232,,elena.b@intellia.ai,kdiaz@bluepeaksoftware.com,Outbound,Security review questionnaire,Our security team has started the review. They flagged two questions on data residency and retention.,"Our security team has started the review. They flagged two questions on data residency and retention.

Glad this is landing. I will keep the internal team aligned.

-- Bluepeak Software",0,0,2026-07-02 14:15:00,0.44
EML-5706,THR-8177,ACC-1051,CNT-2232,,kdiaz@bluepeaksoftware.com,elena.b@intellia.ai,Inbound,Re: Security review questionnaire,Our security team has started the review. They flagged two questions on data residency and retention.,"Our security team has started the review. They flagged two questions on data residency and retention.

This is tracking well on our side -- happy to move at your pace.

-- Kevin",1,1,2026-07-06 18:30:00,0.36
EML-5707,THR-8178,ACC-1051,CNT-2232,DL-4070,elena.b@intellia.ai,kdiaz@bluepeaksoftware.com,Outbound,Security review questionnaire,Our security team has started the review. They flagged two questions on data residency and retention.,"Our security team has started the review. They flagged two questions on data residency and retention.

We may need to push this out a cycle -- I will know more after the leadership review.

-- Bluepeak Software",0,0,2026-03-17 15:15:00,-0.23
EML-5708,THR-8178,ACC-1051,CNT-2232,DL-4070,kdiaz@bluepeaksoftware.com,elena.b@intellia.ai,Inbound,Re: Security review questionnaire,Our security team has started the review. They flagged two questions on data residency and retention.,"Our security team has started the review. They flagged two questions on data residency and retention.

Let me know what makes sense as a next step.

-- Kevin",1,1,2026-03-21 08:00:00,-0.08
EML-5709,THR-8179,ACC-1051,CNT-2231,DL-4130,elena.b@intellia.ai,ojenkins@bluepeaksoftware.com,Outbound,Security review questionnaire,Our security team has started the review. They flagged two questions on data residency and retention.,"Our security team has started the review. They flagged two questions on data residency and retention.

Appreciate the momentum here. Let me know if anything else would help.

-- Bluepeak Software",0,0,2026-07-13 16:45:00,0.86
EML-5710,THR-8179,ACC-1051,CNT-2231,DL-4130,ojenkins@bluepeaksoftware.com,elena.b@intellia.ai,Inbound,Re: Security review questionnaire,Our security team has started the review. They flagged two questions on data residency and retention.,"Our security team has started the review. They flagged two questions on data residency and retention.

Glad this is landing. I will keep the internal team aligned.

-- Omar",1,0,2026-07-17 12:00:00,0.65
EML-5711,THR-8179,ACC-1051,CNT-2231,DL-4130,elena.b@intellia.ai,ojenkins@bluepeaksoftware.com,Outbound,Re: Security review questionnaire,Our security team has started the review. They flagged two questions on data residency and retention.,"Our security team has started the review. They flagged two questions on data residency and retention.

This is tracking well on our side -- happy to move at your pace.

-- Bluepeak Software",1,0,2026-07-17 16:45:00,0.73
EML-5712,THR-8180,ACC-1051,CNT-2231,DL-4130,elena.b@intellia.ai,ojenkins@bluepeaksoftware.com,Outbound,Pricing and packaging for the rollout,"Sharing the packaging options we discussed, with the ramp assumptions called out separately.","Sharing the packaging options we discussed, with the ramp assumptions called out separately.

Appreciate the momentum here. Let me know if anything else would help.

-- Bluepeak Software",0,0,2026-03-29 14:30:00,0.64
EML-5713,THR-8180,ACC-1051,CNT-2231,DL-4130,ojenkins@bluepeaksoftware.com,elena.b@intellia.ai,Inbound,Re: Pricing and packaging for the rollout,"Sharing the packaging options we discussed, with the ramp assumptions called out separately.","Sharing the packaging options we discussed, with the ramp assumptions called out separately.

This is tracking well on our side -- happy to move at your pace.

-- Omar",1,0,2026-03-30 12:30:00,0.4
EML-5714,THR-8180,ACC-1051,CNT-2231,DL-4130,elena.b@intellia.ai,ojenkins@bluepeaksoftware.com,Outbound,Re: Pricing and packaging for the rollout,"Sharing the packaging options we discussed, with the ramp assumptions called out separately.","Sharing the packaging options we discussed, with the ramp assumptions called out separately.

Appreciate the momentum here. Let me know if anything else would help.

-- Bluepeak Software",1,0,2026-04-06 11:00:00,0.65
EML-5715,THR-8181,ACC-1052,CNT-2236,DL-4131,robert.j@intellia.ai,smiller@graniteutilities.com,Outbound,Pilot success criteria,Here are the success criteria we would use to judge the pilot at the end of the period.,"Here are the success criteria we would use to judge the pilot at the end of the period.

Happy to set up time if that is easier than email.

-- Granite Utilities",0,0,2026-04-12 18:45:00,0.09
EML-5716,THR-8181,ACC-1052,CNT-2236,DL-4131,smiller@graniteutilities.com,robert.j@intellia.ai,Inbound,Re: Pilot success criteria,Here are the success criteria we would use to judge the pilot at the end of the period.,"Here are the success criteria we would use to judge the pilot at the end of the period.

Let me know what makes sense as a next step.

-- Sophia",1,1,2026-04-15 09:45:00,0.18
EML-5717,THR-8181,ACC-1052,CNT-2236,DL-4131,robert.j@intellia.ai,smiller@graniteutilities.com,Outbound,Re: Pilot success criteria,Here are the success criteria we would use to judge the pilot at the end of the period.,"Here are the success criteria we would use to judge the pilot at the end of the period.

Let me know what makes sense as a next step.

-- Granite Utilities",1,0,2026-04-18 17:15:00,-0.06
EML-5718,THR-8181,ACC-1052,CNT-2236,DL-4131,smiller@graniteutilities.com,robert.j@intellia.ai,Inbound,Re: Pilot success criteria,Here are the success criteria we would use to judge the pilot at the end of the period.,"Here are the success criteria we would use to judge the pilot at the end of the period.

Flag anything I have missed and I will get it turned around.

-- Sophia",1,0,2026-04-15 08:00:00,0.13
EML-5719,THR-8182,ACC-1052,CNT-2237,DL-4071,robert.j@intellia.ai,swalker@graniteutilities.com,Outbound,Pilot success criteria,Here are the success criteria we would use to judge the pilot at the end of the period.,"Here are the success criteria we would use to judge the pilot at the end of the period.

Glad this is landing. I will keep the internal team aligned.

-- Granite Utilities",0,0,2026-06-28 17:30:00,0.7
EML-5720,THR-8182,ACC-1052,CNT-2237,DL-4071,swalker@graniteutilities.com,robert.j@intellia.ai,Inbound,Re: Pilot success criteria,Here are the success criteria we would use to judge the pilot at the end of the period.,"Here are the success criteria we would use to judge the pilot at the end of the period.

Appreciate the momentum here. Let me know if anything else would help.

-- Sarah",1,1,2026-06-29 16:15:00,0.77
EML-5721,THR-8182,ACC-1052,CNT-2237,DL-4071,robert.j@intellia.ai,swalker@graniteutilities.com,Outbound,Re: Pilot success criteria,Here are the success criteria we would use to judge the pilot at the end of the period.,"Here are the success criteria we would use to judge the pilot at the end of the period.

Glad this is landing. I will keep the internal team aligned.

-- Granite Utilities",1,0,2026-07-02 13:45:00,0.62
EML-5722,THR-8182,ACC-1052,CNT-2237,DL-4071,swalker@graniteutilities.com,robert.j@intellia.ai,Inbound,Re: Pilot success criteria,Here are the success criteria we would use to judge the pilot at the end of the period.,"Here are the success criteria we would use to judge the pilot at the end of the period.

Glad this is landing. I will keep the internal team aligned.

-- Sarah",1,0,2026-07-07 12:45:00,0.54
EML-5723,THR-8182,ACC-1052,CNT-2237,DL-4071,robert.j@intellia.ai,swalker@graniteutilities.com,Outbound,Re: Pilot success criteria,Here are the success criteria we would use to judge the pilot at the end of the period.,"Here are the success criteria we would use to judge the pilot at the end of the period.

This is tracking well on our side -- happy to move at your pace.

-- Granite Utilities",1,1,2026-07-10 09:00:00,0.67
EML-5724,THR-8182,ACC-1052,CNT-2237,DL-4071,swalker@graniteutilities.com,robert.j@intellia.ai,Inbound,Re: Pilot success criteria,Here are the success criteria we would use to judge the pilot at the end of the period.,"Here are the success criteria we would use to judge the pilot at the end of the period.

Glad this is landing. I will keep the internal team aligned.

-- Sarah",1,1,2026-07-18 10:15:00,0.83
EML-5725,THR-8183,ACC-1052,CNT-2236,DL-4071,robert.j@intellia.ai,smiller@graniteutilities.com,Outbound,Pilot success criteria,Here are the success criteria we would use to judge the pilot at the end of the period.,"Here are the success criteria we would use to judge the pilot at the end of the period.

Happy to set up time if that is easier than email.

-- Granite Utilities",0,1,2026-06-02 08:30:00,-0.11
EML-5726,THR-8183,ACC-1052,CNT-2236,DL-4071,smiller@graniteutilities.com,robert.j@intellia.ai,Inbound,Re: Pilot success criteria,Here are the success criteria we would use to judge the pilot at the end of the period.,"Here are the success criteria we would use to judge the pilot at the end of the period.

Flag anything I have missed and I will get it turned around.

-- Sophia",1,0,2026-06-04 18:15:00,-0.05
EML-5727,THR-8183,ACC-1052,CNT-2236,DL-4071,robert.j@intellia.ai,smiller@graniteutilities.com,Outbound,Re: Pilot success criteria,Here are the success criteria we would use to judge the pilot at the end of the period.,"Here are the success criteria we would use to judge the pilot at the end of the period.

Let me know what makes sense as a next step.

-- Granite Utilities",1,0,2026-06-04 15:45:00,0.2
EML-5728,THR-8183,ACC-1052,CNT-2236,DL-4071,smiller@graniteutilities.com,robert.j@intellia.ai,Inbound,Re: Pilot success criteria,Here are the success criteria we would use to judge the pilot at the end of the period.,"Here are the success criteria we would use to judge the pilot at the end of the period.

Happy to set up time if that is easier than email.

-- Sophia",1,0,2026-06-08 17:30:00,0.01
EML-5729,THR-8184,ACC-1052,CNT-2236,,robert.j@intellia.ai,smiller@graniteutilities.com,Outbound,Pilot success criteria,Here are the success criteria we would use to judge the pilot at the end of the period.,"Here are the success criteria we would use to judge the pilot at the end of the period.

We may need to push this out a cycle -- I will know more after the leadership review.

-- Granite Utilities",0,1,2026-06-12 08:00:00,-0.23
EML-5730,THR-8184,ACC-1052,CNT-2236,,smiller@graniteutilities.com,robert.j@intellia.ai,Inbound,Re: Pilot success criteria,Here are the success criteria we would use to judge the pilot at the end of the period.,"Here are the success criteria we would use to judge the pilot at the end of the period.

Flag anything I have missed and I will get it turned around.

-- Sophia",1,0,2026-06-14 16:30:00,-0.04
EML-5731,THR-8184,ACC-1052,CNT-2236,,robert.j@intellia.ai,smiller@graniteutilities.com,Outbound,Re: Pilot success criteria,Here are the success criteria we would use to judge the pilot at the end of the period.,"Here are the success criteria we would use to judge the pilot at the end of the period.

I want to flag that priorities have shifted since we last spoke.

-- Granite Utilities",1,0,2026-06-18 10:00:00,-0.26
EML-5732,THR-8184,ACC-1052,CNT-2236,,smiller@graniteutilities.com,robert.j@intellia.ai,Inbound,Re: Pilot success criteria,Here are the success criteria we would use to judge the pilot at the end of the period.,"Here are the success criteria we would use to judge the pilot at the end of the period.

Let me know what makes sense as a next step.

-- Sophia",1,0,2026-06-21 14:30:00,-0.19
EML-5733,THR-8184,ACC-1052,CNT-2236,,robert.j@intellia.ai,smiller@graniteutilities.com,Outbound,Re: Pilot success criteria,Here are the success criteria we would use to judge the pilot at the end of the period.,"Here are the success criteria we would use to judge the pilot at the end of the period.

Happy to set up time if that is easier than email.

-- Granite Utilities",1,0,2026-06-28 17:45:00,-0.13
EML-5734,THR-8184,ACC-1052,CNT-2236,,smiller@graniteutilities.com,robert.j@intellia.ai,Inbound,Re: Pilot success criteria,Here are the success criteria we would use to judge the pilot at the end of the period.,"Here are the success criteria we would use to judge the pilot at the end of the period.

Being candid: the timing is getting difficult on our end given the budget review.

-- Sophia",1,0,2026-07-02 16:30:00,-0.26
EML-5735,THR-8185,ACC-1052,CNT-2235,,robert.j@intellia.ai,sjenkins@graniteutilities.com,Outbound,Following up on our discovery call,Great speaking earlier. Capturing what we agreed so nothing slips between now and the next session.,"Great speaking earlier. Capturing what we agreed so nothing slips between now and the next session.

Happy to set up time if that is easier than email.

-- Granite Utilities",0,0,2026-05-17 10:30:00,-0.1
EML-5736,THR-8185,ACC-1052,CNT-2235,,sjenkins@graniteutilities.com,robert.j@intellia.ai,Inbound,Re: Following up on our discovery call,Great speaking earlier. Capturing what we agreed so nothing slips between now and the next session.,"Great speaking earlier. Capturing what we agreed so nothing slips between now and the next session.

Let me know what makes sense as a next step.

-- Sarah",1,1,2026-05-20 13:15:00,-0.11
EML-5737,THR-8185,ACC-1052,CNT-2235,,robert.j@intellia.ai,sjenkins@graniteutilities.com,Outbound,Re: Following up on our discovery call,Great speaking earlier. Capturing what we agreed so nothing slips between now and the next session.,"Great speaking earlier. Capturing what we agreed so nothing slips between now and the next session.

Flag anything I have missed and I will get it turned around.

-- Granite Utilities",1,0,2026-05-19 16:15:00,-0.13
EML-5738,THR-8186,ACC-1053,CNT-2240,,priya.m@intellia.ai,emendez@meridianhealth.com,Outbound,Security review questionnaire,Our security team has started the review. They flagged two questions on data residency and retention.,"Our security team has started the review. They flagged two questions on data residency and retention.

Let me know what makes sense as a next step.

-- Meridian Health",0,0,2026-05-28 12:15:00,0.07
EML-5739,THR-8186,ACC-1053,CNT-2240,,emendez@meridianhealth.com,priya.m@intellia.ai,Inbound,Re: Security review questionnaire,Our security team has started the review. They flagged two questions on data residency and retention.,"Our security team has started the review. They flagged two questions on data residency and retention.

Let me know what makes sense as a next step.

-- Emily",1,0,2026-05-31 16:45:00,0.24
EML-5740,THR-8186,ACC-1053,CNT-2240,,priya.m@intellia.ai,emendez@meridianhealth.com,Outbound,Re: Security review questionnaire,Our security team has started the review. They flagged two questions on data residency and retention.,"Our security team has started the review. They flagged two questions on data residency and retention.

Let me know what makes sense as a next step.

-- Meridian Health",1,0,2026-05-30 16:45:00,0.29
EML-5741,THR-8186,ACC-1053,CNT-2240,,emendez@meridianhealth.com,priya.m@intellia.ai,Inbound,Re: Security review questionnaire,Our security team has started the review. They flagged two questions on data residency and retention.,"Our security team has started the review. They flagged two questions on data residency and retention.

Flag anything I have missed and I will get it turned around.

-- Emily",1,0,2026-06-06 11:30:00,0.1
EML-5742,THR-8187,ACC-1053,CNT-2238,DL-4072,priya.m@intellia.ai,mfischer@meridianhealth.com,Outbound,Pilot success criteria,Here are the success criteria we would use to judge the pilot at the end of the period.,"Here are the success criteria we would use to judge the pilot at the end of the period.

Glad this is landing. I will keep the internal team aligned.

-- Meridian Health",0,0,2026-06-28 16:00:00,0.4
EML-5743,THR-8187,ACC-1053,CNT-2238,DL-4072,mfischer@meridianhealth.com,priya.m@intellia.ai,Inbound,Re: Pilot success criteria,Here are the success criteria we would use to judge the pilot at the end of the period.,"Here are the success criteria we would use to judge the pilot at the end of the period.

Appreciate the momentum here. Let me know if anything else would help.

-- Mark",1,0,2026-07-02 18:45:00,0.53
EML-5744,THR-8188,ACC-1054,CNT-2244,DL-4073,michael.c@intellia.ai,dmendez@copperfieldretail.com,Outbound,Renewal timing and scope,Wanted to get ahead of the renewal date so we have room to align on scope before the deadline.,"Wanted to get ahead of the renewal date so we have room to align on scope before the deadline.

This is tracking well on our side -- happy to move at your pace.

-- Copperfield Retail",0,0,2026-06-19 12:30:00,0.4
EML-5745,THR-8188,ACC-1054,CNT-2244,DL-4073,dmendez@copperfieldretail.com,michael.c@intellia.ai,Inbound,Re: Renewal timing and scope,Wanted to get ahead of the renewal date so we have room to align on scope before the deadline.,"Wanted to get ahead of the renewal date so we have room to align on scope before the deadline.

Appreciate the momentum here. Let me know if anything else would help.

-- Daniel",1,0,2026-06-23 17:45:00,0.67
EML-5746,THR-8188,ACC-1054,CNT-2244,DL-4073,michael.c@intellia.ai,dmendez@copperfieldretail.com,Outbound,Re: Renewal timing and scope,Wanted to get ahead of the renewal date so we have room to align on scope before the deadline.,"Wanted to get ahead of the renewal date so we have room to align on scope before the deadline.

This is tracking well on our side -- happy to move at your pace.

-- Copperfield Retail",1,0,2026-06-27 09:45:00,0.51
EML-5747,THR-8189,ACC-1054,CNT-2243,DL-4073,michael.c@intellia.ai,clewis@copperfieldretail.com,Outbound,Security review questionnaire,Our security team has started the review. They flagged two questions on data residency and retention.,"Our security team has started the review. They flagged two questions on data residency and retention.

Flag anything I have missed and I will get it turned around.

-- Copperfield Retail",0,1,2026-05-22 08:45:00,-0.05
EML-5748,THR-8189,ACC-1054,CNT-2243,DL-4073,clewis@copperfieldretail.com,michael.c@intellia.ai,Inbound,Re: Security review questionnaire,Our security team has started the review. They flagged two questions on data residency and retention.,"Our security team has started the review. They flagged two questions on data residency and retention.

Happy to set up time if that is easier than email.

-- Carlos",1,0,2026-05-24 17:15:00,-0.18
EML-5749,THR-8189,ACC-1054,CNT-2243,DL-4073,michael.c@intellia.ai,clewis@copperfieldretail.com,Outbound,Re: Security review questionnaire,Our security team has started the review. They flagged two questions on data residency and retention.,"Our security team has started the review. They flagged two questions on data residency and retention.

We may need to push this out a cycle -- I will know more after the leadership review.

-- Copperfield Retail",1,0,2026-05-24 18:15:00,-0.35
EML-5750,THR-8189,ACC-1054,CNT-2243,DL-4073,clewis@copperfieldretail.com,michael.c@intellia.ai,Inbound,Re: Security review questionnaire,Our security team has started the review. They flagged two questions on data residency and retention.,"Our security team has started the review. They flagged two questions on data residency and retention.

Flag anything I have missed and I will get it turned around.

-- Carlos",1,0,2026-06-03 18:30:00,-0.12
EML-5751,THR-8189,ACC-1054,CNT-2243,DL-4073,michael.c@intellia.ai,clewis@copperfieldretail.com,Outbound,Re: Security review questionnaire,Our security team has started the review. They flagged two questions on data residency and retention.,"Our security team has started the review. They flagged two questions on data residency and retention.

Let me know what makes sense as a next step.

-- Copperfield Retail",1,0,2026-05-26 15:45:00,-0.13
EML-5752,THR-8189,ACC-1054,CNT-2243,DL-4073,clewis@copperfieldretail.com,michael.c@intellia.ai,Inbound,Re: Security review questionnaire,Our security team has started the review. They flagged two questions on data residency and retention.,"Our security team has started the review. They flagged two questions on data residency and retention.

Let me know what makes sense as a next step.

-- Carlos",1,0,2026-05-27 09:30:00,-0.08
EML-5753,THR-8190,ACC-1054,CNT-2244,,michael.c@intellia.ai,dmendez@copperfieldretail.com,Outbound,Procurement paperwork,Procurement has the paperwork now. Flagging the two fields they need from your side to move it forward.,"Procurement has the paperwork now. Flagging the two fields they need from your side to move it forward.

Let me know what makes sense as a next step.

-- Copperfield Retail",0,0,2026-06-27 08:45:00,-0.07
EML-5754,THR-8190,ACC-1054,CNT-2244,,dmendez@copperfieldretail.com,michael.c@intellia.ai,Inbound,Re: Procurement paperwork,Procurement has the paperwork now. Flagging the two fields they need from your side to move it forward.,"Procurement has the paperwork now. Flagging the two fields they need from your side to move it forward.

I want to flag that priorities have shifted since we last spoke.

-- Daniel",1,0,2026-06-30 11:30:00,-0.42
EML-5755,THR-8190,ACC-1054,CNT-2244,,michael.c@intellia.ai,dmendez@copperfieldretail.com,Outbound,Re: Procurement paperwork,Procurement has the paperwork now. Flagging the two fields they need from your side to move it forward.,"Procurement has the paperwork now. Flagging the two fields they need from your side to move it forward.

Let me know what makes sense as a next step.

-- Copperfield Retail",1,0,2026-06-29 16:30:00,-0.06
EML-5756,THR-8191,ACC-1054,CNT-2244,DL-4073,michael.c@intellia.ai,dmendez@copperfieldretail.com,Outbound,Renewal timing and scope,Wanted to get ahead of the renewal date so we have room to align on scope before the deadline.,"Wanted to get ahead of the renewal date so we have room to align on scope before the deadline.

We may need to push this out a cycle -- I will know more after the leadership review.

-- Copperfield Retail",0,0,2026-04-09 18:45:00,-0.62
EML-5757,THR-8191,ACC-1054,CNT-2244,DL-4073,dmendez@copperfieldretail.com,michael.c@intellia.ai,Inbound,Re: Renewal timing and scope,Wanted to get ahead of the renewal date so we have room to align on scope before the deadline.,"Wanted to get ahead of the renewal date so we have room to align on scope before the deadline.

Being candid: the timing is getting difficult on our end given the budget review.

-- Daniel",1,0,2026-04-10 12:00:00,-0.65
EML-5758,THR-8192,ACC-1055,CNT-2249,DL-4134,brian.m@intellia.ai,hmendez@lakeshoremanufacturing.com,Outbound,Renewal timing and scope,Wanted to get ahead of the renewal date so we have room to align on scope before the deadline.,"Wanted to get ahead of the renewal date so we have room to align on scope before the deadline.

Happy to set up time if that is easier than email.

-- Lakeshore Manufacturing",0,0,2026-04-30 10:45:00,-0.18
EML-5759,THR-8192,ACC-1055,CNT-2249,DL-4134,hmendez@lakeshoremanufacturing.com,brian.m@intellia.ai,Inbound,Re: Renewal timing and scope,Wanted to get ahead of the renewal date so we have room to align on scope before the deadline.,"Wanted to get ahead of the renewal date so we have room to align on scope before the deadline.

Let me know what makes sense as a next step.

-- Hannah",1,0,2026-05-02 15:15:00,-0.18
EML-5760,THR-8192,ACC-1055,CNT-2249,DL-4134,brian.m@intellia.ai,hmendez@lakeshoremanufacturing.com,Outbound,Re: Renewal timing and scope,Wanted to get ahead of the renewal date so we have room to align on scope before the deadline.,"Wanted to get ahead of the renewal date so we have room to align on scope before the deadline.

Happy to set up time if that is easier than email.

-- Lakeshore Manufacturing",1,1,2026-05-06 14:45:00,-0.15
EML-5761,THR-8193,ACC-1055,CNT-2248,DL-4134,brian.m@intellia.ai,danderson@lakeshoremanufacturing.com,Outbound,Security review questionnaire,Our security team has started the review. They flagged two questions on data residency and retention.,"Our security team has started the review. They flagged two questions on data residency and retention.

Appreciate the momentum here. Let me know if anything else would help.

-- Lakeshore Manufacturing",0,0,2026-04-01 12:15:00,0.57
EML-5762,THR-8193,ACC-1055,CNT-2248,DL-4134,danderson@lakeshoremanufacturing.com,brian.m@intellia.ai,Inbound,Re: Security review questionnaire,Our security team has started the review. They flagged two questions on data residency and retention.,"Our security team has started the review. They flagged two questions on data residency and retention.

Appreciate the momentum here. Let me know if anything else would help.

-- David",1,0,2026-04-04 09:00:00,0.43
EML-5763,THR-8193,ACC-1055,CNT-2248,DL-4134,brian.m@intellia.ai,danderson@lakeshoremanufacturing.com,Outbound,Re: Security review questionnaire,Our security team has started the review. They flagged two questions on data residency and retention.,"Our security team has started the review. They flagged two questions on data residency and retention.

This is tracking well on our side -- happy to move at your pace.

-- Lakeshore Manufacturing",1,0,2026-04-07 11:45:00,0.48
EML-5764,THR-8193,ACC-1055,CNT-2248,DL-4134,danderson@lakeshoremanufacturing.com,brian.m@intellia.ai,Inbound,Re: Security review questionnaire,Our security team has started the review. They flagged two questions on data residency and retention.,"Our security team has started the review. They flagged two questions on data residency and retention.

Let me know what makes sense as a next step.

-- David",1,0,2026-04-10 10:30:00,0.35
EML-5765,THR-8193,ACC-1055,CNT-2248,DL-4134,brian.m@intellia.ai,danderson@lakeshoremanufacturing.com,Outbound,Re: Security review questionnaire,Our security team has started the review. They flagged two questions on data residency and retention.,"Our security team has started the review. They flagged two questions on data residency and retention.

Appreciate the momentum here. Let me know if anything else would help.

-- Lakeshore Manufacturing",1,0,2026-04-17 10:30:00,0.52
EML-5766,THR-8193,ACC-1055,CNT-2248,DL-4134,danderson@lakeshoremanufacturing.com,brian.m@intellia.ai,Inbound,Re: Security review questionnaire,Our security team has started the review. They flagged two questions on data residency and retention.,"Our security team has started the review. They flagged two questions on data residency and retention.

Appreciate the momentum here. Let me know if anything else would help.

-- David",1,0,2026-04-21 16:00:00,0.46
EML-5767,THR-8194,ACC-1055,CNT-2250,DL-4074,brian.m@intellia.ai,rwhite@lakeshoremanufacturing.com,Outbound,Security review questionnaire,Our security team has started the review. They flagged two questions on data residency and retention.,"Our security team has started the review. They flagged two questions on data residency and retention.

Let me know what makes sense as a next step.

-- Lakeshore Manufacturing",0,0,2026-03-25 13:15:00,0.28
EML-5768,THR-8194,ACC-1055,CNT-2250,DL-4074,rwhite@lakeshoremanufacturing.com,brian.m@intellia.ai,Inbound,Re: Security review questionnaire,Our security team has started the review. They flagged two questions on data residency and retention.,"Our security team has started the review. They flagged two questions on data residency and retention.

Appreciate the momentum here. Let me know if anything else would help.

-- Rachel",1,1,2026-03-27 15:00:00,0.44
EML-5769,THR-8194,ACC-1055,CNT-2250,DL-4074,brian.m@intellia.ai,rwhite@lakeshoremanufacturing.com,Outbound,Re: Security review questionnaire,Our security team has started the review. They flagged two questions on data residency and retention.,"Our security team has started the review. They flagged two questions on data residency and retention.

Appreciate the momentum here. Let me know if anything else would help.

-- Lakeshore Manufacturing",1,1,2026-03-27 17:15:00,0.38
EML-5770,THR-8195,ACC-1055,CNT-2250,DL-4014,brian.m@intellia.ai,rwhite@lakeshoremanufacturing.com,Outbound,Executive briefing logistics,Confirming logistics for the executive briefing and who we expect in the room.,"Confirming logistics for the executive briefing and who we expect in the room.

Flag anything I have missed and I will get it turned around.

-- Lakeshore Manufacturing",0,0,2026-06-08 12:00:00,-0.08
EML-5771,THR-8195,ACC-1055,CNT-2250,DL-4014,rwhite@lakeshoremanufacturing.com,brian.m@intellia.ai,Inbound,Re: Executive briefing logistics,Confirming logistics for the executive briefing and who we expect in the room.,"Confirming logistics for the executive briefing and who we expect in the room.

Let me know what makes sense as a next step.

-- Rachel",1,0,2026-06-10 11:15:00,0.07
EML-5772,THR-8195,ACC-1055,CNT-2250,DL-4014,brian.m@intellia.ai,rwhite@lakeshoremanufacturing.com,Outbound,Re: Executive briefing logistics,Confirming logistics for the executive briefing and who we expect in the room.,"Confirming logistics for the executive briefing and who we expect in the room.

Let me know what makes sense as a next step.

-- Lakeshore Manufacturing",1,1,2026-06-14 16:45:00,0.15
EML-5773,THR-8195,ACC-1055,CNT-2250,DL-4014,rwhite@lakeshoremanufacturing.com,brian.m@intellia.ai,Inbound,Re: Executive briefing logistics,Confirming logistics for the executive briefing and who we expect in the room.,"Confirming logistics for the executive briefing and who we expect in the room.

Let me know what makes sense as a next step.

-- Rachel",1,0,2026-06-17 17:30:00,0.04
EML-5774,THR-8195,ACC-1055,CNT-2250,DL-4014,brian.m@intellia.ai,rwhite@lakeshoremanufacturing.com,Outbound,Re: Executive briefing logistics,Confirming logistics for the executive briefing and who we expect in the room.,"Confirming logistics for the executive briefing and who we expect in the room.

Flag anything I have missed and I will get it turned around.

-- Lakeshore Manufacturing",1,0,2026-06-24 13:00:00,0.16
EML-5775,THR-8196,ACC-1055,CNT-2246,,brian.m@intellia.ai,oharris@lakeshoremanufacturing.com,Outbound,Security review questionnaire,Our security team has started the review. They flagged two questions on data residency and retention.,"Our security team has started the review. They flagged two questions on data residency and retention.

This is tracking well on our side -- happy to move at your pace.

-- Lakeshore Manufacturing",0,1,2026-03-20 18:00:00,0.68
EML-5776,THR-8196,ACC-1055,CNT-2246,,oharris@lakeshoremanufacturing.com,brian.m@intellia.ai,Inbound,Re: Security review questionnaire,Our security team has started the review. They flagged two questions on data residency and retention.,"Our security team has started the review. They flagged two questions on data residency and retention.

Appreciate the momentum here. Let me know if anything else would help.

-- Omar",1,0,2026-03-22 08:00:00,0.69
EML-5777,THR-8196,ACC-1055,CNT-2246,,brian.m@intellia.ai,oharris@lakeshoremanufacturing.com,Outbound,Re: Security review questionnaire,Our security team has started the review. They flagged two questions on data residency and retention.,"Our security team has started the review. They flagged two questions on data residency and retention.

This is tracking well on our side -- happy to move at your pace.

-- Lakeshore Manufacturing",1,1,2026-03-26 08:30:00,0.53
EML-5778,THR-8196,ACC-1055,CNT-2246,,oharris@lakeshoremanufacturing.com,brian.m@intellia.ai,Inbound,Re: Security review questionnaire,Our security team has started the review. They flagged two questions on data residency and retention.,"Our security team has started the review. They flagged two questions on data residency and retention.

This is tracking well on our side -- happy to move at your pace.

-- Omar",1,1,2026-03-29 15:15:00,0.69
EML-5779,THR-8196,ACC-1055,CNT-2246,,brian.m@intellia.ai,oharris@lakeshoremanufacturing.com,Outbound,Re: Security review questionnaire,Our security team has started the review. They flagged two questions on data residency and retention.,"Our security team has started the review. They flagged two questions on data residency and retention.

Appreciate the momentum here. Let me know if anything else would help.

-- Lakeshore Manufacturing",1,0,2026-04-05 12:00:00,0.54
EML-5780,THR-8196,ACC-1055,CNT-2246,,oharris@lakeshoremanufacturing.com,brian.m@intellia.ai,Inbound,Re: Security review questionnaire,Our security team has started the review. They flagged two questions on data residency and retention.,"Our security team has started the review. They flagged two questions on data residency and retention.

Appreciate the momentum here. Let me know if anything else would help.

-- Omar",1,0,2026-04-04 18:45:00,0.49
EML-5781,THR-8197,ACC-1056,CNT-2252,DL-4135,sophia.t@intellia.ai,hrostova@ridgelinedata.com,Outbound,Following up on our discovery call,Great speaking earlier. Capturing what we agreed so nothing slips between now and the next session.,"Great speaking earlier. Capturing what we agreed so nothing slips between now and the next session.

I want to flag that priorities have shifted since we last spoke.

-- Ridgeline Data",0,0,2026-07-27 13:30:00,-0.26
EML-5782,THR-8197,ACC-1056,CNT-2252,DL-4135,hrostova@ridgelinedata.com,sophia.t@intellia.ai,Inbound,Re: Following up on our discovery call,Great speaking earlier. Capturing what we agreed so nothing slips between now and the next session.,"Great speaking earlier. Capturing what we agreed so nothing slips between now and the next session.

I want to flag that priorities have shifted since we last spoke.

-- Hannah",1,0,2026-07-29 18:00:00,-0.24
EML-5783,THR-8197,ACC-1056,CNT-2252,DL-4135,sophia.t@intellia.ai,hrostova@ridgelinedata.com,Outbound,Re: Following up on our discovery call,Great speaking earlier. Capturing what we agreed so nothing slips between now and the next session.,"Great speaking earlier. Capturing what we agreed so nothing slips between now and the next session.

Happy to set up time if that is easier than email.

-- Ridgeline Data",1,0,2026-08-04 12:30:00,-0.09
EML-5784,THR-8197,ACC-1056,CNT-2252,DL-4135,hrostova@ridgelinedata.com,sophia.t@intellia.ai,Inbound,Re: Following up on our discovery call,Great speaking earlier. Capturing what we agreed so nothing slips between now and the next session.,"Great speaking earlier. Capturing what we agreed so nothing slips between now and the next session.

Happy to set up time if that is easier than email.

-- Hannah",1,1,2026-08-08 18:45:00,-0.07
EML-5785,THR-8197,ACC-1056,CNT-2252,DL-4135,sophia.t@intellia.ai,hrostova@ridgelinedata.com,Outbound,Re: Following up on our discovery call,Great speaking earlier. Capturing what we agreed so nothing slips between now and the next session.,"Great speaking earlier. Capturing what we agreed so nothing slips between now and the next session.

Happy to set up time if that is easier than email.

-- Ridgeline Data",1,0,2026-08-04 17:30:00,-0.02
EML-5786,THR-8197,ACC-1056,CNT-2252,DL-4135,hrostova@ridgelinedata.com,sophia.t@intellia.ai,Inbound,Re: Following up on our discovery call,Great speaking earlier. Capturing what we agreed so nothing slips between now and the next session.,"Great speaking earlier. Capturing what we agreed so nothing slips between now and the next session.

Let me know what makes sense as a next step.

-- Hannah",1,0,2026-08-11 17:45:00,-0.12
EML-5787,THR-8198,ACC-1056,CNT-2252,DL-4135,sophia.t@intellia.ai,hrostova@ridgelinedata.com,Outbound,Integration architecture overview,Thanks for walking us through the architecture. The team had a few follow-ups on how the connector handles inc,"Thanks for walking us through the architecture. The team had a few follow-ups on how the connector handles incremental syncs.

Being candid: the timing is getting difficult on our end given the budget review.

-- Ridgeline Data",0,0,2026-03-30 09:45:00,-0.25
EML-5788,THR-8198,ACC-1056,CNT-2252,DL-4135,hrostova@ridgelinedata.com,sophia.t@intellia.ai,Inbound,Re: Integration architecture overview,Thanks for walking us through the architecture. The team had a few follow-ups on how the connector handles inc,"Thanks for walking us through the architecture. The team had a few follow-ups on how the connector handles incremental syncs.

We may need to push this out a cycle -- I will know more after the leadership review.

-- Hannah",1,0,2026-04-01 12:30:00,-0.4
EML-5789,THR-8198,ACC-1056,CNT-2252,DL-4135,sophia.t@intellia.ai,hrostova@ridgelinedata.com,Outbound,Re: Integration architecture overview,Thanks for walking us through the architecture. The team had a few follow-ups on how the connector handles inc,"Thanks for walking us through the architecture. The team had a few follow-ups on how the connector handles incremental syncs.

Being candid: the timing is getting difficult on our end given the budget review.

-- Ridgeline Data",1,1,2026-04-01 15:00:00,-0.43
EML-5790,THR-8199,ACC-1057,CNT-2258,DL-4076,daniel.w@intellia.ai,kharris@foxglovelabs.com,Outbound,Pricing and packaging for the rollout,"Sharing the packaging options we discussed, with the ramp assumptions called out separately.","Sharing the packaging options we discussed, with the ramp assumptions called out separately.

Let me know what makes sense as a next step.

-- Foxglove Labs",0,1,2026-03-26 18:00:00,0.09
EML-5791,THR-8199,ACC-1057,CNT-2258,DL-4076,kharris@foxglovelabs.com,daniel.w@intellia.ai,Inbound,Re: Pricing and packaging for the rollout,"Sharing the packaging options we discussed, with the ramp assumptions called out separately.","Sharing the packaging options we discussed, with the ramp assumptions called out separately.

Appreciate the momentum here. Let me know if anything else would help.

-- Kevin",1,0,2026-03-30 16:30:00,0.38
EML-5792,THR-8199,ACC-1057,CNT-2258,DL-4076,daniel.w@intellia.ai,kharris@foxglovelabs.com,Outbound,Re: Pricing and packaging for the rollout,"Sharing the packaging options we discussed, with the ramp assumptions called out separately.","Sharing the packaging options we discussed, with the ramp assumptions called out separately.

Let me know what makes sense as a next step.

-- Foxglove Labs",1,0,2026-04-03 09:00:00,0.26
EML-5793,THR-8199,ACC-1057,CNT-2258,DL-4076,kharris@foxglovelabs.com,daniel.w@intellia.ai,Inbound,Re: Pricing and packaging for the rollout,"Sharing the packaging options we discussed, with the ramp assumptions called out separately.","Sharing the packaging options we discussed, with the ramp assumptions called out separately.

Flag anything I have missed and I will get it turned around.

-- Kevin",1,0,2026-03-29 10:30:00,0.17
EML-5794,THR-8200,ACC-1057,CNT-2257,DL-4016,daniel.w@intellia.ai,dwhite@foxglovelabs.com,Outbound,Procurement paperwork,Procurement has the paperwork now. Flagging the two fields they need from your side to move it forward.,"Procurement has the paperwork now. Flagging the two fields they need from your side to move it forward.

Happy to set up time if that is easier than email.

-- Foxglove Labs",0,0,2026-04-05 11:45:00,-0.14
EML-5795,THR-8200,ACC-1057,CNT-2257,DL-4016,dwhite@foxglovelabs.com,daniel.w@intellia.ai,Inbound,Re: Procurement paperwork,Procurement has the paperwork now. Flagging the two fields they need from your side to move it forward.,"Procurement has the paperwork now. Flagging the two fields they need from your side to move it forward.

Happy to set up time if that is easier than email.

-- David",1,0,2026-04-06 11:15:00,-0.02
EML-5796,THR-8201,ACC-1057,CNT-2257,DL-4136,daniel.w@intellia.ai,dwhite@foxglovelabs.com,Outbound,Following up on our discovery call,Great speaking earlier. Capturing what we agreed so nothing slips between now and the next session.,"Great speaking earlier. Capturing what we agreed so nothing slips between now and the next session.

I want to flag that priorities have shifted since we last spoke.

-- Foxglove Labs",0,1,2026-04-17 14:00:00,-0.29
EML-5797,THR-8201,ACC-1057,CNT-2257,DL-4136,dwhite@foxglovelabs.com,daniel.w@intellia.ai,Inbound,Re: Following up on our discovery call,Great speaking earlier. Capturing what we agreed so nothing slips between now and the next session.,"Great speaking earlier. Capturing what we agreed so nothing slips between now and the next session.

We may need to push this out a cycle -- I will know more after the leadership review.

-- David",1,0,2026-04-18 12:30:00,-0.59
EML-5798,THR-8201,ACC-1057,CNT-2257,DL-4136,daniel.w@intellia.ai,dwhite@foxglovelabs.com,Outbound,Re: Following up on our discovery call,Great speaking earlier. Capturing what we agreed so nothing slips between now and the next session.,"Great speaking earlier. Capturing what we agreed so nothing slips between now and the next session.

Being candid: the timing is getting difficult on our end given the budget review.

-- Foxglove Labs",1,0,2026-04-25 14:30:00,-0.56
EML-5799,THR-8202,ACC-1057,CNT-2256,DL-4136,daniel.w@intellia.ai,ejenkins@foxglovelabs.com,Outbound,Procurement paperwork,Procurement has the paperwork now. Flagging the two fields they need from your side to move it forward.,"Procurement has the paperwork now. Flagging the two fields they need from your side to move it forward.

Happy to set up time if that is easier than email.

-- Foxglove Labs",0,0,2026-05-26 13:00:00,-0.08
EML-5800,THR-8202,ACC-1057,CNT-2256,DL-4136,ejenkins@foxglovelabs.com,daniel.w@intellia.ai,Inbound,Re: Procurement paperwork,Procurement has the paperwork now. Flagging the two fields they need from your side to move it forward.,"Procurement has the paperwork now. Flagging the two fields they need from your side to move it forward.

We may need to push this out a cycle -- I will know more after the leadership review.

-- Emily",1,1,2026-05-29 10:30:00,-0.37
EML-5801,THR-8202,ACC-1057,CNT-2256,DL-4136,daniel.w@intellia.ai,ejenkins@foxglovelabs.com,Outbound,Re: Procurement paperwork,Procurement has the paperwork now. Flagging the two fields they need from your side to move it forward.,"Procurement has the paperwork now. Flagging the two fields they need from your side to move it forward.

I want to flag that priorities have shifted since we last spoke.

-- Foxglove Labs",1,0,2026-05-28 13:45:00,-0.26
EML-5802,THR-8203,ACC-1058,CNT-2260,,laura.a@intellia.ai,mjackson@harborviewenergy.com,Outbound,Following up on our discovery call,Great speaking earlier. Capturing what we agreed so nothing slips between now and the next session.,"Great speaking earlier. Capturing what we agreed so nothing slips between now and the next session.

Let me know what makes sense as a next step.

-- Harborview Energy",0,0,2026-05-15 14:30:00,0.13
EML-5803,THR-8203,ACC-1058,CNT-2260,,mjackson@harborviewenergy.com,laura.a@intellia.ai,Inbound,Re: Following up on our discovery call,Great speaking earlier. Capturing what we agreed so nothing slips between now and the next session.,"Great speaking earlier. Capturing what we agreed so nothing slips between now and the next session.

Glad this is landing. I will keep the internal team aligned.

-- Megan",1,1,2026-05-16 14:15:00,0.39
EML-5804,THR-8204,ACC-1058,CNT-2260,DL-4017,laura.a@intellia.ai,mjackson@harborviewenergy.com,Outbound,Executive briefing logistics,Confirming logistics for the executive briefing and who we expect in the room.,"Confirming logistics for the executive briefing and who we expect in the room.

This is tracking well on our side -- happy to move at your pace.

-- Harborview Energy",0,0,2026-06-21 13:15:00,0.49
EML-5805,THR-8204,ACC-1058,CNT-2260,DL-4017,mjackson@harborviewenergy.com,laura.a@intellia.ai,Inbound,Re: Executive briefing logistics,Confirming logistics for the executive briefing and who we expect in the room.,"Confirming logistics for the executive briefing and who we expect in the room.

Glad this is landing. I will keep the internal team aligned.

-- Megan",1,0,2026-06-22 09:15:00,0.71
EML-5806,THR-8204,ACC-1058,CNT-2260,DL-4017,laura.a@intellia.ai,mjackson@harborviewenergy.com,Outbound,Re: Executive briefing logistics,Confirming logistics for the executive briefing and who we expect in the room.,"Confirming logistics for the executive briefing and who we expect in the room.

This is tracking well on our side -- happy to move at your pace.

-- Harborview Energy",1,0,2026-06-23 10:45:00,0.74
EML-5807,THR-8204,ACC-1058,CNT-2260,DL-4017,mjackson@harborviewenergy.com,laura.a@intellia.ai,Inbound,Re: Executive briefing logistics,Confirming logistics for the executive briefing and who we expect in the room.,"Confirming logistics for the executive briefing and who we expect in the room.

This is tracking well on our side -- happy to move at your pace.

-- Megan",1,0,2026-06-30 18:15:00,0.54
EML-5808,THR-8204,ACC-1058,CNT-2260,DL-4017,laura.a@intellia.ai,mjackson@harborviewenergy.com,Outbound,Re: Executive briefing logistics,Confirming logistics for the executive briefing and who we expect in the room.,"Confirming logistics for the executive briefing and who we expect in the room.

Glad this is landing. I will keep the internal team aligned.

-- Harborview Energy",1,0,2026-07-03 12:45:00,0.64
EML-5809,THR-8205,ACC-1058,CNT-2262,DL-4017,laura.a@intellia.ai,eokafor@harborviewenergy.com,Outbound,Integration architecture overview,Thanks for walking us through the architecture. The team had a few follow-ups on how the connector handles inc,"Thanks for walking us through the architecture. The team had a few follow-ups on how the connector handles incremental syncs.

Flag anything I have missed and I will get it turned around.

-- Harborview Energy",0,0,2026-05-17 09:15:00,0.14
EML-5810,THR-8205,ACC-1058,CNT-2262,DL-4017,eokafor@harborviewenergy.com,laura.a@intellia.ai,Inbound,Re: Integration architecture overview,Thanks for walking us through the architecture. The team had a few follow-ups on how the connector handles inc,"Thanks for walking us through the architecture. The team had a few follow-ups on how the connector handles incremental syncs.

Happy to set up time if that is easier than email.

-- Elena",1,0,2026-05-20 08:15:00,0.09
EML-5811,THR-8205,ACC-1058,CNT-2262,DL-4017,laura.a@intellia.ai,eokafor@harborviewenergy.com,Outbound,Re: Integration architecture overview,Thanks for walking us through the architecture. The team had a few follow-ups on how the connector handles inc,"Thanks for walking us through the architecture. The team had a few follow-ups on how the connector handles incremental syncs.

Flag anything I have missed and I will get it turned around.

-- Harborview Energy",1,0,2026-05-19 18:45:00,0.26
EML-5812,THR-8205,ACC-1058,CNT-2262,DL-4017,eokafor@harborviewenergy.com,laura.a@intellia.ai,Inbound,Re: Integration architecture overview,Thanks for walking us through the architecture. The team had a few follow-ups on how the connector handles inc,"Thanks for walking us through the architecture. The team had a few follow-ups on how the connector handles incremental syncs.

Let me know what makes sense as a next step.

-- Elena",1,1,2026-05-26 17:15:00,0.23
EML-5813,THR-8206,ACC-1058,CNT-2261,DL-4137,laura.a@intellia.ai,mfischer@harborviewenergy.com,Outbound,Security review questionnaire,Our security team has started the review. They flagged two questions on data residency and retention.,"Our security team has started the review. They flagged two questions on data residency and retention.

Being candid: the timing is getting difficult on our end given the budget review.

-- Harborview Energy",0,0,2026-04-28 18:00:00,-0.36
EML-5814,THR-8206,ACC-1058,CNT-2261,DL-4137,mfischer@harborviewenergy.com,laura.a@intellia.ai,Inbound,Re: Security review questionnaire,Our security team has started the review. They flagged two questions on data residency and retention.,"Our security team has started the review. They flagged two questions on data residency and retention.

I want to flag that priorities have shifted since we last spoke.

-- Megan",1,0,2026-04-29 14:15:00,-0.46
EML-5815,THR-8206,ACC-1058,CNT-2261,DL-4137,laura.a@intellia.ai,mfischer@harborviewenergy.com,Outbound,Re: Security review questionnaire,Our security team has started the review. They flagged two questions on data residency and retention.,"Our security team has started the review. They flagged two questions on data residency and retention.

Being candid: the timing is getting difficult on our end given the budget review.

-- Harborview Energy",1,0,2026-04-30 13:30:00,-0.55
EML-5816,THR-8206,ACC-1058,CNT-2261,DL-4137,mfischer@harborviewenergy.com,laura.a@intellia.ai,Inbound,Re: Security review questionnaire,Our security team has started the review. They flagged two questions on data residency and retention.,"Our security team has started the review. They flagged two questions on data residency and retention.

I want to flag that priorities have shifted since we last spoke.

-- Megan",1,1,2026-05-10 18:30:00,-0.37
EML-5817,THR-8207,ACC-1058,CNT-2259,DL-4077,laura.a@intellia.ai,nchen@harborviewenergy.com,Outbound,Renewal timing and scope,Wanted to get ahead of the renewal date so we have room to align on scope before the deadline.,"Wanted to get ahead of the renewal date so we have room to align on scope before the deadline.

This is tracking well on our side -- happy to move at your pace.

-- Harborview Energy",0,0,2026-06-13 18:45:00,0.46
EML-5818,THR-8207,ACC-1058,CNT-2259,DL-4077,nchen@harborviewenergy.com,laura.a@intellia.ai,Inbound,Re: Renewal timing and scope,Wanted to get ahead of the renewal date so we have room to align on scope before the deadline.,"Wanted to get ahead of the renewal date so we have room to align on scope before the deadline.

Let me know what makes sense as a next step.

-- Nina",1,0,2026-06-14 10:00:00,0.31
EML-5819,THR-8207,ACC-1058,CNT-2259,DL-4077,laura.a@intellia.ai,nchen@harborviewenergy.com,Outbound,Re: Renewal timing and scope,Wanted to get ahead of the renewal date so we have room to align on scope before the deadline.,"Wanted to get ahead of the renewal date so we have room to align on scope before the deadline.

Glad this is landing. I will keep the internal team aligned.

-- Harborview Energy",1,0,2026-06-15 15:00:00,0.53
EML-5820,THR-8207,ACC-1058,CNT-2259,DL-4077,nchen@harborviewenergy.com,laura.a@intellia.ai,Inbound,Re: Renewal timing and scope,Wanted to get ahead of the renewal date so we have room to align on scope before the deadline.,"Wanted to get ahead of the renewal date so we have room to align on scope before the deadline.

Appreciate the momentum here. Let me know if anything else would help.

-- Nina",1,0,2026-06-16 17:45:00,0.42
EML-5821,THR-8208,ACC-1059,CNT-2268,DL-4018,tom.c@intellia.ai,sdiaz@stonebridgebank.com,Outbound,Pricing and packaging for the rollout,"Sharing the packaging options we discussed, with the ramp assumptions called out separately.","Sharing the packaging options we discussed, with the ramp assumptions called out separately.

This is tracking well on our side -- happy to move at your pace.

-- Stonebridge Bank",0,0,2026-06-10 12:00:00,0.55
EML-5822,THR-8208,ACC-1059,CNT-2268,DL-4018,sdiaz@stonebridgebank.com,tom.c@intellia.ai,Inbound,Re: Pricing and packaging for the rollout,"Sharing the packaging options we discussed, with the ramp assumptions called out separately.","Sharing the packaging options we discussed, with the ramp assumptions called out separately.

Appreciate the momentum here. Let me know if anything else would help.

-- Sarah",1,0,2026-06-13 16:45:00,0.43
EML-5823,THR-8208,ACC-1059,CNT-2268,DL-4018,tom.c@intellia.ai,sdiaz@stonebridgebank.com,Outbound,Re: Pricing and packaging for the rollout,"Sharing the packaging options we discussed, with the ramp assumptions called out separately.","Sharing the packaging options we discussed, with the ramp assumptions called out separately.

This is tracking well on our side -- happy to move at your pace.

-- Stonebridge Bank",1,0,2026-06-12 11:45:00,0.46
EML-5824,THR-8208,ACC-1059,CNT-2268,DL-4018,sdiaz@stonebridgebank.com,tom.c@intellia.ai,Inbound,Re: Pricing and packaging for the rollout,"Sharing the packaging options we discussed, with the ramp assumptions called out separately.","Sharing the packaging options we discussed, with the ramp assumptions called out separately.

Glad this is landing. I will keep the internal team aligned.

-- Sarah",1,0,2026-06-13 18:45:00,0.67
EML-5825,THR-8208,ACC-1059,CNT-2268,DL-4018,tom.c@intellia.ai,sdiaz@stonebridgebank.com,Outbound,Re: Pricing and packaging for the rollout,"Sharing the packaging options we discussed, with the ramp assumptions called out separately.","Sharing the packaging options we discussed, with the ramp assumptions called out separately.

Glad this is landing. I will keep the internal team aligned.

-- Stonebridge Bank",1,0,2026-06-18 11:30:00,0.4
EML-5826,THR-8208,ACC-1059,CNT-2268,DL-4018,sdiaz@stonebridgebank.com,tom.c@intellia.ai,Inbound,Re: Pricing and packaging for the rollout,"Sharing the packaging options we discussed, with the ramp assumptions called out separately.","Sharing the packaging options we discussed, with the ramp assumptions called out separately.

This is tracking well on our side -- happy to move at your pace.

-- Sarah",1,0,2026-06-30 11:00:00,0.38
EML-5827,THR-8209,ACC-1059,CNT-2263,DL-4138,tom.c@intellia.ai,eokafor@stonebridgebank.com,Outbound,Pilot success criteria,Here are the success criteria we would use to judge the pilot at the end of the period.,"Here are the success criteria we would use to judge the pilot at the end of the period.

Being candid: the timing is getting difficult on our end given the budget review.

-- Stonebridge Bank",0,0,2026-05-02 17:45:00,-0.56
EML-5828,THR-8209,ACC-1059,CNT-2263,DL-4138,eokafor@stonebridgebank.com,tom.c@intellia.ai,Inbound,Re: Pilot success criteria,Here are the success criteria we would use to judge the pilot at the end of the period.,"Here are the success criteria we would use to judge the pilot at the end of the period.

I want to flag that priorities have shifted since we last spoke.

-- Emily",1,0,2026-05-05 10:00:00,-0.58
EML-5829,THR-8209,ACC-1059,CNT-2263,DL-4138,tom.c@intellia.ai,eokafor@stonebridgebank.com,Outbound,Re: Pilot success criteria,Here are the success criteria we would use to judge the pilot at the end of the period.,"Here are the success criteria we would use to judge the pilot at the end of the period.

I want to flag that priorities have shifted since we last spoke.

-- Stonebridge Bank",1,0,2026-05-06 18:15:00,-0.49
EML-5830,THR-8209,ACC-1059,CNT-2263,DL-4138,eokafor@stonebridgebank.com,tom.c@intellia.ai,Inbound,Re: Pilot success criteria,Here are the success criteria we would use to judge the pilot at the end of the period.,"Here are the success criteria we would use to judge the pilot at the end of the period.

Being candid: the timing is getting difficult on our end given the budget review.

-- Emily",1,0,2026-05-11 11:00:00,-0.46
EML-5831,THR-8209,ACC-1059,CNT-2263,DL-4138,tom.c@intellia.ai,eokafor@stonebridgebank.com,Outbound,Re: Pilot success criteria,Here are the success criteria we would use to judge the pilot at the end of the period.,"Here are the success criteria we would use to judge the pilot at the end of the period.

Being candid: the timing is getting difficult on our end given the budget review.

-- Stonebridge Bank",1,0,2026-05-10 11:00:00,-0.4
EML-5832,THR-8209,ACC-1059,CNT-2263,DL-4138,eokafor@stonebridgebank.com,tom.c@intellia.ai,Inbound,Re: Pilot success criteria,Here are the success criteria we would use to judge the pilot at the end of the period.,"Here are the success criteria we would use to judge the pilot at the end of the period.

Being candid: the timing is getting difficult on our end given the budget review.

-- Emily",1,1,2026-05-17 18:00:00,-0.55
EML-5833,THR-8210,ACC-1059,CNT-2268,,tom.c@intellia.ai,sdiaz@stonebridgebank.com,Outbound,Executive briefing logistics,Confirming logistics for the executive briefing and who we expect in the room.,"Confirming logistics for the executive briefing and who we expect in the room.

Flag anything I have missed and I will get it turned around.

-- Stonebridge Bank",0,0,2026-05-22 15:30:00,-0.05
EML-5834,THR-8210,ACC-1059,CNT-2268,,sdiaz@stonebridgebank.com,tom.c@intellia.ai,Inbound,Re: Executive briefing logistics,Confirming logistics for the executive briefing and who we expect in the room.,"Confirming logistics for the executive briefing and who we expect in the room.

Being candid: the timing is getting difficult on our end given the budget review.

-- Sarah",1,0,2026-05-26 17:15:00,-0.24
EML-5835,THR-8210,ACC-1059,CNT-2268,,tom.c@intellia.ai,sdiaz@stonebridgebank.com,Outbound,Re: Executive briefing logistics,Confirming logistics for the executive briefing and who we expect in the room.,"Confirming logistics for the executive briefing and who we expect in the room.

Happy to set up time if that is easier than email.

-- Stonebridge Bank",1,0,2026-05-30 10:45:00,-0.02
EML-5836,THR-8210,ACC-1059,CNT-2268,,sdiaz@stonebridgebank.com,tom.c@intellia.ai,Inbound,Re: Executive briefing logistics,Confirming logistics for the executive briefing and who we expect in the room.,"Confirming logistics for the executive briefing and who we expect in the room.

Being candid: the timing is getting difficult on our end given the budget review.

-- Sarah",1,0,2026-05-31 13:15:00,-0.25
EML-5837,THR-8210,ACC-1059,CNT-2268,,tom.c@intellia.ai,sdiaz@stonebridgebank.com,Outbound,Re: Executive briefing logistics,Confirming logistics for the executive briefing and who we expect in the room.,"Confirming logistics for the executive briefing and who we expect in the room.

We may need to push this out a cycle -- I will know more after the leadership review.

-- Stonebridge Bank",1,0,2026-06-03 14:30:00,-0.21
EML-5838,THR-8211,ACC-1059,CNT-2265,,tom.c@intellia.ai,owright@stonebridgebank.com,Outbound,Procurement paperwork,Procurement has the paperwork now. Flagging the two fields they need from your side to move it forward.,"Procurement has the paperwork now. Flagging the two fields they need from your side to move it forward.

Glad this is landing. I will keep the internal team aligned.

-- Stonebridge Bank",0,0,2026-05-02 12:30:00,0.89
EML-5839,THR-8211,ACC-1059,CNT-2265,,owright@stonebridgebank.com,tom.c@intellia.ai,Inbound,Re: Procurement paperwork,Procurement has the paperwork now. Flagging the two fields they need from your side to move it forward.,"Procurement has the paperwork now. Flagging the two fields they need from your side to move it forward.

Glad this is landing. I will keep the internal team aligned.

-- Omar",1,0,2026-05-04 12:30:00,0.68
EML-5840,THR-8212,ACC-1060,CNT-2269,DL-4079,jessica.c@intellia.ai,jsharma@wavelengthmedia.com,Outbound,Security review questionnaire,Our security team has started the review. They flagged two questions on data residency and retention.,"Our security team has started the review. They flagged two questions on data residency and retention.

Happy to set up time if that is easier than email.

-- Wavelength Media",0,1,2026-04-20 18:30:00,0.09
EML-5841,THR-8212,ACC-1060,CNT-2269,DL-4079,jsharma@wavelengthmedia.com,jessica.c@intellia.ai,Inbound,Re: Security review questionnaire,Our security team has started the review. They flagged two questions on data residency and retention.,"Our security team has started the review. They flagged two questions on data residency and retention.

Let me know what makes sense as a next step.

-- James",1,1,2026-04-21 11:00:00,0.1
EML-5842,THR-8213,ACC-1060,CNT-2269,DL-4019,jessica.c@intellia.ai,jsharma@wavelengthmedia.com,Outbound,Security review questionnaire,Our security team has started the review. They flagged two questions on data residency and retention.,"Our security team has started the review. They flagged two questions on data residency and retention.

Glad this is landing. I will keep the internal team aligned.

-- Wavelength Media",0,1,2026-07-16 18:15:00,0.49
EML-5843,THR-8213,ACC-1060,CNT-2269,DL-4019,jsharma@wavelengthmedia.com,jessica.c@intellia.ai,Inbound,Re: Security review questionnaire,Our security team has started the review. They flagged two questions on data residency and retention.,"Our security team has started the review. They flagged two questions on data residency and retention.

Appreciate the momentum here. Let me know if anything else would help.

-- James",1,0,2026-07-20 15:45:00,0.56
EML-5844,THR-8213,ACC-1060,CNT-2269,DL-4019,jessica.c@intellia.ai,jsharma@wavelengthmedia.com,Outbound,Re: Security review questionnaire,Our security team has started the review. They flagged two questions on data residency and retention.,"Our security team has started the review. They flagged two questions on data residency and retention.

Glad this is landing. I will keep the internal team aligned.

-- Wavelength Media",1,1,2026-07-24 10:00:00,0.75
EML-5845,THR-8213,ACC-1060,CNT-2269,DL-4019,jsharma@wavelengthmedia.com,jessica.c@intellia.ai,Inbound,Re: Security review questionnaire,Our security team has started the review. They flagged two questions on data residency and retention.,"Our security team has started the review. They flagged two questions on data residency and retention.

Appreciate the momentum here. Let me know if anything else would help.

-- James",1,0,2026-07-22 13:30:00,0.65
EML-5846,THR-8213,ACC-1060,CNT-2269,DL-4019,jessica.c@intellia.ai,jsharma@wavelengthmedia.com,Outbound,Re: Security review questionnaire,Our security team has started the review. They flagged two questions on data residency and retention.,"Our security team has started the review. They flagged two questions on data residency and retention.

Appreciate the momentum here. Let me know if anything else would help.

-- Wavelength Media",1,0,2026-07-28 17:00:00,0.49
EML-5847,THR-8213,ACC-1060,CNT-2269,DL-4019,jsharma@wavelengthmedia.com,jessica.c@intellia.ai,Inbound,Re: Security review questionnaire,Our security team has started the review. They flagged two questions on data residency and retention.,"Our security team has started the review. They flagged two questions on data residency and retention.

This is tracking well on our side -- happy to move at your pace.

-- James",1,0,2026-07-21 11:15:00,0.57
EML-5848,THR-8214,ACC-1060,CNT-2272,DL-4019,jessica.c@intellia.ai,ccole@wavelengthmedia.com,Outbound,Integration architecture overview,Thanks for walking us through the architecture. The team had a few follow-ups on how the connector handles inc,"Thanks for walking us through the architecture. The team had a few follow-ups on how the connector handles incremental syncs.

Appreciate the momentum here. Let me know if anything else would help.

-- Wavelength Media",0,0,2026-03-28 18:45:00,0.67
EML-5849,THR-8214,ACC-1060,CNT-2272,DL-4019,ccole@wavelengthmedia.com,jessica.c@intellia.ai,Inbound,Re: Integration architecture overview,Thanks for walking us through the architecture. The team had a few follow-ups on how the connector handles inc,"Thanks for walking us through the architecture. The team had a few follow-ups on how the connector handles incremental syncs.

Appreciate the momentum here. Let me know if anything else would help.

-- Carlos",1,0,2026-04-01 14:45:00,0.59
EML-5850,THR-8214,ACC-1060,CNT-2272,DL-4019,jessica.c@intellia.ai,ccole@wavelengthmedia.com,Outbound,Re: Integration architecture overview,Thanks for walking us through the architecture. The team had a few follow-ups on how the connector handles inc,"Thanks for walking us through the architecture. The team had a few follow-ups on how the connector handles incremental syncs.

This is tracking well on our side -- happy to move at your pace.

-- Wavelength Media",1,1,2026-04-03 13:45:00,0.75
EML-5851,THR-8214,ACC-1060,CNT-2272,DL-4019,ccole@wavelengthmedia.com,jessica.c@intellia.ai,Inbound,Re: Integration architecture overview,Thanks for walking us through the architecture. The team had a few follow-ups on how the connector handles inc,"Thanks for walking us through the architecture. The team had a few follow-ups on how the connector handles incremental syncs.

This is tracking well on our side -- happy to move at your pace.

-- Carlos",1,0,2026-04-06 16:00:00,0.52
EML-5852,THR-8215,ACC-1060,CNT-2270,DL-4079,jessica.c@intellia.ai,knovak@wavelengthmedia.com,Outbound,Following up on our discovery call,Great speaking earlier. Capturing what we agreed so nothing slips between now and the next session.,"Great speaking earlier. Capturing what we agreed so nothing slips between now and the next session.

I want to flag that priorities have shifted since we last spoke.

-- Wavelength Media",0,0,2026-05-31 08:30:00,-0.38
EML-5853,THR-8215,ACC-1060,CNT-2270,DL-4079,knovak@wavelengthmedia.com,jessica.c@intellia.ai,Inbound,Re: Following up on our discovery call,Great speaking earlier. Capturing what we agreed so nothing slips between now and the next session.,"Great speaking earlier. Capturing what we agreed so nothing slips between now and the next session.

Being candid: the timing is getting difficult on our end given the budget review.

-- Kevin",1,0,2026-06-04 10:30:00,-0.44
EML-5854,THR-8215,ACC-1060,CNT-2270,DL-4079,jessica.c@intellia.ai,knovak@wavelengthmedia.com,Outbound,Re: Following up on our discovery call,Great speaking earlier. Capturing what we agreed so nothing slips between now and the next session.,"Great speaking earlier. Capturing what we agreed so nothing slips between now and the next session.

Flag anything I have missed and I will get it turned around.

-- Wavelength Media",1,0,2026-06-02 15:00:00,-0.14
EML-5855,THR-8215,ACC-1060,CNT-2270,DL-4079,knovak@wavelengthmedia.com,jessica.c@intellia.ai,Inbound,Re: Following up on our discovery call,Great speaking earlier. Capturing what we agreed so nothing slips between now and the next session.,"Great speaking earlier. Capturing what we agreed so nothing slips between now and the next session.

We may need to push this out a cycle -- I will know more after the leadership review.

-- Kevin",1,0,2026-06-03 13:45:00,-0.43
EML-5856,THR-8215,ACC-1060,CNT-2270,DL-4079,jessica.c@intellia.ai,knovak@wavelengthmedia.com,Outbound,Re: Following up on our discovery call,Great speaking earlier. Capturing what we agreed so nothing slips between now and the next session.,"Great speaking earlier. Capturing what we agreed so nothing slips between now and the next session.

We may need to push this out a cycle -- I will know more after the leadership review.

-- Wavelength Media",1,0,2026-06-16 08:45:00,-0.39
