meeting_id,account_id,deal_id,organizer_id,title,meeting_type,scheduled_start,scheduled_end,duration_minutes,location,status,agenda,summary,key_points,next_steps,outcome,attendee_contact_ids,attendee_user_ids
MTG-6001,ACC-1001,DL-4080,USR-3002,Apex Logistics / Intellia QBR,QBR,2026-07-15 12:00:00,2026-07-15 12:30:00,30,Google Meet,Completed,Quarterly business review and adoption update,Forecast accuracy is the metric leadership actually cares about. Confirm the security questionnaire owner.,"[""Forecast accuracy is the metric leadership actually cares about"", ""Procurement requires an executive sponsor before paperwork moves"", ""Security review is the critical path item""]","[""Share the ROI model with finance"", ""Circulate pilot success criteria for sign-off""]",No decision,"[""CNT-2003"", ""CNT-2004""]","[""USR-3002""]"
MTG-6002,ACC-1001,DL-4080,USR-3002,Apex Logistics / Intellia Executive Briefing,Executive Briefing,2026-09-22 12:00:00,2026-09-22 13:00:00,60,Zoom,Scheduled,Review the pilot results and agree next steps,,[],[],,"[""CNT-2004""]","[""USR-3002""]"
MTG-6003,ACC-1001,DL-9002,USR-3002,Apex Logistics / Intellia Internal Sync,Internal Sync,2026-09-17 13:30:00,2026-09-17 14:30:00,60,Customer site,Scheduled,Review the pilot results and agree next steps,,[],[],,"[""CNT-2003"", ""CNT-2001"", ""CNT-2005""]","[""USR-3002""]"
MTG-6004,ACC-1001,DL-4020,USR-3002,Apex Logistics / Intellia Demo,Demo,2026-08-07 17:30:00,2026-08-07 18:15:00,45,Google Meet,Completed,Quarterly business review and adoption update,Forecast accuracy is the metric leadership actually cares about. Send the mutual action plan by end of week.,"[""Security review is the critical path item"", ""Champion is willing to socialize the business case internally"", ""Competitive evaluation is down to two vendors""]","[""Share the ROI model with finance"", ""Confirm the security questionnaire owner""]",No decision,"[""CNT-2004"", ""CNT-2006"", ""CNT-2003""]","[""USR-3002""]"
MTG-6005,ACC-1002,DL-4021,USR-3005,Vortex Analytics / Intellia Demo,Demo,2026-06-19 16:30:00,2026-06-19 17:00:00,30,Customer site,Completed,Validate the data connector and custom signal mapping,Forecast accuracy is the metric leadership actually cares about. Circulate pilot success criteria for sign-off.,"[""Procurement requires an executive sponsor before paperwork moves"", ""Adoption is concentrated in two teams; the rest of the org has not onboarded"", ""Budget is committed but the timing sits behind a leadership review""]","[""Confirm the security questionnaire owner"", ""Share the ROI model with finance""]",Held,"[""CNT-2008"", ""CNT-2007"", ""CNT-2009""]","[""USR-3005""]"
MTG-6006,ACC-1002,DL-4021,USR-3005,Vortex Analytics / Intellia Internal Sync,Internal Sync,2026-09-15 10:00:00,2026-09-15 10:45:00,45,Google Meet,Scheduled,Align business outcome goals with the executive sponsor,,[],[],,"[""CNT-2009"", ""CNT-2008""]","[""USR-3005""]"
MTG-6007,ACC-1002,DL-4141,USR-3006,Vortex Analytics / Intellia Renewal Review,Renewal Review,2026-07-04 17:00:00,2026-07-04 17:45:00,45,Microsoft Teams,Completed,"Renewal scope, timing and expansion options",Security review is the critical path item. Circulate pilot success criteria for sign-off.,"[""Forecast accuracy is the metric leadership actually cares about"", ""Champion is willing to socialize the business case internally"", ""Security review is the critical path item""]","[""Circulate pilot success criteria for sign-off"", ""Confirm the security questionnaire owner""]",Advanced,"[""CNT-2009""]","[""USR-3006""]"
MTG-6008,ACC-1002,DL-4021,USR-3005,Vortex Analytics / Intellia Negotiation,Negotiation,2026-05-11 16:30:00,2026-05-11 17:00:00,30,Google Meet,Completed,Review the pilot results and agree next steps,Champion is willing to socialize the business case internally. Circulate pilot success criteria for sign-off.,"[""Procurement requires an executive sponsor before paperwork moves"", ""Budget is committed but the timing sits behind a leadership review"", ""Competitive evaluation is down to two vendors""]","[""Share the ROI model with finance"", ""Send the mutual action plan by end of week""]",Slipped,"[""CNT-2007""]","[""USR-3005""]"
MTG-6009,ACC-1003,DL-4082,USR-3006,CloudScale Systems / Intellia Discovery,Discovery,2026-05-22 10:00:00,2026-05-22 10:30:00,30,Microsoft Teams,Completed,"Renewal scope, timing and expansion options",Security review is the critical path item. Circulate pilot success criteria for sign-off.,"[""Budget is committed but the timing sits behind a leadership review"", ""Security review is the critical path item"", ""Champion is willing to socialize the business case internally""]","[""Circulate pilot success criteria for sign-off"", ""Share the ROI model with finance""]",Slipped,"[""CNT-2014"", ""CNT-2010"", ""CNT-2011""]","[""USR-3006""]"
MTG-6010,ACC-1003,DL-4022,USR-3006,CloudScale Systems / Intellia Internal Sync,Internal Sync,2026-04-24 16:00:00,2026-04-24 17:00:00,60,Google Meet,Completed,Review the pilot results and agree next steps,The data team wants incremental sync rather than full refresh. Circulate pilot success criteria for sign-off.,"[""Security review is the critical path item"", ""Forecast accuracy is the metric leadership actually cares about"", ""Competitive evaluation is down to two vendors""]","[""Send the mutual action plan by end of week"", ""Circulate pilot success criteria for sign-off""]",Held,"[""CNT-2014"", ""CNT-2013""]","[""USR-3006""]"
MTG-6011,ACC-1003,DL-4022,USR-3006,CloudScale Systems / Intellia Demo,Demo,2026-06-24 17:30:00,2026-06-24 18:30:00,60,Microsoft Teams,Completed,Align business outcome goals with the executive sponsor,Competitive evaluation is down to two vendors. Send the mutual action plan by end of week.,"[""Security review is the critical path item"", ""Adoption is concentrated in two teams; the rest of the org has not onboarded"", ""Competitive evaluation is down to two vendors""]","[""Circulate pilot success criteria for sign-off"", ""Confirm the security questionnaire owner""]",Held,"[""CNT-2011""]","[""USR-3006""]"
MTG-6012,ACC-1003,DL-4022,USR-3006,CloudScale Systems / Intellia Internal Sync,Internal Sync,2026-07-01 15:00:00,2026-07-01 16:00:00,60,Google Meet,Completed,Quarterly business review and adoption update,Procurement requires an executive sponsor before paperwork moves. Send the mutual action plan by end of week.,"[""Budget is committed but the timing sits behind a leadership review"", ""Competitive evaluation is down to two vendors"", ""Champion is willing to socialize the business case internally""]","[""Confirm the security questionnaire owner"", ""Share the ROI model with finance""]",Slipped,"[""CNT-2013"", ""CNT-2011"", ""CNT-2014""]","[""USR-3006""]"
MTG-6013,ACC-1004,DL-4143,USR-3007,BioHealth Labs / Intellia QBR,QBR,2026-05-16 17:30:00,2026-05-16 18:00:00,30,Zoom,Completed,Technical deep dive on forecast accuracy,Forecast accuracy is the metric leadership actually cares about. Schedule the executive alignment call.,"[""Adoption is concentrated in two teams; the rest of the org has not onboarded"", ""Procurement requires an executive sponsor before paperwork moves"", ""Competitive evaluation is down to two vendors""]","[""Circulate pilot success criteria for sign-off"", ""Send the mutual action plan by end of week""]",No decision,"[""CNT-2016""]","[""USR-3007""]"
MTG-6014,ACC-1004,DL-4083,USR-3007,BioHealth Labs / Intellia Discovery,Discovery,2026-05-29 10:30:00,2026-05-29 11:00:00,30,Zoom,Completed,"Renewal scope, timing and expansion options",Budget is committed but the timing sits behind a leadership review. Share the ROI model with finance.,"[""The data team wants incremental sync rather than full refresh"", ""Budget is committed but the timing sits behind a leadership review"", ""Adoption is concentrated in two teams; the rest of the org has not onboarded""]","[""Schedule the executive alignment call"", ""Confirm the security questionnaire owner""]",No decision,"[""CNT-2015""]","[""USR-3007""]"
MTG-6015,ACC-1004,DL-4023,USR-3007,BioHealth Labs / Intellia Internal Sync,Internal Sync,2026-09-14 14:00:00,2026-09-14 14:30:00,30,Zoom,Scheduled,Review the pilot results and agree next steps,,[],[],,"[""CNT-2016"", ""CNT-2017""]","[""USR-3007""]"
MTG-6016,ACC-1004,DL-4083,USR-3007,BioHealth Labs / Intellia Discovery,Discovery,2026-09-19 10:00:00,2026-09-19 10:30:00,30,Customer site,Scheduled,Confirm the security review timeline and owners,,[],[],,"[""CNT-2018""]","[""USR-3007""]"
MTG-6017,ACC-1004,DL-4023,USR-3007,BioHealth Labs / Intellia Executive Briefing,Executive Briefing,2026-04-17 11:00:00,2026-04-17 11:45:00,45,Customer site,Completed,Confirm the security review timeline and owners,Security review is the critical path item. Get procurement paperwork started.,"[""Competitive evaluation is down to two vendors"", ""Adoption is concentrated in two teams; the rest of the org has not onboarded"", ""Procurement requires an executive sponsor before paperwork moves""]","[""Confirm the security questionnaire owner"", ""Share the ROI model with finance""]",Advanced,"[""CNT-2016""]","[""USR-3007""]"
MTG-6018,ACC-1004,DL-4023,USR-3007,BioHealth Labs / Intellia Internal Sync,Internal Sync,2026-07-27 12:00:00,2026-07-27 12:45:00,45,Zoom,Completed,Technical deep dive on forecast accuracy,Forecast accuracy is the metric leadership actually cares about. Confirm the security questionnaire owner.,"[""Security review is the critical path item"", ""Adoption is concentrated in two teams; the rest of the org has not onboarded"", ""Forecast accuracy is the metric leadership actually cares about""]","[""Circulate pilot success criteria for sign-off"", ""Confirm the security questionnaire owner""]",No decision,"[""CNT-2016"", ""CNT-2015""]","[""USR-3007""]"
MTG-6019,ACC-1005,DL-4084,USR-3009,OmniRetail Group / Intellia Executive Briefing,Executive Briefing,2026-04-22 09:00:00,2026-04-22 09:45:00,45,Microsoft Teams,Completed,"Renewal scope, timing and expansion options",Adoption is concentrated in two teams; the rest of the org has not onboarded. Send the mutual action plan by end of week.,"[""Security review is the critical path item"", ""Procurement requires an executive sponsor before paperwork moves"", ""Forecast accuracy is the metric leadership actually cares about""]","[""Circulate pilot success criteria for sign-off"", ""Share the ROI model with finance""]",Slipped,"[""CNT-2019"", ""CNT-2020""]","[""USR-3009""]"
MTG-6020,ACC-1005,DL-4024,USR-3009,OmniRetail Group / Intellia Negotiation,Negotiation,2026-05-06 11:00:00,2026-05-06 12:00:00,60,Google Meet,Completed,"Renewal scope, timing and expansion options",Security review is the critical path item. Get procurement paperwork started.,"[""Forecast accuracy is the metric leadership actually cares about"", ""Champion is willing to socialize the business case internally"", ""The data team wants incremental sync rather than full refresh""]","[""Circulate pilot success criteria for sign-off"", ""Share the ROI model with finance""]",Slipped,"[""CNT-2020""]","[""USR-3009""]"
MTG-6021,ACC-1005,DL-4024,USR-3011,OmniRetail Group / Intellia Executive Briefing,Executive Briefing,2026-06-30 14:00:00,2026-06-30 14:45:00,45,Google Meet,Completed,"Renewal scope, timing and expansion options",Security review is the critical path item. Confirm the security questionnaire owner.,"[""The data team wants incremental sync rather than full refresh"", ""Procurement requires an executive sponsor before paperwork moves"", ""Adoption is concentrated in two teams; the rest of the org has not onboarded""]","[""Schedule the executive alignment call"", ""Share the ROI model with finance""]",No decision,"[""CNT-2020""]","[""USR-3011""]"
MTG-6022,ACC-1005,DL-4024,USR-3011,OmniRetail Group / Intellia QBR,QBR,2026-09-13 09:30:00,2026-09-13 10:00:00,30,Zoom,Scheduled,Align business outcome goals with the executive sponsor,,[],[],,"[""CNT-2019""]","[""USR-3011""]"
MTG-6023,ACC-1005,DL-4084,USR-3009,OmniRetail Group / Intellia QBR,QBR,2026-09-07 12:00:00,2026-09-07 13:00:00,60,Google Meet,Scheduled,Validate the data connector and custom signal mapping,,[],[],,"[""CNT-2019"", ""CNT-2020"", ""CNT-2021""]","[""USR-3009""]"
MTG-6024,ACC-1006,DL-4145,USR-3002,CyberGuard Networks / Intellia Negotiation,Negotiation,2026-06-12 10:30:00,2026-06-12 11:15:00,45,Google Meet,Completed,Confirm the security review timeline and owners,The data team wants incremental sync rather than full refresh. Share the ROI model with finance.,"[""Security review is the critical path item"", ""The data team wants incremental sync rather than full refresh"", ""Budget is committed but the timing sits behind a leadership review""]","[""Share the ROI model with finance"", ""Schedule the executive alignment call""]",No decision,"[""CNT-2024"", ""CNT-2023"", ""CNT-2022""]","[""USR-3002""]"
MTG-6025,ACC-1006,DL-4025,USR-3010,CyberGuard Networks / Intellia Demo,Demo,2026-05-17 16:00:00,2026-05-17 17:00:00,60,Customer site,Completed,Confirm the security review timeline and owners,Competitive evaluation is down to two vendors. Get procurement paperwork started.,"[""Champion is willing to socialize the business case internally"", ""Adoption is concentrated in two teams; the rest of the org has not onboarded"", ""The data team wants incremental sync rather than full refresh""]","[""Circulate pilot success criteria for sign-off"", ""Schedule the executive alignment call""]",Slipped,"[""CNT-2022""]","[""USR-3010""]"
MTG-6026,ACC-1006,DL-4085,USR-3005,CyberGuard Networks / Intellia Negotiation,Negotiation,2026-08-02 08:00:00,2026-08-02 08:30:00,30,Microsoft Teams,Completed,Quarterly business review and adoption update,Champion is willing to socialize the business case internally. Circulate pilot success criteria for sign-off.,"[""Procurement requires an executive sponsor before paperwork moves"", ""Security review is the critical path item"", ""The data team wants incremental sync rather than full refresh""]","[""Get procurement paperwork started"", ""Schedule the executive alignment call""]",No decision,"[""CNT-2024""]","[""USR-3005""]"
MTG-6027,ACC-1006,DL-4025,USR-3010,CyberGuard Networks / Intellia Negotiation,Negotiation,2026-08-15 15:30:00,2026-08-15 16:15:00,45,Microsoft Teams,Scheduled,Technical deep dive on forecast accuracy,,[],[],,"[""CNT-2023"", ""CNT-2022""]","[""USR-3010""]"
MTG-6028,ACC-1007,DL-4026,USR-3011,DataPulse AI / Intellia Negotiation,Negotiation,2026-06-13 09:30:00,2026-06-13 10:30:00,60,Microsoft Teams,Completed,Confirm the security review timeline and owners,Forecast accuracy is the metric leadership actually cares about. Confirm the security questionnaire owner.,"[""Champion is willing to socialize the business case internally"", ""The data team wants incremental sync rather than full refresh"", ""Budget is committed but the timing sits behind a leadership review""]","[""Share the ROI model with finance"", ""Send the mutual action plan by end of week""]",Held,"[""CNT-2025"", ""CNT-2027"", ""CNT-2028""]","[""USR-3011""]"
MTG-6029,ACC-1007,DL-4146,USR-3011,DataPulse AI / Intellia Demo,Demo,2026-08-31 13:30:00,2026-08-31 14:30:00,60,Customer site,Scheduled,Quarterly business review and adoption update,,[],[],,"[""CNT-2027""]","[""USR-3011""]"
MTG-6030,ACC-1007,DL-4086,USR-3011,DataPulse AI / Intellia Demo,Demo,2026-08-25 17:30:00,2026-08-25 18:15:00,45,Zoom,Scheduled,"Renewal scope, timing and expansion options",,[],[],,"[""CNT-2029""]","[""USR-3011""]"
MTG-6031,ACC-1007,DL-4146,USR-3011,DataPulse AI / Intellia Executive Briefing,Executive Briefing,2026-08-17 15:00:00,2026-08-17 15:30:00,30,Microsoft Teams,Scheduled,Quarterly business review and adoption update,,[],[],,"[""CNT-2030"", ""CNT-2026"", ""CNT-2025""]","[""USR-3011""]"
MTG-6032,ACC-1007,DL-4146,USR-3012,DataPulse AI / Intellia Internal Sync,Internal Sync,2026-05-19 11:00:00,2026-05-19 11:45:00,45,Customer site,Completed,Quarterly business review and adoption update,Competitive evaluation is down to two vendors. Circulate pilot success criteria for sign-off.,"[""Competitive evaluation is down to two vendors"", ""Champion is willing to socialize the business case internally"", ""Adoption is concentrated in two teams; the rest of the org has not onboarded""]","[""Schedule the executive alignment call"", ""Get procurement paperwork started""]",Advanced,"[""CNT-2030""]","[""USR-3012""]"
MTG-6033,ACC-1008,DL-4087,USR-3012,Nexus Financial / Intellia Internal Sync,Internal Sync,2026-06-06 10:00:00,2026-06-06 10:30:00,30,Microsoft Teams,Completed,Confirm the security review timeline and owners,Procurement requires an executive sponsor before paperwork moves. Send the mutual action plan by end of week.,"[""Procurement requires an executive sponsor before paperwork moves"", ""The data team wants incremental sync rather than full refresh"", ""Adoption is concentrated in two teams; the rest of the org has not onboarded""]","[""Get procurement paperwork started"", ""Schedule the executive alignment call""]",Slipped,"[""CNT-2036"", ""CNT-2034""]","[""USR-3012""]"
MTG-6034,ACC-1008,DL-4147,USR-3012,Nexus Financial / Intellia Negotiation,Negotiation,2026-07-21 10:30:00,2026-07-21 11:30:00,60,Customer site,Completed,Review the pilot results and agree next steps,Budget is committed but the timing sits behind a leadership review. Schedule the executive alignment call.,"[""Security review is the critical path item"", ""Procurement requires an executive sponsor before paperwork moves"", ""Budget is committed but the timing sits behind a leadership review""]","[""Schedule the executive alignment call"", ""Send the mutual action plan by end of week""]",Slipped,"[""CNT-2034""]","[""USR-3012""]"
MTG-6035,ACC-1008,DL-4027,USR-3012,Nexus Financial / Intellia Executive Briefing,Executive Briefing,2026-08-29 09:00:00,2026-08-29 09:30:00,30,Google Meet,Scheduled,Quarterly business review and adoption update,,[],[],,"[""CNT-2035"", ""CNT-2034"", ""CNT-2031""]","[""USR-3012""]"
MTG-6036,ACC-1008,DL-4087,USR-3012,Nexus Financial / Intellia Negotiation,Negotiation,2026-07-04 17:30:00,2026-07-04 18:00:00,30,Customer site,Completed,"Walk through pricing, packaging and the ramp plan",Procurement requires an executive sponsor before paperwork moves. Send the mutual action plan by end of week.,"[""Adoption is concentrated in two teams; the rest of the org has not onboarded"", ""Competitive evaluation is down to two vendors"", ""The data team wants incremental sync rather than full refresh""]","[""Get procurement paperwork started"", ""Confirm the security questionnaire owner""]",Advanced,"[""CNT-2036"", ""CNT-2034"", ""CNT-2032""]","[""USR-3012""]"
MTG-6037,ACC-1008,DL-4087,USR-3007,Nexus Financial / Intellia Internal Sync,Internal Sync,2026-08-20 15:00:00,2026-08-20 15:45:00,45,Zoom,Scheduled,"Walk through pricing, packaging and the ramp plan",,[],[],,"[""CNT-2032""]","[""USR-3007""]"
MTG-6038,ACC-1008,DL-4087,USR-3012,Nexus Financial / Intellia Executive Briefing,Executive Briefing,2026-07-25 15:30:00,2026-07-25 16:00:00,30,Microsoft Teams,Completed,Quarterly business review and adoption update,Competitive evaluation is down to two vendors. Share the ROI model with finance.,"[""Competitive evaluation is down to two vendors"", ""Budget is committed but the timing sits behind a leadership review"", ""Champion is willing to socialize the business case internally""]","[""Get procurement paperwork started"", ""Confirm the security questionnaire owner""]",Slipped,"[""CNT-2031"", ""CNT-2035""]","[""USR-3012""]"
MTG-6039,ACC-1008,DL-4147,USR-3012,Nexus Financial / Intellia Renewal Review,Renewal Review,2026-08-30 14:30:00,2026-08-30 15:15:00,45,Customer site,Scheduled,Align business outcome goals with the executive sponsor,,[],[],,"[""CNT-2036"", ""CNT-2031""]","[""USR-3012""]"
MTG-6040,ACC-1009,DL-4088,USR-3013,Strata Energy / Intellia Renewal Review,Renewal Review,2026-07-02 15:30:00,2026-07-02 16:00:00,30,Microsoft Teams,Completed,Align business outcome goals with the executive sponsor,Competitive evaluation is down to two vendors. Schedule the executive alignment call.,"[""Procurement requires an executive sponsor before paperwork moves"", ""Budget is committed but the timing sits behind a leadership review"", ""The data team wants incremental sync rather than full refresh""]","[""Confirm the security questionnaire owner"", ""Get procurement paperwork started""]",Held,"[""CNT-2037""]","[""USR-3013""]"
MTG-6041,ACC-1009,DL-4028,USR-3013,Strata Energy / Intellia Executive Briefing,Executive Briefing,2026-09-16 11:30:00,2026-09-16 12:30:00,60,Google Meet,Scheduled,Quarterly business review and adoption update,,[],[],,"[""CNT-2037"", ""CNT-2038"", ""CNT-2040""]","[""USR-3013""]"
MTG-6042,ACC-1009,DL-4148,USR-3013,Strata Energy / Intellia Negotiation,Negotiation,2026-07-10 08:30:00,2026-07-10 09:30:00,60,Microsoft Teams,Completed,Confirm the security review timeline and owners,Champion is willing to socialize the business case internally. Circulate pilot success criteria for sign-off.,"[""Security review is the critical path item"", ""Competitive evaluation is down to two vendors"", ""Forecast accuracy is the metric leadership actually cares about""]","[""Confirm the security questionnaire owner"", ""Circulate pilot success criteria for sign-off""]",No decision,"[""CNT-2039"", ""CNT-2040"", ""CNT-2037""]","[""USR-3013""]"
MTG-6043,ACC-1009,DL-4088,USR-3013,Strata Energy / Intellia Discovery,Discovery,2026-08-29 17:00:00,2026-08-29 17:30:00,30,Zoom,Scheduled,Quarterly business review and adoption update,,[],[],,"[""CNT-2038"", ""CNT-2037"", ""CNT-2039""]","[""USR-3013""]"
MTG-6044,ACC-1009,DL-4028,USR-3013,Strata Energy / Intellia Negotiation,Negotiation,2026-07-14 16:30:00,2026-07-14 17:00:00,30,Microsoft Teams,Completed,Review the pilot results and agree next steps,Forecast accuracy is the metric leadership actually cares about. Send the mutual action plan by end of week.,"[""Forecast accuracy is the metric leadership actually cares about"", ""Champion is willing to socialize the business case internally"", ""Procurement requires an executive sponsor before paperwork moves""]","[""Schedule the executive alignment call"", ""Circulate pilot success criteria for sign-off""]",Slipped,"[""CNT-2037"", ""CNT-2039"", ""CNT-2038""]","[""USR-3013""]"
MTG-6045,ACC-1009,DL-4088,USR-3011,Strata Energy / Intellia Technical Validation,Technical Validation,2026-09-24 17:30:00,2026-09-24 18:15:00,45,Microsoft Teams,Scheduled,Review the pilot results and agree next steps,,[],[],,"[""CNT-2037""]","[""USR-3011""]"
MTG-6046,ACC-1009,DL-4148,USR-3013,Strata Energy / Intellia Discovery,Discovery,2026-06-28 09:00:00,2026-06-28 10:00:00,60,Microsoft Teams,Completed,Quarterly business review and adoption update,Forecast accuracy is the metric leadership actually cares about. Schedule the executive alignment call.,"[""Champion is willing to socialize the business case internally"", ""Procurement requires an executive sponsor before paperwork moves"", ""Competitive evaluation is down to two vendors""]","[""Confirm the security questionnaire owner"", ""Schedule the executive alignment call""]",Advanced,"[""CNT-2038""]","[""USR-3013""]"
MTG-6047,ACC-1010,DL-4149,USR-3009,Fintech Dynamics / Intellia Internal Sync,Internal Sync,2026-08-05 10:30:00,2026-08-05 11:00:00,30,Microsoft Teams,Completed,Align business outcome goals with the executive sponsor,Competitive evaluation is down to two vendors. Schedule the executive alignment call.,"[""Procurement requires an executive sponsor before paperwork moves"", ""Budget is committed but the timing sits behind a leadership review"", ""Adoption is concentrated in two teams; the rest of the org has not onboarded""]","[""Confirm the security questionnaire owner"", ""Circulate pilot success criteria for sign-off""]",Held,"[""CNT-2043"", ""CNT-2042""]","[""USR-3009""]"
MTG-6048,ACC-1010,DL-4089,USR-3001,Fintech Dynamics / Intellia QBR,QBR,2026-09-17 13:00:00,2026-09-17 13:30:00,30,Customer site,Scheduled,Technical deep dive on forecast accuracy,,[],[],,"[""CNT-2041"", ""CNT-2043"", ""CNT-2042""]","[""USR-3001""]"
MTG-6049,ACC-1010,DL-4029,USR-3001,Fintech Dynamics / Intellia Executive Briefing,Executive Briefing,2026-08-01 09:30:00,2026-08-01 10:30:00,60,Google Meet,Completed,"Walk through pricing, packaging and the ramp plan",Security review is the critical path item. Circulate pilot success criteria for sign-off.,"[""Adoption is concentrated in two teams; the rest of the org has not onboarded"", ""Champion is willing to socialize the business case internally"", ""Procurement requires an executive sponsor before paperwork moves""]","[""Get procurement paperwork started"", ""Share the ROI model with finance""]",Advanced,"[""CNT-2042""]","[""USR-3001""]"
MTG-6050,ACC-1010,DL-4089,USR-3001,Fintech Dynamics / Intellia Demo,Demo,2026-06-28 11:30:00,2026-06-28 12:15:00,45,Customer site,Completed,"Walk through pricing, packaging and the ramp plan",Champion is willing to socialize the business case internally. Circulate pilot success criteria for sign-off.,"[""Budget is committed but the timing sits behind a leadership review"", ""Champion is willing to socialize the business case internally"", ""Forecast accuracy is the metric leadership actually cares about""]","[""Circulate pilot success criteria for sign-off"", ""Confirm the security questionnaire owner""]",Advanced,"[""CNT-2041""]","[""USR-3001""]"
MTG-6051,ACC-1010,DL-4149,USR-3001,Fintech Dynamics / Intellia Technical Validation,Technical Validation,2026-04-19 10:30:00,2026-04-19 11:15:00,45,Zoom,Completed,Review the pilot results and agree next steps,The data team wants incremental sync rather than full refresh. Get procurement paperwork started.,"[""The data team wants incremental sync rather than full refresh"", ""Adoption is concentrated in two teams; the rest of the org has not onboarded"", ""Forecast accuracy is the metric leadership actually cares about""]","[""Share the ROI model with finance"", ""Send the mutual action plan by end of week""]",Slipped,"[""CNT-2043"", ""CNT-2041"", ""CNT-2042""]","[""USR-3001""]"
MTG-6052,ACC-1010,DL-4089,USR-3001,Fintech Dynamics / Intellia Executive Briefing,Executive Briefing,2026-08-21 16:30:00,2026-08-21 17:15:00,45,Zoom,Scheduled,Technical deep dive on forecast accuracy,,[],[],,"[""CNT-2041""]","[""USR-3001""]"
MTG-6053,ACC-1010,DL-4089,USR-3007,Fintech Dynamics / Intellia Executive Briefing,Executive Briefing,2026-04-16 12:30:00,2026-04-16 13:00:00,30,Google Meet,Completed,Align business outcome goals with the executive sponsor,Budget is committed but the timing sits behind a leadership review. Schedule the executive alignment call.,"[""Procurement requires an executive sponsor before paperwork moves"", ""The data team wants incremental sync rather than full refresh"", ""Adoption is concentrated in two teams; the rest of the org has not onboarded""]","[""Send the mutual action plan by end of week"", ""Schedule the executive alignment call""]",Held,"[""CNT-2043"", ""CNT-2042"", ""CNT-2041""]","[""USR-3007""]"
MTG-6054,ACC-1011,DL-4030,USR-3002,Quantum Edge / Intellia Internal Sync,Internal Sync,2026-04-30 10:30:00,2026-04-30 11:15:00,45,Google Meet,Completed,Review the pilot results and agree next steps,Forecast accuracy is the metric leadership actually cares about. Confirm the security questionnaire owner.,"[""Budget is committed but the timing sits behind a leadership review"", ""Forecast accuracy is the metric leadership actually cares about"", ""Adoption is concentrated in two teams; the rest of the org has not onboarded""]","[""Send the mutual action plan by end of week"", ""Schedule the executive alignment call""]",No decision,"[""CNT-2049"", ""CNT-2047""]","[""USR-3002""]"
MTG-6055,ACC-1011,DL-4090,USR-3002,Quantum Edge / Intellia Discovery,Discovery,2026-09-18 14:00:00,2026-09-18 14:30:00,30,Zoom,Scheduled,Validate the data connector and custom signal mapping,,[],[],,"[""CNT-2049"", ""CNT-2048"", ""CNT-2047""]","[""USR-3002""]"
MTG-6056,ACC-1011,DL-4150,USR-3002,Quantum Edge / Intellia Renewal Review,Renewal Review,2026-08-17 08:30:00,2026-08-17 09:30:00,60,Customer site,Scheduled,Technical deep dive on forecast accuracy,,[],[],,"[""CNT-2046""]","[""USR-3002""]"
MTG-6057,ACC-1011,DL-9003,USR-3002,Quantum Edge / Intellia QBR,QBR,2026-09-03 14:30:00,2026-09-03 15:15:00,45,Google Meet,Scheduled,Confirm the security review timeline and owners,,[],[],,"[""CNT-2049"", ""CNT-2044""]","[""USR-3002""]"
MTG-6058,ACC-1011,DL-9003,USR-3002,Quantum Edge / Intellia QBR,QBR,2026-06-03 14:30:00,2026-06-03 15:30:00,60,Zoom,Completed,"Renewal scope, timing and expansion options",Security review is the critical path item. Circulate pilot success criteria for sign-off.,"[""Adoption is concentrated in two teams; the rest of the org has not onboarded"", ""Procurement requires an executive sponsor before paperwork moves"", ""Competitive evaluation is down to two vendors""]","[""Get procurement paperwork started"", ""Circulate pilot success criteria for sign-off""]",Slipped,"[""CNT-2047"", ""CNT-2046"", ""CNT-2044""]","[""USR-3002""]"
MTG-6059,ACC-1011,DL-9003,USR-3002,Quantum Edge / Intellia Demo,Demo,2026-07-11 08:30:00,2026-07-11 09:15:00,45,Microsoft Teams,Completed,Validate the data connector and custom signal mapping,Adoption is concentrated in two teams; the rest of the org has not onboarded. Share the ROI model with finance.,"[""Procurement requires an executive sponsor before paperwork moves"", ""Competitive evaluation is down to two vendors"", ""Budget is committed but the timing sits behind a leadership review""]","[""Send the mutual action plan by end of week"", ""Circulate pilot success criteria for sign-off""]",Slipped,"[""CNT-2047"", ""CNT-2045"", ""CNT-2044""]","[""USR-3002""]"
MTG-6060,ACC-1011,DL-9003,USR-3002,Quantum Edge / Intellia Technical Validation,Technical Validation,2026-05-04 13:30:00,2026-05-04 14:00:00,30,Customer site,Completed,"Renewal scope, timing and expansion options",Forecast accuracy is the metric leadership actually cares about. Send the mutual action plan by end of week.,"[""The data team wants incremental sync rather than full refresh"", ""Budget is committed but the timing sits behind a leadership review"", ""Competitive evaluation is down to two vendors""]","[""Share the ROI model with finance"", ""Confirm the security questionnaire owner""]",Held,"[""CNT-2046"", ""CNT-2047"", ""CNT-2049""]","[""USR-3002""]"
MTG-6061,ACC-1012,DL-4151,USR-3002,Synergy Media / Intellia Demo,Demo,2026-09-05 09:00:00,2026-09-05 09:45:00,45,Google Meet,Scheduled,Validate the data connector and custom signal mapping,,[],[],,"[""CNT-2051"", ""CNT-2052""]","[""USR-3002""]"
MTG-6062,ACC-1012,DL-4151,USR-3005,Synergy Media / Intellia Demo,Demo,2026-07-18 17:00:00,2026-07-18 17:30:00,30,Microsoft Teams,Completed,Quarterly business review and adoption update,Budget is committed but the timing sits behind a leadership review. Circulate pilot success criteria for sign-off.,"[""Adoption is concentrated in two teams; the rest of the org has not onboarded"", ""Champion is willing to socialize the business case internally"", ""Competitive evaluation is down to two vendors""]","[""Send the mutual action plan by end of week"", ""Share the ROI model with finance""]",Held,"[""CNT-2050""]","[""USR-3005""]"
MTG-6063,ACC-1012,DL-4091,USR-3005,Synergy Media / Intellia Demo,Demo,2026-05-19 15:00:00,2026-05-19 15:45:00,45,Google Meet,Completed,Validate the data connector and custom signal mapping,Procurement requires an executive sponsor before paperwork moves. Send the mutual action plan by end of week.,"[""Security review is the critical path item"", ""Budget is committed but the timing sits behind a leadership review"", ""Forecast accuracy is the metric leadership actually cares about""]","[""Schedule the executive alignment call"", ""Send the mutual action plan by end of week""]",Advanced,"[""CNT-2050""]","[""USR-3005""]"
MTG-6064,ACC-1012,DL-4031,USR-3005,Synergy Media / Intellia Executive Briefing,Executive Briefing,2026-05-27 08:00:00,2026-05-27 08:45:00,45,Customer site,Completed,Validate the data connector and custom signal mapping,Competitive evaluation is down to two vendors. Share the ROI model with finance.,"[""Procurement requires an executive sponsor before paperwork moves"", ""Competitive evaluation is down to two vendors"", ""Security review is the critical path item""]","[""Get procurement paperwork started"", ""Share the ROI model with finance""]",Advanced,"[""CNT-2050""]","[""USR-3005""]"
MTG-6065,ACC-1012,DL-4091,USR-3005,Synergy Media / Intellia Technical Validation,Technical Validation,2026-06-20 13:00:00,2026-06-20 13:30:00,30,Customer site,Completed,Confirm the security review timeline and owners,Procurement requires an executive sponsor before paperwork moves. Schedule the executive alignment call.,"[""Security review is the critical path item"", ""Budget is committed but the timing sits behind a leadership review"", ""Forecast accuracy is the metric leadership actually cares about""]","[""Send the mutual action plan by end of week"", ""Get procurement paperwork started""]",Slipped,"[""CNT-2051"", ""CNT-2052"", ""CNT-2050""]","[""USR-3005""]"
MTG-6066,ACC-1012,DL-4091,USR-3005,Synergy Media / Intellia Discovery,Discovery,2026-07-31 10:00:00,2026-07-31 10:30:00,30,Customer site,Completed,"Renewal scope, timing and expansion options",Forecast accuracy is the metric leadership actually cares about. Confirm the security questionnaire owner.,"[""Security review is the critical path item"", ""Competitive evaluation is down to two vendors"", ""The data team wants incremental sync rather than full refresh""]","[""Schedule the executive alignment call"", ""Send the mutual action plan by end of week""]",Held,"[""CNT-2050"", ""CNT-2051""]","[""USR-3005""]"
MTG-6067,ACC-1013,DL-4092,USR-3006,Astra Manufacturing / Intellia Executive Briefing,Executive Briefing,2026-08-14 13:00:00,2026-08-14 14:00:00,60,Microsoft Teams,Scheduled,Review the pilot results and agree next steps,,[],[],,"[""CNT-2056"", ""CNT-2055""]","[""USR-3006""]"
MTG-6068,ACC-1013,DL-4152,USR-3005,Astra Manufacturing / Intellia Demo,Demo,2026-07-25 17:30:00,2026-07-25 18:15:00,45,Google Meet,Completed,"Walk through pricing, packaging and the ramp plan",Budget is committed but the timing sits behind a leadership review. Get procurement paperwork started.,"[""Budget is committed but the timing sits behind a leadership review"", ""Competitive evaluation is down to two vendors"", ""The data team wants incremental sync rather than full refresh""]","[""Get procurement paperwork started"", ""Send the mutual action plan by end of week""]",Slipped,"[""CNT-2056""]","[""USR-3005""]"
MTG-6069,ACC-1013,DL-4092,USR-3006,Astra Manufacturing / Intellia Technical Validation,Technical Validation,2026-07-13 09:30:00,2026-07-13 10:00:00,30,Zoom,Completed,Align business outcome goals with the executive sponsor,Competitive evaluation is down to two vendors. Get procurement paperwork started.,"[""Budget is committed but the timing sits behind a leadership review"", ""Competitive evaluation is down to two vendors"", ""Procurement requires an executive sponsor before paperwork moves""]","[""Share the ROI model with finance"", ""Confirm the security questionnaire owner""]",Advanced,"[""CNT-2054"", ""CNT-2056"", ""CNT-2053""]","[""USR-3006""]"
MTG-6070,ACC-1013,DL-4032,USR-3006,Astra Manufacturing / Intellia Discovery,Discovery,2026-05-31 15:00:00,2026-05-31 15:45:00,45,Google Meet,Completed,Align business outcome goals with the executive sponsor,Competitive evaluation is down to two vendors. Circulate pilot success criteria for sign-off.,"[""Champion is willing to socialize the business case internally"", ""The data team wants incremental sync rather than full refresh"", ""Procurement requires an executive sponsor before paperwork moves""]","[""Send the mutual action plan by end of week"", ""Confirm the security questionnaire owner""]",Slipped,"[""CNT-2053""]","[""USR-3006""]"
MTG-6071,ACC-1013,DL-4152,USR-3002,Astra Manufacturing / Intellia Internal Sync,Internal Sync,2026-09-19 17:30:00,2026-09-19 18:15:00,45,Zoom,Scheduled,Review the pilot results and agree next steps,,[],[],,"[""CNT-2054""]","[""USR-3002""]"
MTG-6072,ACC-1013,DL-4152,USR-3006,Astra Manufacturing / Intellia Negotiation,Negotiation,2026-07-23 16:00:00,2026-07-23 16:45:00,45,Customer site,Completed,Quarterly business review and adoption update,Competitive evaluation is down to two vendors. Schedule the executive alignment call.,"[""Procurement requires an executive sponsor before paperwork moves"", ""Adoption is concentrated in two teams; the rest of the org has not onboarded"", ""Competitive evaluation is down to two vendors""]","[""Send the mutual action plan by end of week"", ""Get procurement paperwork started""]",No decision,"[""CNT-2054"", ""CNT-2053"", ""CNT-2055""]","[""USR-3006""]"
MTG-6073,ACC-1014,DL-4093,USR-3007,Velocity Cloud / Intellia Discovery,Discovery,2026-09-23 13:00:00,2026-09-23 13:30:00,30,Google Meet,Scheduled,"Walk through pricing, packaging and the ramp plan",,[],[],,"[""CNT-2059"", ""CNT-2060"", ""CNT-2061""]","[""USR-3007""]"
MTG-6074,ACC-1014,DL-4153,USR-3007,Velocity Cloud / Intellia QBR,QBR,2026-07-25 09:30:00,2026-07-25 10:30:00,60,Zoom,Completed,Quarterly business review and adoption update,Procurement requires an executive sponsor before paperwork moves. Send the mutual action plan by end of week.,"[""Competitive evaluation is down to two vendors"", ""Procurement requires an executive sponsor before paperwork moves"", ""Adoption is concentrated in two teams; the rest of the org has not onboarded""]","[""Schedule the executive alignment call"", ""Get procurement paperwork started""]",Held,"[""CNT-2060"", ""CNT-2057""]","[""USR-3007""]"
MTG-6075,ACC-1014,DL-4033,USR-3005,Velocity Cloud / Intellia Discovery,Discovery,2026-08-06 17:00:00,2026-08-06 17:45:00,45,Google Meet,Completed,Validate the data connector and custom signal mapping,Security review is the critical path item. Circulate pilot success criteria for sign-off.,"[""Forecast accuracy is the metric leadership actually cares about"", ""Champion is willing to socialize the business case internally"", ""Security review is the critical path item""]","[""Send the mutual action plan by end of week"", ""Confirm the security questionnaire owner""]",Advanced,"[""CNT-2057"", ""CNT-2058""]","[""USR-3005""]"
MTG-6076,ACC-1014,DL-4093,USR-3007,Velocity Cloud / Intellia Internal Sync,Internal Sync,2026-07-04 12:00:00,2026-07-04 12:45:00,45,Microsoft Teams,Completed,Confirm the security review timeline and owners,Adoption is concentrated in two teams; the rest of the org has not onboarded. Schedule the executive alignment call.,"[""Adoption is concentrated in two teams; the rest of the org has not onboarded"", ""Budget is committed but the timing sits behind a leadership review"", ""The data team wants incremental sync rather than full refresh""]","[""Schedule the executive alignment call"", ""Send the mutual action plan by end of week""]",Advanced,"[""CNT-2061"", ""CNT-2059""]","[""USR-3007""]"
MTG-6077,ACC-1015,DL-4034,USR-3009,Horizon Ventures / Intellia Negotiation,Negotiation,2026-07-27 10:00:00,2026-07-27 11:00:00,60,Microsoft Teams,Completed,Confirm the security review timeline and owners,Champion is willing to socialize the business case internally. Share the ROI model with finance.,"[""Budget is committed but the timing sits behind a leadership review"", ""Procurement requires an executive sponsor before paperwork moves"", ""Champion is willing to socialize the business case internally""]","[""Get procurement paperwork started"", ""Send the mutual action plan by end of week""]",Advanced,"[""CNT-2065"", ""CNT-2064""]","[""USR-3009""]"
MTG-6078,ACC-1015,DL-4034,USR-3009,Horizon Ventures / Intellia Demo,Demo,2026-05-05 08:30:00,2026-05-05 09:00:00,30,Customer site,Completed,"Walk through pricing, packaging and the ramp plan",Budget is committed but the timing sits behind a leadership review. Schedule the executive alignment call.,"[""Budget is committed but the timing sits behind a leadership review"", ""Security review is the critical path item"", ""Procurement requires an executive sponsor before paperwork moves""]","[""Schedule the executive alignment call"", ""Get procurement paperwork started""]",Slipped,"[""CNT-2063""]","[""USR-3009""]"
MTG-6079,ACC-1015,DL-4034,USR-3009,Horizon Ventures / Intellia Negotiation,Negotiation,2026-09-27 13:30:00,2026-09-27 14:00:00,30,Customer site,Scheduled,Quarterly business review and adoption update,,[],[],,"[""CNT-2065"", ""CNT-2064""]","[""USR-3009""]"
MTG-6080,ACC-1015,DL-4094,USR-3009,Horizon Ventures / Intellia Demo,Demo,2026-09-22 11:30:00,2026-09-22 12:15:00,45,Customer site,Scheduled,Review the pilot results and agree next steps,,[],[],,"[""CNT-2065"", ""CNT-2064""]","[""USR-3009""]"
MTG-6081,ACC-1015,DL-4034,USR-3009,Horizon Ventures / Intellia Internal Sync,Internal Sync,2026-04-23 12:00:00,2026-04-23 12:30:00,30,Microsoft Teams,Completed,Technical deep dive on forecast accuracy,Adoption is concentrated in two teams; the rest of the org has not onboarded. Share the ROI model with finance.,"[""Forecast accuracy is the metric leadership actually cares about"", ""Budget is committed but the timing sits behind a leadership review"", ""Adoption is concentrated in two teams; the rest of the org has not onboarded""]","[""Share the ROI model with finance"", ""Schedule the executive alignment call""]",Held,"[""CNT-2063""]","[""USR-3009""]"
MTG-6082,ACC-1015,DL-4154,USR-3009,Horizon Ventures / Intellia Technical Validation,Technical Validation,2026-05-22 11:30:00,2026-05-22 12:30:00,60,Microsoft Teams,Completed,Validate the data connector and custom signal mapping,Competitive evaluation is down to two vendors. Confirm the security questionnaire owner.,"[""Procurement requires an executive sponsor before paperwork moves"", ""The data team wants incremental sync rather than full refresh"", ""Competitive evaluation is down to two vendors""]","[""Confirm the security questionnaire owner"", ""Get procurement paperwork started""]",Slipped,"[""CNT-2063"", ""CNT-2065"", ""CNT-2064""]","[""USR-3009""]"
MTG-6083,ACC-1016,DL-4155,USR-3010,Pinnacle Software / Intellia Demo,Demo,2026-06-29 10:00:00,2026-06-29 10:45:00,45,Microsoft Teams,Completed,Confirm the security review timeline and owners,Budget is committed but the timing sits behind a leadership review. Get procurement paperwork started.,"[""Champion is willing to socialize the business case internally"", ""Competitive evaluation is down to two vendors"", ""Forecast accuracy is the metric leadership actually cares about""]","[""Schedule the executive alignment call"", ""Circulate pilot success criteria for sign-off""]",No decision,"[""CNT-2066"", ""CNT-2067"", ""CNT-2068""]","[""USR-3010""]"
MTG-6084,ACC-1016,DL-4095,USR-3010,Pinnacle Software / Intellia Internal Sync,Internal Sync,2026-06-04 10:30:00,2026-06-04 11:00:00,30,Microsoft Teams,Completed,Technical deep dive on forecast accuracy,Champion is willing to socialize the business case internally. Circulate pilot success criteria for sign-off.,"[""Adoption is concentrated in two teams; the rest of the org has not onboarded"", ""Champion is willing to socialize the business case internally"", ""Security review is the critical path item""]","[""Get procurement paperwork started"", ""Confirm the security questionnaire owner""]",Slipped,"[""CNT-2066"", ""CNT-2068"", ""CNT-2069""]","[""USR-3010""]"
MTG-6085,ACC-1016,DL-4155,USR-3010,Pinnacle Software / Intellia Technical Validation,Technical Validation,2026-05-14 14:30:00,2026-05-14 15:30:00,60,Zoom,Completed,Confirm the security review timeline and owners,Security review is the critical path item. Share the ROI model with finance.,"[""The data team wants incremental sync rather than full refresh"", ""Adoption is concentrated in two teams; the rest of the org has not onboarded"", ""Competitive evaluation is down to two vendors""]","[""Confirm the security questionnaire owner"", ""Schedule the executive alignment call""]",No decision,"[""CNT-2066"", ""CNT-2069""]","[""USR-3010""]"
MTG-6086,ACC-1016,DL-4155,USR-3010,Pinnacle Software / Intellia Negotiation,Negotiation,2026-07-14 11:00:00,2026-07-14 11:45:00,45,Google Meet,Completed,Validate the data connector and custom signal mapping,Champion is willing to socialize the business case internally. Get procurement paperwork started.,"[""Security review is the critical path item"", ""Forecast accuracy is the metric leadership actually cares about"", ""Procurement requires an executive sponsor before paperwork moves""]","[""Share the ROI model with finance"", ""Send the mutual action plan by end of week""]",Slipped,"[""CNT-2067"", ""CNT-2066""]","[""USR-3010""]"
MTG-6087,ACC-1016,DL-4155,USR-3010,Pinnacle Software / Intellia Internal Sync,Internal Sync,2026-08-25 11:00:00,2026-08-25 11:30:00,30,Customer site,Scheduled,Confirm the security review timeline and owners,,[],[],,"[""CNT-2066"", ""CNT-2069"", ""CNT-2067""]","[""USR-3010""]"
MTG-6088,ACC-1017,DL-4156,USR-3011,Aether Digital / Intellia Renewal Review,Renewal Review,2026-09-05 10:30:00,2026-09-05 11:00:00,30,Google Meet,Scheduled,Quarterly business review and adoption update,,[],[],,"[""CNT-2071"", ""CNT-2072""]","[""USR-3011""]"
MTG-6089,ACC-1017,DL-4156,USR-3011,Aether Digital / Intellia Internal Sync,Internal Sync,2026-09-17 13:30:00,2026-09-17 14:00:00,30,Microsoft Teams,Scheduled,Confirm the security review timeline and owners,,[],[],,"[""CNT-2070"", ""CNT-2072"", ""CNT-2071""]","[""USR-3011""]"
MTG-6090,ACC-1017,DL-4036,USR-3011,Aether Digital / Intellia Technical Validation,Technical Validation,2026-05-17 10:30:00,2026-05-17 11:30:00,60,Microsoft Teams,Completed,Align business outcome goals with the executive sponsor,The data team wants incremental sync rather than full refresh. Schedule the executive alignment call.,"[""Competitive evaluation is down to two vendors"", ""Adoption is concentrated in two teams; the rest of the org has not onboarded"", ""The data team wants incremental sync rather than full refresh""]","[""Confirm the security questionnaire owner"", ""Schedule the executive alignment call""]",No decision,"[""CNT-2070"", ""CNT-2071"", ""CNT-2072""]","[""USR-3011""]"
MTG-6091,ACC-1017,DL-4096,USR-3011,Aether Digital / Intellia QBR,QBR,2026-09-08 09:00:00,2026-09-08 09:45:00,45,Microsoft Teams,Scheduled,Validate the data connector and custom signal mapping,,[],[],,"[""CNT-2071""]","[""USR-3011""]"
MTG-6092,ACC-1017,DL-4096,USR-3011,Aether Digital / Intellia Negotiation,Negotiation,2026-09-24 11:00:00,2026-09-24 12:00:00,60,Google Meet,Scheduled,Align business outcome goals with the executive sponsor,,[],[],,"[""CNT-2071""]","[""USR-3011""]"
MTG-6093,ACC-1017,DL-4156,USR-3011,Aether Digital / Intellia Negotiation,Negotiation,2026-07-16 10:00:00,2026-07-16 10:30:00,30,Customer site,Completed,"Walk through pricing, packaging and the ramp plan",Procurement requires an executive sponsor before paperwork moves. Circulate pilot success criteria for sign-off.,"[""Champion is willing to socialize the business case internally"", ""Security review is the critical path item"", ""Procurement requires an executive sponsor before paperwork moves""]","[""Share the ROI model with finance"", ""Confirm the security questionnaire owner""]",No decision,"[""CNT-2071"", ""CNT-2070""]","[""USR-3011""]"
MTG-6094,ACC-1018,DL-4037,USR-3012,Lumina Health / Intellia QBR,QBR,2026-09-19 17:00:00,2026-09-19 18:00:00,60,Google Meet,Scheduled,Review the pilot results and agree next steps,,[],[],,"[""CNT-2079"", ""CNT-2075"", ""CNT-2078""]","[""USR-3012""]"
MTG-6095,ACC-1018,DL-4037,USR-3012,Lumina Health / Intellia Discovery,Discovery,2026-08-09 09:30:00,2026-08-09 10:00:00,30,Customer site,Completed,Align business outcome goals with the executive sponsor,Procurement requires an executive sponsor before paperwork moves. Send the mutual action plan by end of week.,"[""The data team wants incremental sync rather than full refresh"", ""Budget is committed but the timing sits behind a leadership review"", ""Forecast accuracy is the metric leadership actually cares about""]","[""Send the mutual action plan by end of week"", ""Circulate pilot success criteria for sign-off""]",No decision,"[""CNT-2077"", ""CNT-2075""]","[""USR-3012""]"
MTG-6096,ACC-1018,DL-4097,USR-3012,Lumina Health / Intellia Executive Briefing,Executive Briefing,2026-08-13 12:00:00,2026-08-13 13:00:00,60,Microsoft Teams,Scheduled,Validate the data connector and custom signal mapping,,[],[],,"[""CNT-2075"", ""CNT-2079"", ""CNT-2077""]","[""USR-3012""]"
MTG-6097,ACC-1018,DL-4157,USR-3010,Lumina Health / Intellia QBR,QBR,2026-09-25 12:30:00,2026-09-25 13:30:00,60,Customer site,Scheduled,"Renewal scope, timing and expansion options",,[],[],,"[""CNT-2076""]","[""USR-3010""]"
MTG-6098,ACC-1018,DL-4037,USR-3012,Lumina Health / Intellia Executive Briefing,Executive Briefing,2026-09-09 15:00:00,2026-09-09 15:30:00,30,Google Meet,Scheduled,Review the pilot results and agree next steps,,[],[],,"[""CNT-2075"", ""CNT-2077""]","[""USR-3012""]"
MTG-6099,ACC-1018,DL-4157,USR-3012,Lumina Health / Intellia Negotiation,Negotiation,2026-04-24 16:30:00,2026-04-24 17:30:00,60,Zoom,Completed,Technical deep dive on forecast accuracy,Procurement requires an executive sponsor before paperwork moves. Share the ROI model with finance.,"[""Procurement requires an executive sponsor before paperwork moves"", ""The data team wants incremental sync rather than full refresh"", ""Security review is the critical path item""]","[""Get procurement paperwork started"", ""Circulate pilot success criteria for sign-off""]",Held,"[""CNT-2075""]","[""USR-3012""]"
MTG-6100,ACC-1019,DL-4158,USR-3013,Crest Solutions / Intellia Technical Validation,Technical Validation,2026-07-07 13:00:00,2026-07-07 13:45:00,45,Customer site,Completed,Review the pilot results and agree next steps,Security review is the critical path item. Confirm the security questionnaire owner.,"[""Security review is the critical path item"", ""Adoption is concentrated in two teams; the rest of the org has not onboarded"", ""Competitive evaluation is down to two vendors""]","[""Circulate pilot success criteria for sign-off"", ""Send the mutual action plan by end of week""]",Advanced,"[""CNT-2081"", ""CNT-2083""]","[""USR-3013""]"
MTG-6101,ACC-1019,DL-4158,USR-3013,Crest Solutions / Intellia Demo,Demo,2026-06-16 14:00:00,2026-06-16 14:45:00,45,Microsoft Teams,Completed,"Walk through pricing, packaging and the ramp plan",Forecast accuracy is the metric leadership actually cares about. Share the ROI model with finance.,"[""Forecast accuracy is the metric leadership actually cares about"", ""Procurement requires an executive sponsor before paperwork moves"", ""Security review is the critical path item""]","[""Confirm the security questionnaire owner"", ""Send the mutual action plan by end of week""]",Held,"[""CNT-2082"", ""CNT-2084""]","[""USR-3013""]"
MTG-6102,ACC-1019,DL-4098,USR-3013,Crest Solutions / Intellia QBR,QBR,2026-05-24 13:00:00,2026-05-24 13:30:00,30,Zoom,Completed,"Walk through pricing, packaging and the ramp plan",Champion is willing to socialize the business case internally. Get procurement paperwork started.,"[""The data team wants incremental sync rather than full refresh"", ""Forecast accuracy is the metric leadership actually cares about"", ""Champion is willing to socialize the business case internally""]","[""Share the ROI model with finance"", ""Get procurement paperwork started""]",Advanced,"[""CNT-2081""]","[""USR-3013""]"
MTG-6103,ACC-1019,DL-4098,USR-3013,Crest Solutions / Intellia Renewal Review,Renewal Review,2026-08-10 14:00:00,2026-08-10 14:30:00,30,Microsoft Teams,Completed,Quarterly business review and adoption update,Adoption is concentrated in two teams; the rest of the org has not onboarded. Share the ROI model with finance.,"[""Champion is willing to socialize the business case internally"", ""Procurement requires an executive sponsor before paperwork moves"", ""Budget is committed but the timing sits behind a leadership review""]","[""Confirm the security questionnaire owner"", ""Send the mutual action plan by end of week""]",Slipped,"[""CNT-2084""]","[""USR-3013""]"
MTG-6104,ACC-1020,DL-4099,USR-3001,Trident Corp / Intellia Negotiation,Negotiation,2026-07-29 17:00:00,2026-07-29 17:30:00,30,Google Meet,Completed,Review the pilot results and agree next steps,Competitive evaluation is down to two vendors. Confirm the security questionnaire owner.,"[""Budget is committed but the timing sits behind a leadership review"", ""Forecast accuracy is the metric leadership actually cares about"", ""Adoption is concentrated in two teams; the rest of the org has not onboarded""]","[""Send the mutual action plan by end of week"", ""Get procurement paperwork started""]",Slipped,"[""CNT-2088""]","[""USR-3001""]"
MTG-6105,ACC-1020,DL-4039,USR-3001,Trident Corp / Intellia QBR,QBR,2026-06-14 10:30:00,2026-06-14 11:00:00,30,Microsoft Teams,Completed,"Renewal scope, timing and expansion options",Forecast accuracy is the metric leadership actually cares about. Circulate pilot success criteria for sign-off.,"[""Budget is committed but the timing sits behind a leadership review"", ""Forecast accuracy is the metric leadership actually cares about"", ""Competitive evaluation is down to two vendors""]","[""Share the ROI model with finance"", ""Confirm the security questionnaire owner""]",Advanced,"[""CNT-2088"", ""CNT-2087"", ""CNT-2086""]","[""USR-3001""]"
MTG-6106,ACC-1020,DL-4159,USR-3001,Trident Corp / Intellia Demo,Demo,2026-09-22 09:00:00,2026-09-22 09:45:00,45,Google Meet,Scheduled,Quarterly business review and adoption update,,[],[],,"[""CNT-2088""]","[""USR-3001""]"
MTG-6107,ACC-1020,DL-4159,USR-3001,Trident Corp / Intellia Technical Validation,Technical Validation,2026-05-16 11:30:00,2026-05-16 12:30:00,60,Microsoft Teams,Completed,Validate the data connector and custom signal mapping,Champion is willing to socialize the business case internally. Get procurement paperwork started.,"[""Forecast accuracy is the metric leadership actually cares about"", ""Procurement requires an executive sponsor before paperwork moves"", ""Adoption is concentrated in two teams; the rest of the org has not onboarded""]","[""Get procurement paperwork started"", ""Send the mutual action plan by end of week""]",Advanced,"[""CNT-2088"", ""CNT-2086""]","[""USR-3001""]"
MTG-6108,ACC-1020,DL-4099,USR-3001,Trident Corp / Intellia Negotiation,Negotiation,2026-07-14 10:30:00,2026-07-14 11:00:00,30,Microsoft Teams,Completed,Technical deep dive on forecast accuracy,Competitive evaluation is down to two vendors. Circulate pilot success criteria for sign-off.,"[""Champion is willing to socialize the business case internally"", ""Security review is the critical path item"", ""Forecast accuracy is the metric leadership actually cares about""]","[""Share the ROI model with finance"", ""Send the mutual action plan by end of week""]",Slipped,"[""CNT-2086"", ""CNT-2088"", ""CNT-2087""]","[""USR-3001""]"
MTG-6109,ACC-1021,DL-4040,USR-3002,Beacon Utilities / Intellia QBR,QBR,2026-05-14 16:30:00,2026-05-14 17:00:00,30,Microsoft Teams,Completed,Validate the data connector and custom signal mapping,Security review is the critical path item. Confirm the security questionnaire owner.,"[""Adoption is concentrated in two teams; the rest of the org has not onboarded"", ""Procurement requires an executive sponsor before paperwork moves"", ""Budget is committed but the timing sits behind a leadership review""]","[""Schedule the executive alignment call"", ""Send the mutual action plan by end of week""]",Advanced,"[""CNT-2090""]","[""USR-3002""]"
MTG-6110,ACC-1021,DL-4160,USR-3002,Beacon Utilities / Intellia Demo,Demo,2026-04-27 09:00:00,2026-04-27 09:30:00,30,Zoom,Completed,Technical deep dive on forecast accuracy,Adoption is concentrated in two teams; the rest of the org has not onboarded. Share the ROI model with finance.,"[""Competitive evaluation is down to two vendors"", ""The data team wants incremental sync rather than full refresh"", ""Champion is willing to socialize the business case internally""]","[""Send the mutual action plan by end of week"", ""Schedule the executive alignment call""]",Held,"[""CNT-2089"", ""CNT-2091""]","[""USR-3002""]"
MTG-6111,ACC-1021,DL-4160,USR-3001,Beacon Utilities / Intellia QBR,QBR,2026-08-07 11:00:00,2026-08-07 11:30:00,30,Google Meet,Completed,Align business outcome goals with the executive sponsor,The data team wants incremental sync rather than full refresh. Share the ROI model with finance.,"[""Budget is committed but the timing sits behind a leadership review"", ""The data team wants incremental sync rather than full refresh"", ""Competitive evaluation is down to two vendors""]","[""Get procurement paperwork started"", ""Schedule the executive alignment call""]",Slipped,"[""CNT-2090"", ""CNT-2092""]","[""USR-3001""]"
MTG-6112,ACC-1021,DL-4100,USR-3002,Beacon Utilities / Intellia Discovery,Discovery,2026-09-04 11:00:00,2026-09-04 11:30:00,30,Google Meet,Scheduled,Confirm the security review timeline and owners,,[],[],,"[""CNT-2092""]","[""USR-3002""]"
MTG-6113,ACC-1021,DL-4040,USR-3002,Beacon Utilities / Intellia Executive Briefing,Executive Briefing,2026-08-15 13:30:00,2026-08-15 14:30:00,60,Zoom,Scheduled,Review the pilot results and agree next steps,,[],[],,"[""CNT-2089"", ""CNT-2092"", ""CNT-2090""]","[""USR-3002""]"
MTG-6114,ACC-1022,DL-4101,USR-3005,Core Networks / Intellia Renewal Review,Renewal Review,2026-08-19 13:30:00,2026-08-19 14:00:00,30,Microsoft Teams,Scheduled,Validate the data connector and custom signal mapping,,[],[],,"[""CNT-2095""]","[""USR-3005""]"
MTG-6115,ACC-1022,DL-4041,USR-3005,Core Networks / Intellia Renewal Review,Renewal Review,2026-06-21 17:00:00,2026-06-21 18:00:00,60,Zoom,Completed,Validate the data connector and custom signal mapping,Procurement requires an executive sponsor before paperwork moves. Circulate pilot success criteria for sign-off.,"[""Competitive evaluation is down to two vendors"", ""The data team wants incremental sync rather than full refresh"", ""Budget is committed but the timing sits behind a leadership review""]","[""Share the ROI model with finance"", ""Get procurement paperwork started""]",Held,"[""CNT-2097"", ""CNT-2095""]","[""USR-3005""]"
MTG-6116,ACC-1022,DL-4101,USR-3005,Core Networks / Intellia Executive Briefing,Executive Briefing,2026-07-19 17:00:00,2026-07-19 17:45:00,45,Google Meet,Completed,Confirm the security review timeline and owners,Competitive evaluation is down to two vendors. Confirm the security questionnaire owner.,"[""Champion is willing to socialize the business case internally"", ""Forecast accuracy is the metric leadership actually cares about"", ""Competitive evaluation is down to two vendors""]","[""Send the mutual action plan by end of week"", ""Share the ROI model with finance""]",Advanced,"[""CNT-2093"", ""CNT-2098""]","[""USR-3005""]"
MTG-6117,ACC-1022,DL-4161,USR-3005,Core Networks / Intellia Negotiation,Negotiation,2026-04-30 17:00:00,2026-04-30 17:30:00,30,Microsoft Teams,Completed,"Renewal scope, timing and expansion options",Champion is willing to socialize the business case internally. Confirm the security questionnaire owner.,"[""The data team wants incremental sync rather than full refresh"", ""Procurement requires an executive sponsor before paperwork moves"", ""Budget is committed but the timing sits behind a leadership review""]","[""Circulate pilot success criteria for sign-off"", ""Share the ROI model with finance""]",Slipped,"[""CNT-2096""]","[""USR-3005""]"
MTG-6118,ACC-1022,DL-4161,USR-3005,Core Networks / Intellia Executive Briefing,Executive Briefing,2026-07-19 13:30:00,2026-07-19 14:15:00,45,Zoom,Completed,Technical deep dive on forecast accuracy,Security review is the critical path item. Share the ROI model with finance.,"[""Adoption is concentrated in two teams; the rest of the org has not onboarded"", ""Competitive evaluation is down to two vendors"", ""Procurement requires an executive sponsor before paperwork moves""]","[""Confirm the security questionnaire owner"", ""Get procurement paperwork started""]",No decision,"[""CNT-2097"", ""CNT-2096""]","[""USR-3005""]"
MTG-6119,ACC-1022,DL-4161,USR-3005,Core Networks / Intellia Negotiation,Negotiation,2026-06-17 17:00:00,2026-06-17 17:30:00,30,Customer site,Completed,Technical deep dive on forecast accuracy,Security review is the critical path item. Confirm the security questionnaire owner.,"[""The data team wants incremental sync rather than full refresh"", ""Competitive evaluation is down to two vendors"", ""Champion is willing to socialize the business case internally""]","[""Circulate pilot success criteria for sign-off"", ""Send the mutual action plan by end of week""]",Advanced,"[""CNT-2095"", ""CNT-2093"", ""CNT-2094""]","[""USR-3005""]"
MTG-6120,ACC-1023,DL-4102,USR-3006,Echelon Labs / Intellia Executive Briefing,Executive Briefing,2026-05-01 08:30:00,2026-05-01 09:15:00,45,Customer site,Completed,Review the pilot results and agree next steps,Champion is willing to socialize the business case internally. Get procurement paperwork started.,"[""The data team wants incremental sync rather than full refresh"", ""Security review is the critical path item"", ""Adoption is concentrated in two teams; the rest of the org has not onboarded""]","[""Schedule the executive alignment call"", ""Get procurement paperwork started""]",Advanced,"[""CNT-2102"", ""CNT-2100""]","[""USR-3006""]"
MTG-6121,ACC-1023,DL-4162,USR-3006,Echelon Labs / Intellia Renewal Review,Renewal Review,2026-06-27 08:00:00,2026-06-27 09:00:00,60,Google Meet,Completed,Confirm the security review timeline and owners,Champion is willing to socialize the business case internally. Send the mutual action plan by end of week.,"[""Adoption is concentrated in two teams; the rest of the org has not onboarded"", ""Procurement requires an executive sponsor before paperwork moves"", ""Champion is willing to socialize the business case internally""]","[""Schedule the executive alignment call"", ""Send the mutual action plan by end of week""]",Held,"[""CNT-2103"", ""CNT-2099""]","[""USR-3006""]"
MTG-6122,ACC-1023,DL-4042,USR-3006,Echelon Labs / Intellia Technical Validation,Technical Validation,2026-08-15 12:30:00,2026-08-15 13:15:00,45,Google Meet,Scheduled,"Walk through pricing, packaging and the ramp plan",,[],[],,"[""CNT-2102"", ""CNT-2100""]","[""USR-3006""]"
MTG-6123,ACC-1023,DL-4042,USR-3006,Echelon Labs / Intellia Internal Sync,Internal Sync,2026-09-06 17:30:00,2026-09-06 18:15:00,45,Microsoft Teams,Scheduled,"Walk through pricing, packaging and the ramp plan",,[],[],,"[""CNT-2103""]","[""USR-3006""]"
MTG-6124,ACC-1023,DL-4162,USR-3006,Echelon Labs / Intellia Negotiation,Negotiation,2026-05-26 12:30:00,2026-05-26 13:15:00,45,Google Meet,Completed,Confirm the security review timeline and owners,Champion is willing to socialize the business case internally. Circulate pilot success criteria for sign-off.,"[""Competitive evaluation is down to two vendors"", ""Forecast accuracy is the metric leadership actually cares about"", ""Adoption is concentrated in two teams; the rest of the org has not onboarded""]","[""Schedule the executive alignment call"", ""Confirm the security questionnaire owner""]",Held,"[""CNT-2099"", ""CNT-2100""]","[""USR-3006""]"
MTG-6125,ACC-1023,DL-4102,USR-3006,Echelon Labs / Intellia QBR,QBR,2026-06-20 13:30:00,2026-06-20 14:15:00,45,Microsoft Teams,Completed,Review the pilot results and agree next steps,Competitive evaluation is down to two vendors. Send the mutual action plan by end of week.,"[""Champion is willing to socialize the business case internally"", ""Security review is the critical path item"", ""Adoption is concentrated in two teams; the rest of the org has not onboarded""]","[""Circulate pilot success criteria for sign-off"", ""Send the mutual action plan by end of week""]",Held,"[""CNT-2100"", ""CNT-2102""]","[""USR-3006""]"
MTG-6126,ACC-1023,DL-4042,USR-3006,Echelon Labs / Intellia Renewal Review,Renewal Review,2026-05-10 12:30:00,2026-05-10 13:30:00,60,Zoom,Completed,Confirm the security review timeline and owners,Budget is committed but the timing sits behind a leadership review. Send the mutual action plan by end of week.,"[""Security review is the critical path item"", ""The data team wants incremental sync rather than full refresh"", ""Champion is willing to socialize the business case internally""]","[""Schedule the executive alignment call"", ""Get procurement paperwork started""]",No decision,"[""CNT-2103"", ""CNT-2101""]","[""USR-3006""]"
MTG-6127,ACC-1024,DL-4103,USR-3007,Zenith Retail / Intellia Internal Sync,Internal Sync,2026-05-02 10:30:00,2026-05-02 11:15:00,45,Google Meet,Completed,Technical deep dive on forecast accuracy,Competitive evaluation is down to two vendors. Share the ROI model with finance.,"[""Adoption is concentrated in two teams; the rest of the org has not onboarded"", ""Champion is willing to socialize the business case internally"", ""Budget is committed but the timing sits behind a leadership review""]","[""Schedule the executive alignment call"", ""Share the ROI model with finance""]",Advanced,"[""CNT-2107""]","[""USR-3007""]"
MTG-6128,ACC-1024,DL-4043,USR-3007,Zenith Retail / Intellia Internal Sync,Internal Sync,2026-05-14 14:00:00,2026-05-14 14:30:00,30,Zoom,Completed,Review the pilot results and agree next steps,The data team wants incremental sync rather than full refresh. Schedule the executive alignment call.,"[""Adoption is concentrated in two teams; the rest of the org has not onboarded"", ""The data team wants incremental sync rather than full refresh"", ""Budget is committed but the timing sits behind a leadership review""]","[""Share the ROI model with finance"", ""Schedule the executive alignment call""]",Held,"[""CNT-2104"", ""CNT-2107""]","[""USR-3007""]"
MTG-6129,ACC-1024,DL-4163,USR-3007,Zenith Retail / Intellia Negotiation,Negotiation,2026-07-05 17:30:00,2026-07-05 18:30:00,60,Microsoft Teams,Completed,Align business outcome goals with the executive sponsor,The data team wants incremental sync rather than full refresh. Confirm the security questionnaire owner.,"[""Competitive evaluation is down to two vendors"", ""Procurement requires an executive sponsor before paperwork moves"", ""Security review is the critical path item""]","[""Circulate pilot success criteria for sign-off"", ""Schedule the executive alignment call""]",Advanced,"[""CNT-2106""]","[""USR-3007""]"
MTG-6130,ACC-1024,DL-4103,USR-3009,Zenith Retail / Intellia Demo,Demo,2026-07-04 11:30:00,2026-07-04 12:15:00,45,Zoom,Completed,Confirm the security review timeline and owners,The data team wants incremental sync rather than full refresh. Circulate pilot success criteria for sign-off.,"[""Security review is the critical path item"", ""Competitive evaluation is down to two vendors"", ""Forecast accuracy is the metric leadership actually cares about""]","[""Get procurement paperwork started"", ""Circulate pilot success criteria for sign-off""]",Held,"[""CNT-2106""]","[""USR-3009""]"
MTG-6131,ACC-1024,DL-4103,USR-3007,Zenith Retail / Intellia Internal Sync,Internal Sync,2026-06-21 17:00:00,2026-06-21 17:45:00,45,Google Meet,Completed,"Renewal scope, timing and expansion options",Champion is willing to socialize the business case internally. Send the mutual action plan by end of week.,"[""Adoption is concentrated in two teams; the rest of the org has not onboarded"", ""Security review is the critical path item"", ""Budget is committed but the timing sits behind a leadership review""]","[""Circulate pilot success criteria for sign-off"", ""Schedule the executive alignment call""]",No decision,"[""CNT-2104"", ""CNT-2107""]","[""USR-3007""]"
MTG-6132,ACC-1025,DL-4104,USR-3009,Kinetix Robotics / Intellia QBR,QBR,2026-09-26 09:30:00,2026-09-26 10:30:00,60,Zoom,Scheduled,"Walk through pricing, packaging and the ramp plan",,[],[],,"[""CNT-2111"", ""CNT-2112""]","[""USR-3009""]"
MTG-6133,ACC-1025,DL-4044,USR-3009,Kinetix Robotics / Intellia Renewal Review,Renewal Review,2026-06-25 12:00:00,2026-06-25 12:30:00,30,Microsoft Teams,Completed,Technical deep dive on forecast accuracy,Budget is committed but the timing sits behind a leadership review. Share the ROI model with finance.,"[""Competitive evaluation is down to two vendors"", ""Budget is committed but the timing sits behind a leadership review"", ""Champion is willing to socialize the business case internally""]","[""Confirm the security questionnaire owner"", ""Send the mutual action plan by end of week""]",No decision,"[""CNT-2110"", ""CNT-2112"", ""CNT-2108""]","[""USR-3009""]"
MTG-6134,ACC-1025,DL-4044,USR-3009,Kinetix Robotics / Intellia QBR,QBR,2026-05-31 16:00:00,2026-05-31 16:30:00,30,Google Meet,Completed,Quarterly business review and adoption update,The data team wants incremental sync rather than full refresh. Share the ROI model with finance.,"[""Security review is the critical path item"", ""Competitive evaluation is down to two vendors"", ""The data team wants incremental sync rather than full refresh""]","[""Get procurement paperwork started"", ""Schedule the executive alignment call""]",Advanced,"[""CNT-2110"", ""CNT-2111"", ""CNT-2109""]","[""USR-3009""]"
MTG-6135,ACC-1025,DL-4044,USR-3009,Kinetix Robotics / Intellia Negotiation,Negotiation,2026-06-19 13:00:00,2026-06-19 13:45:00,45,Zoom,Completed,Technical deep dive on forecast accuracy,Budget is committed but the timing sits behind a leadership review. Confirm the security questionnaire owner.,"[""Security review is the critical path item"", ""Champion is willing to socialize the business case internally"", ""Procurement requires an executive sponsor before paperwork moves""]","[""Get procurement paperwork started"", ""Share the ROI model with finance""]",Slipped,"[""CNT-2110"", ""CNT-2112""]","[""USR-3009""]"
MTG-6136,ACC-1026,DL-4165,USR-3010,Optima Insurance / Intellia Discovery,Discovery,2026-08-23 08:00:00,2026-08-23 08:30:00,30,Microsoft Teams,Scheduled,Quarterly business review and adoption update,,[],[],,"[""CNT-2115""]","[""USR-3010""]"
MTG-6137,ACC-1026,DL-4165,USR-3010,Optima Insurance / Intellia Internal Sync,Internal Sync,2026-08-15 09:30:00,2026-08-15 10:15:00,45,Zoom,Scheduled,Technical deep dive on forecast accuracy,,[],[],,"[""CNT-2114"", ""CNT-2116"", ""CNT-2113""]","[""USR-3010""]"
MTG-6138,ACC-1026,DL-4105,USR-3010,Optima Insurance / Intellia Negotiation,Negotiation,2026-06-02 16:30:00,2026-06-02 17:30:00,60,Zoom,Completed,"Walk through pricing, packaging and the ramp plan",The data team wants incremental sync rather than full refresh. Confirm the security questionnaire owner.,"[""Adoption is concentrated in two teams; the rest of the org has not onboarded"", ""Security review is the critical path item"", ""Competitive evaluation is down to two vendors""]","[""Send the mutual action plan by end of week"", ""Share the ROI model with finance""]",No decision,"[""CNT-2115"", ""CNT-2118"", ""CNT-2116""]","[""USR-3010""]"
MTG-6139,ACC-1026,DL-4045,USR-3010,Optima Insurance / Intellia QBR,QBR,2026-07-03 15:30:00,2026-07-03 16:15:00,45,Google Meet,Completed,Validate the data connector and custom signal mapping,Adoption is concentrated in two teams; the rest of the org has not onboarded. Circulate pilot success criteria for sign-off.,"[""Forecast accuracy is the metric leadership actually cares about"", ""Champion is willing to socialize the business case internally"", ""Competitive evaluation is down to two vendors""]","[""Share the ROI model with finance"", ""Get procurement paperwork started""]",Slipped,"[""CNT-2115""]","[""USR-3010""]"
MTG-6140,ACC-1026,DL-4105,USR-3011,Optima Insurance / Intellia Executive Briefing,Executive Briefing,2026-05-12 10:30:00,2026-05-12 11:30:00,60,Google Meet,Completed,Align business outcome goals with the executive sponsor,Security review is the critical path item. Get procurement paperwork started.,"[""Champion is willing to socialize the business case internally"", ""Forecast accuracy is the metric leadership actually cares about"", ""Adoption is concentrated in two teams; the rest of the org has not onboarded""]","[""Schedule the executive alignment call"", ""Circulate pilot success criteria for sign-off""]",No decision,"[""CNT-2116"", ""CNT-2114""]","[""USR-3011""]"
MTG-6141,ACC-1026,DL-4045,USR-3010,Optima Insurance / Intellia Discovery,Discovery,2026-08-30 16:30:00,2026-08-30 17:00:00,30,Zoom,Scheduled,"Renewal scope, timing and expansion options",,[],[],,"[""CNT-2114"", ""CNT-2115""]","[""USR-3010""]"
MTG-6142,ACC-1027,DL-4166,USR-3011,Veritas Data / Intellia Internal Sync,Internal Sync,2026-09-21 14:00:00,2026-09-21 15:00:00,60,Zoom,Scheduled,Review the pilot results and agree next steps,,[],[],,"[""CNT-2120"", ""CNT-2121""]","[""USR-3011""]"
MTG-6143,ACC-1027,DL-4166,USR-3011,Veritas Data / Intellia QBR,QBR,2026-04-16 14:30:00,2026-04-16 15:00:00,30,Zoom,Completed,Validate the data connector and custom signal mapping,Budget is committed but the timing sits behind a leadership review. Share the ROI model with finance.,"[""Procurement requires an executive sponsor before paperwork moves"", ""Adoption is concentrated in two teams; the rest of the org has not onboarded"", ""Budget is committed but the timing sits behind a leadership review""]","[""Get procurement paperwork started"", ""Confirm the security questionnaire owner""]",Held,"[""CNT-2121""]","[""USR-3011""]"
MTG-6144,ACC-1027,DL-4166,USR-3011,Veritas Data / Intellia Discovery,Discovery,2026-07-14 11:00:00,2026-07-14 11:45:00,45,Google Meet,Completed,Quarterly business review and adoption update,Champion is willing to socialize the business case internally. Circulate pilot success criteria for sign-off.,"[""Procurement requires an executive sponsor before paperwork moves"", ""The data team wants incremental sync rather than full refresh"", ""Security review is the critical path item""]","[""Confirm the security questionnaire owner"", ""Share the ROI model with finance""]",Advanced,"[""CNT-2120"", ""CNT-2121"", ""CNT-2119""]","[""USR-3011""]"
MTG-6145,ACC-1027,DL-4166,USR-3011,Veritas Data / Intellia QBR,QBR,2026-04-25 12:30:00,2026-04-25 13:15:00,45,Google Meet,Completed,Confirm the security review timeline and owners,Forecast accuracy is the metric leadership actually cares about. Circulate pilot success criteria for sign-off.,"[""Forecast accuracy is the metric leadership actually cares about"", ""Procurement requires an executive sponsor before paperwork moves"", ""Champion is willing to socialize the business case internally""]","[""Get procurement paperwork started"", ""Schedule the executive alignment call""]",Slipped,"[""CNT-2120"", ""CNT-2119""]","[""USR-3011""]"
MTG-6146,ACC-1027,DL-4106,USR-3011,Veritas Data / Intellia Negotiation,Negotiation,2026-06-26 08:30:00,2026-06-26 09:30:00,60,Google Meet,Completed,Align business outcome goals with the executive sponsor,Competitive evaluation is down to two vendors. Get procurement paperwork started.,"[""Security review is the critical path item"", ""Adoption is concentrated in two teams; the rest of the org has not onboarded"", ""Champion is willing to socialize the business case internally""]","[""Get procurement paperwork started"", ""Confirm the security questionnaire owner""]",No decision,"[""CNT-2119"", ""CNT-2120""]","[""USR-3011""]"
MTG-6147,ACC-1027,DL-4046,USR-3011,Veritas Data / Intellia QBR,QBR,2026-07-22 14:00:00,2026-07-22 14:45:00,45,Customer site,Completed,Technical deep dive on forecast accuracy,Budget is committed but the timing sits behind a leadership review. Get procurement paperwork started.,"[""Procurement requires an executive sponsor before paperwork moves"", ""Champion is willing to socialize the business case internally"", ""The data team wants incremental sync rather than full refresh""]","[""Confirm the security questionnaire owner"", ""Circulate pilot success criteria for sign-off""]",Slipped,"[""CNT-2121"", ""CNT-2119""]","[""USR-3011""]"
MTG-6148,ACC-1028,DL-4167,USR-3012,Vanguard Payments / Intellia Negotiation,Negotiation,2026-06-29 11:00:00,2026-06-29 11:45:00,45,Google Meet,Completed,Align business outcome goals with the executive sponsor,Security review is the critical path item. Send the mutual action plan by end of week.,"[""The data team wants incremental sync rather than full refresh"", ""Competitive evaluation is down to two vendors"", ""Adoption is concentrated in two teams; the rest of the org has not onboarded""]","[""Send the mutual action plan by end of week"", ""Schedule the executive alignment call""]",No decision,"[""CNT-2123"", ""CNT-2124"", ""CNT-2122""]","[""USR-3012""]"
MTG-6149,ACC-1028,DL-4107,USR-3012,Vanguard Payments / Intellia Internal Sync,Internal Sync,2026-04-16 09:30:00,2026-04-16 10:15:00,45,Zoom,Completed,"Walk through pricing, packaging and the ramp plan",Procurement requires an executive sponsor before paperwork moves. Send the mutual action plan by end of week.,"[""Adoption is concentrated in two teams; the rest of the org has not onboarded"", ""The data team wants incremental sync rather than full refresh"", ""Procurement requires an executive sponsor before paperwork moves""]","[""Get procurement paperwork started"", ""Circulate pilot success criteria for sign-off""]",Slipped,"[""CNT-2124"", ""CNT-2123""]","[""USR-3012""]"
MTG-6150,ACC-1028,DL-4107,USR-3012,Vanguard Payments / Intellia Renewal Review,Renewal Review,2026-04-25 13:00:00,2026-04-25 14:00:00,60,Customer site,Completed,"Walk through pricing, packaging and the ramp plan",Budget is committed but the timing sits behind a leadership review. Circulate pilot success criteria for sign-off.,"[""Champion is willing to socialize the business case internally"", ""Budget is committed but the timing sits behind a leadership review"", ""Security review is the critical path item""]","[""Get procurement paperwork started"", ""Share the ROI model with finance""]",No decision,"[""CNT-2122"", ""CNT-2123"", ""CNT-2124""]","[""USR-3012""]"
MTG-6151,ACC-1028,DL-4047,USR-3012,Vanguard Payments / Intellia Technical Validation,Technical Validation,2026-08-19 12:00:00,2026-08-19 12:30:00,30,Google Meet,Scheduled,Align business outcome goals with the executive sponsor,,[],[],,"[""CNT-2122""]","[""USR-3012""]"
MTG-6152,ACC-1028,DL-4167,USR-3012,Vanguard Payments / Intellia Demo,Demo,2026-05-01 09:00:00,2026-05-01 10:00:00,60,Google Meet,Completed,Quarterly business review and adoption update,Procurement requires an executive sponsor before paperwork moves. Send the mutual action plan by end of week.,"[""Budget is committed but the timing sits behind a leadership review"", ""The data team wants incremental sync rather than full refresh"", ""Competitive evaluation is down to two vendors""]","[""Circulate pilot success criteria for sign-off"", ""Share the ROI model with finance""]",Held,"[""CNT-2122"", ""CNT-2123""]","[""USR-3012""]"
MTG-6153,ACC-1028,DL-4167,USR-3012,Vanguard Payments / Intellia Executive Briefing,Executive Briefing,2026-07-23 13:00:00,2026-07-23 14:00:00,60,Zoom,Completed,Confirm the security review timeline and owners,Security review is the critical path item. Share the ROI model with finance.,"[""Competitive evaluation is down to two vendors"", ""Adoption is concentrated in two teams; the rest of the org has not onboarded"", ""Security review is the critical path item""]","[""Get procurement paperwork started"", ""Schedule the executive alignment call""]",Advanced,"[""CNT-2123""]","[""USR-3012""]"
MTG-6154,ACC-1028,DL-4047,USR-3012,Vanguard Payments / Intellia Technical Validation,Technical Validation,2026-09-27 09:00:00,2026-09-27 09:30:00,30,Zoom,Scheduled,Align business outcome goals with the executive sponsor,,[],[],,"[""CNT-2123"", ""CNT-2122"", ""CNT-2124""]","[""USR-3012""]"
MTG-6155,ACC-1029,DL-4168,USR-3001,Solstice Energy / Intellia Internal Sync,Internal Sync,2026-05-16 12:00:00,2026-05-16 12:45:00,45,Zoom,Completed,Technical deep dive on forecast accuracy,Budget is committed but the timing sits behind a leadership review. Schedule the executive alignment call.,"[""Competitive evaluation is down to two vendors"", ""Adoption is concentrated in two teams; the rest of the org has not onboarded"", ""The data team wants incremental sync rather than full refresh""]","[""Share the ROI model with finance"", ""Schedule the executive alignment call""]",No decision,"[""CNT-2126"", ""CNT-2127""]","[""USR-3001""]"
MTG-6156,ACC-1029,DL-4168,USR-3007,Solstice Energy / Intellia Discovery,Discovery,2026-05-10 13:30:00,2026-05-10 14:30:00,60,Zoom,Completed,Technical deep dive on forecast accuracy,Forecast accuracy is the metric leadership actually cares about. Send the mutual action plan by end of week.,"[""Budget is committed but the timing sits behind a leadership review"", ""Security review is the critical path item"", ""Competitive evaluation is down to two vendors""]","[""Schedule the executive alignment call"", ""Confirm the security questionnaire owner""]",Held,"[""CNT-2126""]","[""USR-3007""]"
MTG-6157,ACC-1029,DL-4048,USR-3013,Solstice Energy / Intellia Demo,Demo,2026-06-24 10:30:00,2026-06-24 11:00:00,30,Customer site,Completed,Review the pilot results and agree next steps,Budget is committed but the timing sits behind a leadership review. Send the mutual action plan by end of week.,"[""Adoption is concentrated in two teams; the rest of the org has not onboarded"", ""Forecast accuracy is the metric leadership actually cares about"", ""Budget is committed but the timing sits behind a leadership review""]","[""Get procurement paperwork started"", ""Circulate pilot success criteria for sign-off""]",Held,"[""CNT-2127"", ""CNT-2125"", ""CNT-2126""]","[""USR-3013""]"
MTG-6158,ACC-1029,DL-4168,USR-3013,Solstice Energy / Intellia Discovery,Discovery,2026-06-06 11:00:00,2026-06-06 11:45:00,45,Customer site,Completed,Technical deep dive on forecast accuracy,Competitive evaluation is down to two vendors. Send the mutual action plan by end of week.,"[""The data team wants incremental sync rather than full refresh"", ""Procurement requires an executive sponsor before paperwork moves"", ""Forecast accuracy is the metric leadership actually cares about""]","[""Get procurement paperwork started"", ""Circulate pilot success criteria for sign-off""]",Held,"[""CNT-2125"", ""CNT-2127"", ""CNT-2126""]","[""USR-3013""]"
MTG-6159,ACC-1029,DL-4168,USR-3013,Solstice Energy / Intellia Demo,Demo,2026-08-09 11:30:00,2026-08-09 12:15:00,45,Google Meet,Completed,"Walk through pricing, packaging and the ramp plan",The data team wants incremental sync rather than full refresh. Share the ROI model with finance.,"[""The data team wants incremental sync rather than full refresh"", ""Champion is willing to socialize the business case internally"", ""Security review is the critical path item""]","[""Schedule the executive alignment call"", ""Get procurement paperwork started""]",Held,"[""CNT-2125""]","[""USR-3013""]"
MTG-6160,ACC-1029,DL-4108,USR-3013,Solstice Energy / Intellia Negotiation,Negotiation,2026-09-08 15:30:00,2026-09-08 16:30:00,60,Microsoft Teams,Scheduled,Confirm the security review timeline and owners,,[],[],,"[""CNT-2126""]","[""USR-3013""]"
MTG-6161,ACC-1029,DL-4168,USR-3013,Solstice Energy / Intellia Demo,Demo,2026-04-24 10:00:00,2026-04-24 10:45:00,45,Zoom,Completed,Review the pilot results and agree next steps,Champion is willing to socialize the business case internally. Confirm the security questionnaire owner.,"[""Forecast accuracy is the metric leadership actually cares about"", ""Budget is committed but the timing sits behind a leadership review"", ""Champion is willing to socialize the business case internally""]","[""Get procurement paperwork started"", ""Schedule the executive alignment call""]",Held,"[""CNT-2126"", ""CNT-2127""]","[""USR-3013""]"
MTG-6162,ACC-1030,DL-4049,USR-3001,Infini Telecom / Intellia QBR,QBR,2026-07-04 10:30:00,2026-07-04 11:00:00,30,Google Meet,Completed,Quarterly business review and adoption update,Security review is the critical path item. Circulate pilot success criteria for sign-off.,"[""Adoption is concentrated in two teams; the rest of the org has not onboarded"", ""Forecast accuracy is the metric leadership actually cares about"", ""The data team wants incremental sync rather than full refresh""]","[""Get procurement paperwork started"", ""Confirm the security questionnaire owner""]",Slipped,"[""CNT-2129""]","[""USR-3001""]"
MTG-6163,ACC-1030,DL-4169,USR-3005,Infini Telecom / Intellia QBR,QBR,2026-07-18 11:30:00,2026-07-18 12:15:00,45,Google Meet,Completed,Align business outcome goals with the executive sponsor,Budget is committed but the timing sits behind a leadership review. Circulate pilot success criteria for sign-off.,"[""Budget is committed but the timing sits behind a leadership review"", ""Procurement requires an executive sponsor before paperwork moves"", ""Champion is willing to socialize the business case internally""]","[""Get procurement paperwork started"", ""Share the ROI model with finance""]",No decision,"[""CNT-2129"", ""CNT-2130""]","[""USR-3005""]"
MTG-6164,ACC-1030,DL-4109,USR-3005,Infini Telecom / Intellia Demo,Demo,2026-08-18 16:00:00,2026-08-18 17:00:00,60,Customer site,Scheduled,Confirm the security review timeline and owners,,[],[],,"[""CNT-2130"", ""CNT-2129"", ""CNT-2128""]","[""USR-3005""]"
MTG-6165,ACC-1030,DL-4049,USR-3012,Infini Telecom / Intellia Internal Sync,Internal Sync,2026-04-26 15:30:00,2026-04-26 16:00:00,30,Zoom,Completed,Quarterly business review and adoption update,The data team wants incremental sync rather than full refresh. Share the ROI model with finance.,"[""Competitive evaluation is down to two vendors"", ""Champion is willing to socialize the business case internally"", ""Procurement requires an executive sponsor before paperwork moves""]","[""Send the mutual action plan by end of week"", ""Share the ROI model with finance""]",Slipped,"[""CNT-2130"", ""CNT-2129""]","[""USR-3012""]"
MTG-6166,ACC-1031,DL-4170,USR-3002,Pulse Diagnostics / Intellia Discovery,Discovery,2026-05-22 17:00:00,2026-05-22 17:30:00,30,Microsoft Teams,Completed,"Walk through pricing, packaging and the ramp plan",Champion is willing to socialize the business case internally. Confirm the security questionnaire owner.,"[""Champion is willing to socialize the business case internally"", ""Forecast accuracy is the metric leadership actually cares about"", ""Budget is committed but the timing sits behind a leadership review""]","[""Get procurement paperwork started"", ""Schedule the executive alignment call""]",Held,"[""CNT-2132"", ""CNT-2133""]","[""USR-3002""]"
MTG-6167,ACC-1031,DL-4170,USR-3002,Pulse Diagnostics / Intellia QBR,QBR,2026-05-08 15:00:00,2026-05-08 16:00:00,60,Microsoft Teams,Completed,Confirm the security review timeline and owners,The data team wants incremental sync rather than full refresh. Circulate pilot success criteria for sign-off.,"[""Security review is the critical path item"", ""Forecast accuracy is the metric leadership actually cares about"", ""Champion is willing to socialize the business case internally""]","[""Share the ROI model with finance"", ""Get procurement paperwork started""]",Held,"[""CNT-2132"", ""CNT-2133"", ""CNT-2134""]","[""USR-3002""]"
MTG-6168,ACC-1031,DL-4170,USR-3002,Pulse Diagnostics / Intellia QBR,QBR,2026-08-18 17:30:00,2026-08-18 18:00:00,30,Customer site,Scheduled,"Walk through pricing, packaging and the ramp plan",,[],[],,"[""CNT-2133"", ""CNT-2134""]","[""USR-3002""]"
MTG-6169,ACC-1031,DL-4110,USR-3002,Pulse Diagnostics / Intellia Demo,Demo,2026-05-15 13:00:00,2026-05-15 13:45:00,45,Zoom,Completed,Validate the data connector and custom signal mapping,The data team wants incremental sync rather than full refresh. Share the ROI model with finance.,"[""Budget is committed but the timing sits behind a leadership review"", ""Adoption is concentrated in two teams; the rest of the org has not onboarded"", ""Champion is willing to socialize the business case internally""]","[""Schedule the executive alignment call"", ""Confirm the security questionnaire owner""]",Slipped,"[""CNT-2133"", ""CNT-2132"", ""CNT-2134""]","[""USR-3002""]"
MTG-6170,ACC-1031,DL-4110,USR-3002,Pulse Diagnostics / Intellia Demo,Demo,2026-08-06 09:00:00,2026-08-06 10:00:00,60,Customer site,Completed,Quarterly business review and adoption update,Procurement requires an executive sponsor before paperwork moves. Send the mutual action plan by end of week.,"[""Budget is committed but the timing sits behind a leadership review"", ""Competitive evaluation is down to two vendors"", ""Security review is the critical path item""]","[""Confirm the security questionnaire owner"", ""Send the mutual action plan by end of week""]",Advanced,"[""CNT-2133"", ""CNT-2132""]","[""USR-3002""]"
MTG-6171,ACC-1032,DL-4111,USR-3005,Titan Industrial / Intellia Renewal Review,Renewal Review,2026-05-02 15:00:00,2026-05-02 16:00:00,60,Zoom,Completed,Review the pilot results and agree next steps,Security review is the critical path item. Share the ROI model with finance.,"[""Procurement requires an executive sponsor before paperwork moves"", ""Adoption is concentrated in two teams; the rest of the org has not onboarded"", ""Budget is committed but the timing sits behind a leadership review""]","[""Share the ROI model with finance"", ""Schedule the executive alignment call""]",No decision,"[""CNT-2139"", ""CNT-2136""]","[""USR-3005""]"
MTG-6172,ACC-1032,DL-4051,USR-3005,Titan Industrial / Intellia Executive Briefing,Executive Briefing,2026-05-18 17:00:00,2026-05-18 17:45:00,45,Zoom,Completed,Confirm the security review timeline and owners,Adoption is concentrated in two teams; the rest of the org has not onboarded. Circulate pilot success criteria for sign-off.,"[""Budget is committed but the timing sits behind a leadership review"", ""Security review is the critical path item"", ""Forecast accuracy is the metric leadership actually cares about""]","[""Share the ROI model with finance"", ""Circulate pilot success criteria for sign-off""]",Held,"[""CNT-2135"", ""CNT-2139"", ""CNT-2136""]","[""USR-3005""]"
MTG-6173,ACC-1032,DL-4171,USR-3005,Titan Industrial / Intellia Discovery,Discovery,2026-09-04 12:00:00,2026-09-04 12:30:00,30,Google Meet,Scheduled,Align business outcome goals with the executive sponsor,,[],[],,"[""CNT-2135"", ""CNT-2136""]","[""USR-3005""]"
MTG-6174,ACC-1032,DL-4111,USR-3005,Titan Industrial / Intellia Renewal Review,Renewal Review,2026-06-11 17:00:00,2026-06-11 17:45:00,45,Google Meet,Completed,Align business outcome goals with the executive sponsor,Champion is willing to socialize the business case internally. Schedule the executive alignment call.,"[""Adoption is concentrated in two teams; the rest of the org has not onboarded"", ""Procurement requires an executive sponsor before paperwork moves"", ""Competitive evaluation is down to two vendors""]","[""Get procurement paperwork started"", ""Confirm the security questionnaire owner""]",Advanced,"[""CNT-2136""]","[""USR-3005""]"
MTG-6175,ACC-1032,DL-4111,USR-3005,Titan Industrial / Intellia Negotiation,Negotiation,2026-09-05 10:30:00,2026-09-05 11:00:00,30,Zoom,Scheduled,"Renewal scope, timing and expansion options",,[],[],,"[""CNT-2137""]","[""USR-3005""]"
MTG-6176,ACC-1033,DL-4172,USR-3006,Prism Analytics / Intellia Negotiation,Negotiation,2026-05-21 11:30:00,2026-05-21 12:15:00,45,Google Meet,Completed,Quarterly business review and adoption update,Adoption is concentrated in two teams; the rest of the org has not onboarded. Confirm the security questionnaire owner.,"[""Forecast accuracy is the metric leadership actually cares about"", ""The data team wants incremental sync rather than full refresh"", ""Competitive evaluation is down to two vendors""]","[""Confirm the security questionnaire owner"", ""Circulate pilot success criteria for sign-off""]",Held,"[""CNT-2144""]","[""USR-3006""]"
MTG-6177,ACC-1033,DL-4112,USR-3006,Prism Analytics / Intellia Negotiation,Negotiation,2026-09-15 14:00:00,2026-09-15 14:30:00,30,Customer site,Scheduled,Align business outcome goals with the executive sponsor,,[],[],,"[""CNT-2143"", ""CNT-2145"", ""CNT-2142""]","[""USR-3006""]"
MTG-6178,ACC-1033,DL-4052,USR-3006,Prism Analytics / Intellia Technical Validation,Technical Validation,2026-05-10 08:30:00,2026-05-10 09:30:00,60,Customer site,Completed,"Renewal scope, timing and expansion options",Champion is willing to socialize the business case internally. Confirm the security questionnaire owner.,"[""Forecast accuracy is the metric leadership actually cares about"", ""Procurement requires an executive sponsor before paperwork moves"", ""Security review is the critical path item""]","[""Confirm the security questionnaire owner"", ""Send the mutual action plan by end of week""]",No decision,"[""CNT-2141"", ""CNT-2140""]","[""USR-3006""]"
MTG-6179,ACC-1033,DL-4052,USR-3001,Prism Analytics / Intellia Technical Validation,Technical Validation,2026-04-15 11:30:00,2026-04-15 12:30:00,60,Customer site,Completed,Confirm the security review timeline and owners,Forecast accuracy is the metric leadership actually cares about. Schedule the executive alignment call.,"[""Champion is willing to socialize the business case internally"", ""Forecast accuracy is the metric leadership actually cares about"", ""Adoption is concentrated in two teams; the rest of the org has not onboarded""]","[""Get procurement paperwork started"", ""Schedule the executive alignment call""]",Advanced,"[""CNT-2142""]","[""USR-3001""]"
MTG-6180,ACC-1033,DL-4112,USR-3006,Prism Analytics / Intellia Technical Validation,Technical Validation,2026-05-13 09:30:00,2026-05-13 10:15:00,45,Google Meet,Completed,"Walk through pricing, packaging and the ramp plan",Forecast accuracy is the metric leadership actually cares about. Send the mutual action plan by end of week.,"[""Champion is willing to socialize the business case internally"", ""Forecast accuracy is the metric leadership actually cares about"", ""The data team wants incremental sync rather than full refresh""]","[""Share the ROI model with finance"", ""Get procurement paperwork started""]",No decision,"[""CNT-2141"", ""CNT-2140"", ""CNT-2145""]","[""USR-3006""]"
MTG-6181,ACC-1033,DL-4112,USR-3006,Prism Analytics / Intellia Executive Briefing,Executive Briefing,2026-07-18 10:00:00,2026-07-18 10:45:00,45,Microsoft Teams,Completed,Review the pilot results and agree next steps,Procurement requires an executive sponsor before paperwork moves. Send the mutual action plan by end of week.,"[""Forecast accuracy is the metric leadership actually cares about"", ""Procurement requires an executive sponsor before paperwork moves"", ""The data team wants incremental sync rather than full refresh""]","[""Get procurement paperwork started"", ""Confirm the security questionnaire owner""]",Held,"[""CNT-2142"", ""CNT-2140"", ""CNT-2143""]","[""USR-3006""]"
MTG-6182,ACC-1033,DL-4052,USR-3006,Prism Analytics / Intellia Internal Sync,Internal Sync,2026-07-28 13:00:00,2026-07-28 14:00:00,60,Microsoft Teams,Completed,Validate the data connector and custom signal mapping,Procurement requires an executive sponsor before paperwork moves. Circulate pilot success criteria for sign-off.,"[""Security review is the critical path item"", ""Adoption is concentrated in two teams; the rest of the org has not onboarded"", ""Competitive evaluation is down to two vendors""]","[""Share the ROI model with finance"", ""Schedule the executive alignment call""]",Advanced,"[""CNT-2143"", ""CNT-2141"", ""CNT-2144""]","[""USR-3006""]"
MTG-6183,ACC-1034,DL-4173,USR-3007,Cobalt Mining / Intellia Demo,Demo,2026-08-16 13:30:00,2026-08-16 14:15:00,45,Google Meet,Scheduled,Quarterly business review and adoption update,,[],[],,"[""CNT-2150""]","[""USR-3007""]"
MTG-6184,ACC-1034,DL-4053,USR-3007,Cobalt Mining / Intellia Renewal Review,Renewal Review,2026-09-06 11:00:00,2026-09-06 12:00:00,60,Customer site,Scheduled,Review the pilot results and agree next steps,,[],[],,"[""CNT-2149"", ""CNT-2150""]","[""USR-3007""]"
MTG-6185,ACC-1034,DL-4113,USR-3007,Cobalt Mining / Intellia QBR,QBR,2026-08-24 09:00:00,2026-08-24 09:30:00,30,Google Meet,Scheduled,Align business outcome goals with the executive sponsor,,[],[],,"[""CNT-2146"", ""CNT-2148"", ""CNT-2147""]","[""USR-3007""]"
MTG-6186,ACC-1034,DL-4053,USR-3007,Cobalt Mining / Intellia QBR,QBR,2026-07-16 17:30:00,2026-07-16 18:30:00,60,Zoom,Completed,Confirm the security review timeline and owners,Security review is the critical path item. Circulate pilot success criteria for sign-off.,"[""Champion is willing to socialize the business case internally"", ""Adoption is concentrated in two teams; the rest of the org has not onboarded"", ""The data team wants incremental sync rather than full refresh""]","[""Confirm the security questionnaire owner"", ""Share the ROI model with finance""]",Slipped,"[""CNT-2148""]","[""USR-3007""]"
MTG-6187,ACC-1034,DL-4113,USR-3007,Cobalt Mining / Intellia Discovery,Discovery,2026-08-25 12:00:00,2026-08-25 12:45:00,45,Customer site,Scheduled,Confirm the security review timeline and owners,,[],[],,"[""CNT-2146""]","[""USR-3007""]"
MTG-6188,ACC-1035,DL-4114,USR-3009,Sentry Security / Intellia Technical Validation,Technical Validation,2026-09-12 09:30:00,2026-09-12 10:30:00,60,Customer site,Scheduled,Validate the data connector and custom signal mapping,,[],[],,"[""CNT-2153""]","[""USR-3009""]"
MTG-6189,ACC-1035,DL-4054,USR-3009,Sentry Security / Intellia Negotiation,Negotiation,2026-04-24 09:00:00,2026-04-24 09:45:00,45,Microsoft Teams,Completed,Confirm the security review timeline and owners,Forecast accuracy is the metric leadership actually cares about. Send the mutual action plan by end of week.,"[""Security review is the critical path item"", ""Competitive evaluation is down to two vendors"", ""Procurement requires an executive sponsor before paperwork moves""]","[""Schedule the executive alignment call"", ""Circulate pilot success criteria for sign-off""]",Slipped,"[""CNT-2155""]","[""USR-3009""]"
MTG-6190,ACC-1035,DL-4114,USR-3009,Sentry Security / Intellia Technical Validation,Technical Validation,2026-09-13 09:30:00,2026-09-13 10:15:00,45,Microsoft Teams,Scheduled,Technical deep dive on forecast accuracy,,[],[],,"[""CNT-2152"", ""CNT-2155""]","[""USR-3009""]"
MTG-6191,ACC-1035,DL-4114,USR-3002,Sentry Security / Intellia Technical Validation,Technical Validation,2026-07-30 16:00:00,2026-07-30 16:45:00,45,Microsoft Teams,Completed,Validate the data connector and custom signal mapping,Security review is the critical path item. Share the ROI model with finance.,"[""Security review is the critical path item"", ""The data team wants incremental sync rather than full refresh"", ""Champion is willing to socialize the business case internally""]","[""Circulate pilot success criteria for sign-off"", ""Get procurement paperwork started""]",Held,"[""CNT-2153""]","[""USR-3002""]"
MTG-6192,ACC-1036,DL-4175,USR-3010,Helios Power / Intellia QBR,QBR,2026-06-10 16:30:00,2026-06-10 17:30:00,60,Customer site,Completed,Review the pilot results and agree next steps,Forecast accuracy is the metric leadership actually cares about. Send the mutual action plan by end of week.,"[""Forecast accuracy is the metric leadership actually cares about"", ""Adoption is concentrated in two teams; the rest of the org has not onboarded"", ""Champion is willing to socialize the business case internally""]","[""Circulate pilot success criteria for sign-off"", ""Share the ROI model with finance""]",No decision,"[""CNT-2160""]","[""USR-3010""]"
MTG-6193,ACC-1036,DL-4175,USR-3010,Helios Power / Intellia QBR,QBR,2026-06-01 16:00:00,2026-06-01 16:30:00,30,Microsoft Teams,Completed,Align business outcome goals with the executive sponsor,Security review is the critical path item. Circulate pilot success criteria for sign-off.,"[""Procurement requires an executive sponsor before paperwork moves"", ""Champion is willing to socialize the business case internally"", ""Security review is the critical path item""]","[""Share the ROI model with finance"", ""Circulate pilot success criteria for sign-off""]",Held,"[""CNT-2157"", ""CNT-2158"", ""CNT-2160""]","[""USR-3010""]"
MTG-6194,ACC-1036,DL-4055,USR-3010,Helios Power / Intellia Executive Briefing,Executive Briefing,2026-05-26 14:00:00,2026-05-26 15:00:00,60,Microsoft Teams,Completed,"Walk through pricing, packaging and the ramp plan",Security review is the critical path item. Schedule the executive alignment call.,"[""The data team wants incremental sync rather than full refresh"", ""Champion is willing to socialize the business case internally"", ""Procurement requires an executive sponsor before paperwork moves""]","[""Send the mutual action plan by end of week"", ""Get procurement paperwork started""]",Slipped,"[""CNT-2157"", ""CNT-2158"", ""CNT-2161""]","[""USR-3010""]"
MTG-6195,ACC-1036,DL-4055,USR-3010,Helios Power / Intellia Discovery,Discovery,2026-07-23 14:00:00,2026-07-23 14:30:00,30,Zoom,Completed,"Walk through pricing, packaging and the ramp plan",Forecast accuracy is the metric leadership actually cares about. Send the mutual action plan by end of week.,"[""Procurement requires an executive sponsor before paperwork moves"", ""Forecast accuracy is the metric leadership actually cares about"", ""Adoption is concentrated in two teams; the rest of the org has not onboarded""]","[""Share the ROI model with finance"", ""Get procurement paperwork started""]",Slipped,"[""CNT-2157"", ""CNT-2159""]","[""USR-3010""]"
MTG-6196,ACC-1037,DL-4116,USR-3011,Fortress Bank / Intellia Demo,Demo,2026-05-30 13:30:00,2026-05-30 14:00:00,30,Customer site,Completed,Validate the data connector and custom signal mapping,Forecast accuracy is the metric leadership actually cares about. Get procurement paperwork started.,"[""The data team wants incremental sync rather than full refresh"", ""Champion is willing to socialize the business case internally"", ""Adoption is concentrated in two teams; the rest of the org has not onboarded""]","[""Confirm the security questionnaire owner"", ""Schedule the executive alignment call""]",Held,"[""CNT-2164"", ""CNT-2162"", ""CNT-2165""]","[""USR-3011""]"
MTG-6197,ACC-1037,DL-4176,USR-3011,Fortress Bank / Intellia Demo,Demo,2026-06-12 08:00:00,2026-06-12 08:45:00,45,Zoom,Completed,Review the pilot results and agree next steps,Forecast accuracy is the metric leadership actually cares about. Circulate pilot success criteria for sign-off.,"[""Competitive evaluation is down to two vendors"", ""Procurement requires an executive sponsor before paperwork moves"", ""The data team wants incremental sync rather than full refresh""]","[""Confirm the security questionnaire owner"", ""Send the mutual action plan by end of week""]",Slipped,"[""CNT-2163"", ""CNT-2162""]","[""USR-3011""]"
MTG-6198,ACC-1037,DL-4176,USR-3011,Fortress Bank / Intellia Executive Briefing,Executive Briefing,2026-09-03 09:00:00,2026-09-03 09:45:00,45,Customer site,Scheduled,Technical deep dive on forecast accuracy,,[],[],,"[""CNT-2162"", ""CNT-2165"", ""CNT-2163""]","[""USR-3011""]"
MTG-6199,ACC-1037,DL-4056,USR-3011,Fortress Bank / Intellia Internal Sync,Internal Sync,2026-05-26 10:00:00,2026-05-26 10:30:00,30,Zoom,Completed,Quarterly business review and adoption update,Budget is committed but the timing sits behind a leadership review. Circulate pilot success criteria for sign-off.,"[""Champion is willing to socialize the business case internally"", ""Security review is the critical path item"", ""The data team wants incremental sync rather than full refresh""]","[""Get procurement paperwork started"", ""Confirm the security questionnaire owner""]",No decision,"[""CNT-2163"", ""CNT-2162""]","[""USR-3011""]"
MTG-6200,ACC-1037,DL-4176,USR-3012,Fortress Bank / Intellia Executive Briefing,Executive Briefing,2026-07-27 12:00:00,2026-07-27 12:30:00,30,Customer site,Completed,Review the pilot results and agree next steps,Procurement requires an executive sponsor before paperwork moves. Send the mutual action plan by end of week.,"[""Procurement requires an executive sponsor before paperwork moves"", ""Competitive evaluation is down to two vendors"", ""Forecast accuracy is the metric leadership actually cares about""]","[""Circulate pilot success criteria for sign-off"", ""Schedule the executive alignment call""]",Held,"[""CNT-2163"", ""CNT-2162"", ""CNT-2164""]","[""USR-3012""]"
MTG-6201,ACC-1038,DL-4177,USR-3012,Clarity Health / Intellia Discovery,Discovery,2026-05-25 13:00:00,2026-05-25 14:00:00,60,Zoom,Completed,Confirm the security review timeline and owners,Security review is the critical path item. Confirm the security questionnaire owner.,"[""Champion is willing to socialize the business case internally"", ""Forecast accuracy is the metric leadership actually cares about"", ""Competitive evaluation is down to two vendors""]","[""Get procurement paperwork started"", ""Circulate pilot success criteria for sign-off""]",Slipped,"[""CNT-2168""]","[""USR-3012""]"
MTG-6202,ACC-1038,DL-4177,USR-3012,Clarity Health / Intellia Executive Briefing,Executive Briefing,2026-05-30 11:30:00,2026-05-30 12:30:00,60,Microsoft Teams,Completed,Technical deep dive on forecast accuracy,Forecast accuracy is the metric leadership actually cares about. Circulate pilot success criteria for sign-off.,"[""Forecast accuracy is the metric leadership actually cares about"", ""Security review is the critical path item"", ""Champion is willing to socialize the business case internally""]","[""Get procurement paperwork started"", ""Schedule the executive alignment call""]",Held,"[""CNT-2167"", ""CNT-2166"", ""CNT-2168""]","[""USR-3012""]"
MTG-6203,ACC-1038,DL-4177,USR-3012,Clarity Health / Intellia Negotiation,Negotiation,2026-04-20 13:30:00,2026-04-20 14:30:00,60,Customer site,Completed,Confirm the security review timeline and owners,Budget is committed but the timing sits behind a leadership review. Send the mutual action plan by end of week.,"[""Forecast accuracy is the metric leadership actually cares about"", ""Champion is willing to socialize the business case internally"", ""Adoption is concentrated in two teams; the rest of the org has not onboarded""]","[""Circulate pilot success criteria for sign-off"", ""Confirm the security questionnaire owner""]",Advanced,"[""CNT-2166"", ""CNT-2167"", ""CNT-2168""]","[""USR-3012""]"
MTG-6204,ACC-1038,DL-4177,USR-3012,Clarity Health / Intellia Demo,Demo,2026-04-27 17:00:00,2026-04-27 17:45:00,45,Google Meet,Completed,Technical deep dive on forecast accuracy,Forecast accuracy is the metric leadership actually cares about. Circulate pilot success criteria for sign-off.,"[""Adoption is concentrated in two teams; the rest of the org has not onboarded"", ""Budget is committed but the timing sits behind a leadership review"", ""Procurement requires an executive sponsor before paperwork moves""]","[""Share the ROI model with finance"", ""Circulate pilot success criteria for sign-off""]",Slipped,"[""CNT-2166"", ""CNT-2168"", ""CNT-2167""]","[""USR-3012""]"
MTG-6205,ACC-1039,DL-4118,USR-3013,Nouveau Retail / Intellia Executive Briefing,Executive Briefing,2026-06-19 09:30:00,2026-06-19 10:00:00,30,Microsoft Teams,Completed,Technical deep dive on forecast accuracy,Budget is committed but the timing sits behind a leadership review. Get procurement paperwork started.,"[""Champion is willing to socialize the business case internally"", ""Competitive evaluation is down to two vendors"", ""Forecast accuracy is the metric leadership actually cares about""]","[""Get procurement paperwork started"", ""Circulate pilot success criteria for sign-off""]",Advanced,"[""CNT-2172"", ""CNT-2171""]","[""USR-3013""]"
MTG-6206,ACC-1039,DL-4058,USR-3013,Nouveau Retail / Intellia Negotiation,Negotiation,2026-04-22 12:00:00,2026-04-22 13:00:00,60,Customer site,Completed,Confirm the security review timeline and owners,Champion is willing to socialize the business case internally. Share the ROI model with finance.,"[""The data team wants incremental sync rather than full refresh"", ""Procurement requires an executive sponsor before paperwork moves"", ""Adoption is concentrated in two teams; the rest of the org has not onboarded""]","[""Get procurement paperwork started"", ""Share the ROI model with finance""]",Held,"[""CNT-2173"", ""CNT-2171"", ""CNT-2169""]","[""USR-3013""]"
MTG-6207,ACC-1039,DL-4058,USR-3013,Nouveau Retail / Intellia Technical Validation,Technical Validation,2026-09-10 17:30:00,2026-09-10 18:00:00,30,Google Meet,Scheduled,"Renewal scope, timing and expansion options",,[],[],,"[""CNT-2171""]","[""USR-3013""]"
MTG-6208,ACC-1039,DL-4058,USR-3013,Nouveau Retail / Intellia Internal Sync,Internal Sync,2026-04-26 08:30:00,2026-04-26 09:00:00,30,Google Meet,Completed,"Walk through pricing, packaging and the ramp plan",Procurement requires an executive sponsor before paperwork moves. Circulate pilot success criteria for sign-off.,"[""Budget is committed but the timing sits behind a leadership review"", ""Security review is the critical path item"", ""Adoption is concentrated in two teams; the rest of the org has not onboarded""]","[""Get procurement paperwork started"", ""Schedule the executive alignment call""]",Slipped,"[""CNT-2171"", ""CNT-2169""]","[""USR-3013""]"
MTG-6209,ACC-1039,DL-4178,USR-3002,Nouveau Retail / Intellia Internal Sync,Internal Sync,2026-06-29 09:30:00,2026-06-29 10:30:00,60,Zoom,Completed,"Renewal scope, timing and expansion options",Competitive evaluation is down to two vendors. Circulate pilot success criteria for sign-off.,"[""Competitive evaluation is down to two vendors"", ""Forecast accuracy is the metric leadership actually cares about"", ""Champion is willing to socialize the business case internally""]","[""Send the mutual action plan by end of week"", ""Get procurement paperwork started""]",No decision,"[""CNT-2169"", ""CNT-2173"", ""CNT-2170""]","[""USR-3002""]"
MTG-6210,ACC-1039,DL-4058,USR-3006,Nouveau Retail / Intellia Internal Sync,Internal Sync,2026-07-01 10:30:00,2026-07-01 11:30:00,60,Microsoft Teams,Completed,Technical deep dive on forecast accuracy,Budget is committed but the timing sits behind a leadership review. Share the ROI model with finance.,"[""Adoption is concentrated in two teams; the rest of the org has not onboarded"", ""Champion is willing to socialize the business case internally"", ""Budget is committed but the timing sits behind a leadership review""]","[""Schedule the executive alignment call"", ""Confirm the security questionnaire owner""]",Advanced,"[""CNT-2171""]","[""USR-3006""]"
MTG-6211,ACC-1040,DL-4179,USR-3001,Orion Aerospace / Intellia Internal Sync,Internal Sync,2026-06-25 15:00:00,2026-06-25 15:30:00,30,Customer site,Completed,Align business outcome goals with the executive sponsor,Forecast accuracy is the metric leadership actually cares about. Share the ROI model with finance.,"[""The data team wants incremental sync rather than full refresh"", ""Budget is committed but the timing sits behind a leadership review"", ""Champion is willing to socialize the business case internally""]","[""Send the mutual action plan by end of week"", ""Share the ROI model with finance""]",Held,"[""CNT-2176""]","[""USR-3001""]"
MTG-6212,ACC-1040,DL-4179,USR-3007,Orion Aerospace / Intellia Negotiation,Negotiation,2026-08-10 09:30:00,2026-08-10 10:00:00,30,Microsoft Teams,Completed,"Renewal scope, timing and expansion options",Budget is committed but the timing sits behind a leadership review. Share the ROI model with finance.,"[""Competitive evaluation is down to two vendors"", ""Procurement requires an executive sponsor before paperwork moves"", ""The data team wants incremental sync rather than full refresh""]","[""Send the mutual action plan by end of week"", ""Circulate pilot success criteria for sign-off""]",Slipped,"[""CNT-2177""]","[""USR-3007""]"
MTG-6213,ACC-1040,DL-4059,USR-3001,Orion Aerospace / Intellia Discovery,Discovery,2026-05-17 10:00:00,2026-05-17 10:30:00,30,Zoom,Completed,"Renewal scope, timing and expansion options",Adoption is concentrated in two teams; the rest of the org has not onboarded. Send the mutual action plan by end of week.,"[""Procurement requires an executive sponsor before paperwork moves"", ""Competitive evaluation is down to two vendors"", ""Adoption is concentrated in two teams; the rest of the org has not onboarded""]","[""Share the ROI model with finance"", ""Circulate pilot success criteria for sign-off""]",Advanced,"[""CNT-2178"", ""CNT-2174""]","[""USR-3001""]"
MTG-6214,ACC-1040,DL-4059,USR-3006,Orion Aerospace / Intellia Negotiation,Negotiation,2026-06-24 13:00:00,2026-06-24 13:45:00,45,Zoom,Completed,Quarterly business review and adoption update,Adoption is concentrated in two teams; the rest of the org has not onboarded. Schedule the executive alignment call.,"[""Budget is committed but the timing sits behind a leadership review"", ""Security review is the critical path item"", ""Forecast accuracy is the metric leadership actually cares about""]","[""Circulate pilot success criteria for sign-off"", ""Share the ROI model with finance""]",Held,"[""CNT-2177"", ""CNT-2179"", ""CNT-2176""]","[""USR-3006""]"
MTG-6215,ACC-1040,DL-4179,USR-3001,Orion Aerospace / Intellia QBR,QBR,2026-06-18 16:00:00,2026-06-18 16:45:00,45,Zoom,Completed,Confirm the security review timeline and owners,Budget is committed but the timing sits behind a leadership review. Get procurement paperwork started.,"[""Procurement requires an executive sponsor before paperwork moves"", ""Champion is willing to socialize the business case internally"", ""Competitive evaluation is down to two vendors""]","[""Send the mutual action plan by end of week"", ""Share the ROI model with finance""]",Held,"[""CNT-2174"", ""CNT-2175"", ""CNT-2179""]","[""USR-3001""]"
MTG-6216,ACC-1041,DL-4060,USR-3002,Hyperion Cloud / Intellia Technical Validation,Technical Validation,2026-05-04 16:30:00,2026-05-04 17:30:00,60,Zoom,Completed,Technical deep dive on forecast accuracy,Forecast accuracy is the metric leadership actually cares about. Share the ROI model with finance.,"[""Forecast accuracy is the metric leadership actually cares about"", ""Security review is the critical path item"", ""Budget is committed but the timing sits behind a leadership review""]","[""Share the ROI model with finance"", ""Circulate pilot success criteria for sign-off""]",Advanced,"[""CNT-2181"", ""CNT-2180""]","[""USR-3002""]"
MTG-6217,ACC-1041,DL-4120,USR-3002,Hyperion Cloud / Intellia Renewal Review,Renewal Review,2026-07-06 17:00:00,2026-07-06 17:45:00,45,Zoom,Completed,Review the pilot results and agree next steps,Security review is the critical path item. Confirm the security questionnaire owner.,"[""The data team wants incremental sync rather than full refresh"", ""Budget is committed but the timing sits behind a leadership review"", ""Adoption is concentrated in two teams; the rest of the org has not onboarded""]","[""Get procurement paperwork started"", ""Schedule the executive alignment call""]",No decision,"[""CNT-2182"", ""CNT-2183"", ""CNT-2181""]","[""USR-3002""]"
MTG-6218,ACC-1041,DL-4180,USR-3002,Hyperion Cloud / Intellia Technical Validation,Technical Validation,2026-08-05 14:30:00,2026-08-05 15:30:00,60,Microsoft Teams,Completed,"Renewal scope, timing and expansion options",Adoption is concentrated in two teams; the rest of the org has not onboarded. Schedule the executive alignment call.,"[""Champion is willing to socialize the business case internally"", ""Budget is committed but the timing sits behind a leadership review"", ""Adoption is concentrated in two teams; the rest of the org has not onboarded""]","[""Schedule the executive alignment call"", ""Circulate pilot success criteria for sign-off""]",Held,"[""CNT-2180"", ""CNT-2183"", ""CNT-2181""]","[""USR-3002""]"
MTG-6219,ACC-1041,DL-4120,USR-3002,Hyperion Cloud / Intellia Internal Sync,Internal Sync,2026-09-09 08:30:00,2026-09-09 09:15:00,45,Google Meet,Scheduled,Confirm the security review timeline and owners,,[],[],,"[""CNT-2182"", ""CNT-2183"", ""CNT-2180""]","[""USR-3002""]"
MTG-6220,ACC-1042,DL-4121,USR-3010,Astral Media / Intellia Internal Sync,Internal Sync,2026-09-14 12:30:00,2026-09-14 13:00:00,30,Customer site,Scheduled,Validate the data connector and custom signal mapping,,[],[],,"[""CNT-2189"", ""CNT-2185"", ""CNT-2184""]","[""USR-3010""]"
MTG-6221,ACC-1042,DL-4061,USR-3012,Astral Media / Intellia Demo,Demo,2026-04-17 17:30:00,2026-04-17 18:15:00,45,Customer site,Completed,"Renewal scope, timing and expansion options",Procurement requires an executive sponsor before paperwork moves. Send the mutual action plan by end of week.,"[""Forecast accuracy is the metric leadership actually cares about"", ""Security review is the critical path item"", ""Champion is willing to socialize the business case internally""]","[""Confirm the security questionnaire owner"", ""Get procurement paperwork started""]",Held,"[""CNT-2188"", ""CNT-2185"", ""CNT-2184""]","[""USR-3012""]"
MTG-6222,ACC-1042,DL-4181,USR-3005,Astral Media / Intellia Negotiation,Negotiation,2026-06-05 08:30:00,2026-06-05 09:15:00,45,Zoom,Completed,Quarterly business review and adoption update,Champion is willing to socialize the business case internally. Circulate pilot success criteria for sign-off.,"[""Champion is willing to socialize the business case internally"", ""Procurement requires an executive sponsor before paperwork moves"", ""Forecast accuracy is the metric leadership actually cares about""]","[""Circulate pilot success criteria for sign-off"", ""Schedule the executive alignment call""]",Advanced,"[""CNT-2187"", ""CNT-2184"", ""CNT-2189""]","[""USR-3005""]"
MTG-6223,ACC-1042,DL-4061,USR-3005,Astral Media / Intellia Executive Briefing,Executive Briefing,2026-09-06 17:30:00,2026-09-06 18:00:00,30,Zoom,Scheduled,Align business outcome goals with the executive sponsor,,[],[],,"[""CNT-2184"", ""CNT-2188""]","[""USR-3005""]"
MTG-6224,ACC-1042,DL-4121,USR-3005,Astral Media / Intellia Negotiation,Negotiation,2026-08-07 17:30:00,2026-08-07 18:30:00,60,Customer site,Completed,Technical deep dive on forecast accuracy,Champion is willing to socialize the business case internally. Confirm the security questionnaire owner.,"[""Adoption is concentrated in two teams; the rest of the org has not onboarded"", ""Security review is the critical path item"", ""Competitive evaluation is down to two vendors""]","[""Send the mutual action plan by end of week"", ""Get procurement paperwork started""]",Advanced,"[""CNT-2186""]","[""USR-3005""]"
MTG-6225,ACC-1042,DL-4121,USR-3005,Astral Media / Intellia Internal Sync,Internal Sync,2026-07-29 13:30:00,2026-07-29 14:00:00,30,Google Meet,Completed,"Walk through pricing, packaging and the ramp plan",Adoption is concentrated in two teams; the rest of the org has not onboarded. Circulate pilot success criteria for sign-off.,"[""Forecast accuracy is the metric leadership actually cares about"", ""The data team wants incremental sync rather than full refresh"", ""Champion is willing to socialize the business case internally""]","[""Confirm the security questionnaire owner"", ""Share the ROI model with finance""]",Advanced,"[""CNT-2186"", ""CNT-2188""]","[""USR-3005""]"
MTG-6226,ACC-1042,DL-4181,USR-3007,Astral Media / Intellia Renewal Review,Renewal Review,2026-05-20 08:00:00,2026-05-20 08:45:00,45,Zoom,Completed,Validate the data connector and custom signal mapping,Budget is committed but the timing sits behind a leadership review. Get procurement paperwork started.,"[""Forecast accuracy is the metric leadership actually cares about"", ""Adoption is concentrated in two teams; the rest of the org has not onboarded"", ""Champion is willing to socialize the business case internally""]","[""Confirm the security questionnaire owner"", ""Get procurement paperwork started""]",Held,"[""CNT-2188""]","[""USR-3007""]"
MTG-6227,ACC-1043,DL-4062,USR-3005,Summit Financial / Intellia Internal Sync,Internal Sync,2026-08-10 10:00:00,2026-08-10 11:00:00,60,Zoom,Completed,"Renewal scope, timing and expansion options",Champion is willing to socialize the business case internally. Schedule the executive alignment call.,"[""Forecast accuracy is the metric leadership actually cares about"", ""Security review is the critical path item"", ""Competitive evaluation is down to two vendors""]","[""Confirm the security questionnaire owner"", ""Share the ROI model with finance""]",Held,"[""CNT-2191"", ""CNT-2195""]","[""USR-3005""]"
MTG-6228,ACC-1043,DL-4002,USR-3002,Summit Financial / Intellia QBR,QBR,2026-08-22 17:30:00,2026-08-22 18:00:00,30,Zoom,Scheduled,"Renewal scope, timing and expansion options",,[],[],,"[""CNT-2192"", ""CNT-2194"", ""CNT-2191""]","[""USR-3002""]"
MTG-6229,ACC-1043,DL-4002,USR-3006,Summit Financial / Intellia Demo,Demo,2026-05-29 16:30:00,2026-05-29 17:15:00,45,Microsoft Teams,Completed,Validate the data connector and custom signal mapping,Champion is willing to socialize the business case internally. Schedule the executive alignment call.,"[""The data team wants incremental sync rather than full refresh"", ""Competitive evaluation is down to two vendors"", ""Adoption is concentrated in two teams; the rest of the org has not onboarded""]","[""Schedule the executive alignment call"", ""Circulate pilot success criteria for sign-off""]",Slipped,"[""CNT-2193"", ""CNT-2191""]","[""USR-3006""]"
MTG-6230,ACC-1043,DL-4122,USR-3006,Summit Financial / Intellia QBR,QBR,2026-08-26 08:00:00,2026-08-26 09:00:00,60,Google Meet,Scheduled,Review the pilot results and agree next steps,,[],[],,"[""CNT-2191"", ""CNT-2194""]","[""USR-3006""]"
MTG-6231,ACC-1043,DL-4122,USR-3006,Summit Financial / Intellia Technical Validation,Technical Validation,2026-05-10 09:30:00,2026-05-10 10:00:00,30,Customer site,Completed,"Walk through pricing, packaging and the ramp plan",Competitive evaluation is down to two vendors. Get procurement paperwork started.,"[""Adoption is concentrated in two teams; the rest of the org has not onboarded"", ""Competitive evaluation is down to two vendors"", ""Security review is the critical path item""]","[""Confirm the security questionnaire owner"", ""Get procurement paperwork started""]",Slipped,"[""CNT-2193"", ""CNT-2190""]","[""USR-3006""]"
MTG-6232,ACC-1043,DL-4002,USR-3006,Summit Financial / Intellia Internal Sync,Internal Sync,2026-04-18 12:00:00,2026-04-18 12:30:00,30,Zoom,Completed,Review the pilot results and agree next steps,Security review is the critical path item. Share the ROI model with finance.,"[""Procurement requires an executive sponsor before paperwork moves"", ""Forecast accuracy is the metric leadership actually cares about"", ""Adoption is concentrated in two teams; the rest of the org has not onboarded""]","[""Share the ROI model with finance"", ""Schedule the executive alignment call""]",Held,"[""CNT-2191"", ""CNT-2192"", ""CNT-2190""]","[""USR-3006""]"
MTG-6233,ACC-1043,DL-4122,USR-3006,Summit Financial / Intellia Renewal Review,Renewal Review,2026-04-30 15:00:00,2026-04-30 15:30:00,30,Microsoft Teams,Completed,Quarterly business review and adoption update,Adoption is concentrated in two teams; the rest of the org has not onboarded. Get procurement paperwork started.,"[""Competitive evaluation is down to two vendors"", ""Forecast accuracy is the metric leadership actually cares about"", ""Security review is the critical path item""]","[""Circulate pilot success criteria for sign-off"", ""Send the mutual action plan by end of week""]",Slipped,"[""CNT-2190""]","[""USR-3006""]"
MTG-6234,ACC-1044,DL-4003,USR-3007,Vector Biotech / Intellia QBR,QBR,2026-09-22 16:30:00,2026-09-22 17:30:00,60,Google Meet,Scheduled,Align business outcome goals with the executive sponsor,,[],[],,"[""CNT-2198""]","[""USR-3007""]"
MTG-6235,ACC-1044,DL-4003,USR-3007,Vector Biotech / Intellia QBR,QBR,2026-05-04 11:30:00,2026-05-04 12:30:00,60,Zoom,Completed,Align business outcome goals with the executive sponsor,Champion is willing to socialize the business case internally. Confirm the security questionnaire owner.,"[""The data team wants incremental sync rather than full refresh"", ""Competitive evaluation is down to two vendors"", ""Champion is willing to socialize the business case internally""]","[""Circulate pilot success criteria for sign-off"", ""Confirm the security questionnaire owner""]",Advanced,"[""CNT-2197""]","[""USR-3007""]"
MTG-6236,ACC-1044,DL-4063,USR-3007,Vector Biotech / Intellia Internal Sync,Internal Sync,2026-05-23 10:30:00,2026-05-23 11:00:00,30,Microsoft Teams,Completed,Review the pilot results and agree next steps,Forecast accuracy is the metric leadership actually cares about. Circulate pilot success criteria for sign-off.,"[""Security review is the critical path item"", ""Forecast accuracy is the metric leadership actually cares about"", ""Procurement requires an executive sponsor before paperwork moves""]","[""Share the ROI model with finance"", ""Schedule the executive alignment call""]",Advanced,"[""CNT-2200"", ""CNT-2199""]","[""USR-3007""]"
MTG-6237,ACC-1044,DL-4123,USR-3013,Vector Biotech / Intellia Technical Validation,Technical Validation,2026-09-24 17:00:00,2026-09-24 18:00:00,60,Zoom,Scheduled,Validate the data connector and custom signal mapping,,[],[],,"[""CNT-2198"", ""CNT-2201""]","[""USR-3013""]"
MTG-6238,ACC-1045,DL-4124,USR-3009,Eclipse Systems / Intellia Internal Sync,Internal Sync,2026-08-09 12:00:00,2026-08-09 13:00:00,60,Microsoft Teams,Completed,Validate the data connector and custom signal mapping,Budget is committed but the timing sits behind a leadership review. Schedule the executive alignment call.,"[""Champion is willing to socialize the business case internally"", ""Competitive evaluation is down to two vendors"", ""Budget is committed but the timing sits behind a leadership review""]","[""Get procurement paperwork started"", ""Send the mutual action plan by end of week""]",No decision,"[""CNT-2202"", ""CNT-2207"", ""CNT-2206""]","[""USR-3009""]"
MTG-6239,ACC-1045,DL-4004,USR-3009,Eclipse Systems / Intellia Renewal Review,Renewal Review,2026-08-19 14:00:00,2026-08-19 14:45:00,45,Zoom,Scheduled,Validate the data connector and custom signal mapping,,[],[],,"[""CNT-2205"", ""CNT-2202"", ""CNT-2204""]","[""USR-3009""]"
MTG-6240,ACC-1045,DL-4064,USR-3009,Eclipse Systems / Intellia Negotiation,Negotiation,2026-09-15 17:30:00,2026-09-15 18:30:00,60,Google Meet,Scheduled,Align business outcome goals with the executive sponsor,,[],[],,"[""CNT-2205""]","[""USR-3009""]"
MTG-6241,ACC-1045,DL-4004,USR-3009,Eclipse Systems / Intellia Renewal Review,Renewal Review,2026-06-19 13:30:00,2026-06-19 14:15:00,45,Customer site,Completed,"Walk through pricing, packaging and the ramp plan",Competitive evaluation is down to two vendors. Share the ROI model with finance.,"[""The data team wants incremental sync rather than full refresh"", ""Champion is willing to socialize the business case internally"", ""Budget is committed but the timing sits behind a leadership review""]","[""Send the mutual action plan by end of week"", ""Schedule the executive alignment call""]",Slipped,"[""CNT-2202""]","[""USR-3009""]"
MTG-6242,ACC-1045,DL-4064,USR-3009,Eclipse Systems / Intellia Renewal Review,Renewal Review,2026-05-24 08:30:00,2026-05-24 09:00:00,30,Microsoft Teams,Completed,Quarterly business review and adoption update,Competitive evaluation is down to two vendors. Share the ROI model with finance.,"[""Procurement requires an executive sponsor before paperwork moves"", ""Competitive evaluation is down to two vendors"", ""Budget is committed but the timing sits behind a leadership review""]","[""Share the ROI model with finance"", ""Confirm the security questionnaire owner""]",Slipped,"[""CNT-2207""]","[""USR-3009""]"
MTG-6243,ACC-1045,DL-4004,USR-3009,Eclipse Systems / Intellia QBR,QBR,2026-07-28 10:30:00,2026-07-28 11:15:00,45,Google Meet,Completed,Align business outcome goals with the executive sponsor,The data team wants incremental sync rather than full refresh. Get procurement paperwork started.,"[""Competitive evaluation is down to two vendors"", ""Champion is willing to socialize the business case internally"", ""The data team wants incremental sync rather than full refresh""]","[""Confirm the security questionnaire owner"", ""Get procurement paperwork started""]",No decision,"[""CNT-2203"", ""CNT-2207"", ""CNT-2206""]","[""USR-3009""]"
MTG-6244,ACC-1046,DL-4065,USR-3010,Matrix Logistics / Intellia Executive Briefing,Executive Briefing,2026-06-14 10:30:00,2026-06-14 11:30:00,60,Microsoft Teams,Completed,Review the pilot results and agree next steps,Procurement requires an executive sponsor before paperwork moves. Share the ROI model with finance.,"[""Adoption is concentrated in two teams; the rest of the org has not onboarded"", ""Champion is willing to socialize the business case internally"", ""The data team wants incremental sync rather than full refresh""]","[""Send the mutual action plan by end of week"", ""Schedule the executive alignment call""]",Slipped,"[""CNT-2211""]","[""USR-3010""]"
MTG-6245,ACC-1046,DL-4125,USR-3010,Matrix Logistics / Intellia Demo,Demo,2026-08-30 09:30:00,2026-08-30 10:30:00,60,Customer site,Scheduled,"Renewal scope, timing and expansion options",,[],[],,"[""CNT-2211""]","[""USR-3010""]"
MTG-6246,ACC-1046,DL-4065,USR-3012,Matrix Logistics / Intellia Technical Validation,Technical Validation,2026-06-11 11:00:00,2026-06-11 12:00:00,60,Microsoft Teams,Completed,Quarterly business review and adoption update,Adoption is concentrated in two teams; the rest of the org has not onboarded. Send the mutual action plan by end of week.,"[""The data team wants incremental sync rather than full refresh"", ""Champion is willing to socialize the business case internally"", ""Budget is committed but the timing sits behind a leadership review""]","[""Schedule the executive alignment call"", ""Share the ROI model with finance""]",Slipped,"[""CNT-2208"", ""CNT-2211""]","[""USR-3012""]"
MTG-6247,ACC-1046,DL-4125,USR-3010,Matrix Logistics / Intellia Demo,Demo,2026-08-30 08:30:00,2026-08-30 09:15:00,45,Zoom,Scheduled,"Renewal scope, timing and expansion options",,[],[],,"[""CNT-2211"", ""CNT-2208""]","[""USR-3010""]"
MTG-6248,ACC-1046,DL-4005,USR-3010,Matrix Logistics / Intellia Technical Validation,Technical Validation,2026-08-16 14:00:00,2026-08-16 14:30:00,30,Customer site,Scheduled,Technical deep dive on forecast accuracy,,[],[],,"[""CNT-2211""]","[""USR-3010""]"
MTG-6249,ACC-1047,DL-4006,USR-3011,Northwind Foods / Intellia Internal Sync,Internal Sync,2026-04-25 13:00:00,2026-04-25 13:30:00,30,Zoom,Completed,"Renewal scope, timing and expansion options",Procurement requires an executive sponsor before paperwork moves. Share the ROI model with finance.,"[""Procurement requires an executive sponsor before paperwork moves"", ""Adoption is concentrated in two teams; the rest of the org has not onboarded"", ""The data team wants incremental sync rather than full refresh""]","[""Get procurement paperwork started"", ""Schedule the executive alignment call""]",Held,"[""CNT-2216"", ""CNT-2215""]","[""USR-3011""]"
MTG-6250,ACC-1047,DL-4006,USR-3011,Northwind Foods / Intellia Executive Briefing,Executive Briefing,2026-08-29 13:00:00,2026-08-29 14:00:00,60,Zoom,Scheduled,Technical deep dive on forecast accuracy,,[],[],,"[""CNT-2214""]","[""USR-3011""]"
MTG-6251,ACC-1047,DL-4066,USR-3011,Northwind Foods / Intellia QBR,QBR,2026-06-27 15:30:00,2026-06-27 16:00:00,30,Customer site,Completed,Validate the data connector and custom signal mapping,Forecast accuracy is the metric leadership actually cares about. Confirm the security questionnaire owner.,"[""Budget is committed but the timing sits behind a leadership review"", ""Adoption is concentrated in two teams; the rest of the org has not onboarded"", ""Procurement requires an executive sponsor before paperwork moves""]","[""Share the ROI model with finance"", ""Confirm the security questionnaire owner""]",No decision,"[""CNT-2213"", ""CNT-2215""]","[""USR-3011""]"
MTG-6252,ACC-1047,DL-4006,USR-3011,Northwind Foods / Intellia QBR,QBR,2026-07-20 14:00:00,2026-07-20 14:30:00,30,Microsoft Teams,Completed,Quarterly business review and adoption update,Budget is committed but the timing sits behind a leadership review. Circulate pilot success criteria for sign-off.,"[""Procurement requires an executive sponsor before paperwork moves"", ""Adoption is concentrated in two teams; the rest of the org has not onboarded"", ""The data team wants incremental sync rather than full refresh""]","[""Send the mutual action plan by end of week"", ""Circulate pilot success criteria for sign-off""]",Advanced,"[""CNT-2213"", ""CNT-2215"", ""CNT-2216""]","[""USR-3011""]"
MTG-6253,ACC-1047,DL-4126,USR-3011,Northwind Foods / Intellia Executive Briefing,Executive Briefing,2026-09-21 14:30:00,2026-09-21 15:15:00,45,Customer site,Scheduled,"Renewal scope, timing and expansion options",,[],[],,"[""CNT-2216""]","[""USR-3011""]"
MTG-6254,ACC-1047,DL-4066,USR-3011,Northwind Foods / Intellia Internal Sync,Internal Sync,2026-05-18 11:30:00,2026-05-18 12:00:00,30,Customer site,Completed,Align business outcome goals with the executive sponsor,Champion is willing to socialize the business case internally. Share the ROI model with finance.,"[""The data team wants incremental sync rather than full refresh"", ""Forecast accuracy is the metric leadership actually cares about"", ""Budget is committed but the timing sits behind a leadership review""]","[""Get procurement paperwork started"", ""Confirm the security questionnaire owner""]",Slipped,"[""CNT-2216"", ""CNT-2215"", ""CNT-2213""]","[""USR-3011""]"
MTG-6255,ACC-1047,DL-4066,USR-3011,Northwind Foods / Intellia Technical Validation,Technical Validation,2026-07-02 17:30:00,2026-07-02 18:15:00,45,Google Meet,Completed,Technical deep dive on forecast accuracy,Forecast accuracy is the metric leadership actually cares about. Circulate pilot success criteria for sign-off.,"[""Procurement requires an executive sponsor before paperwork moves"", ""Budget is committed but the timing sits behind a leadership review"", ""Champion is willing to socialize the business case internally""]","[""Circulate pilot success criteria for sign-off"", ""Schedule the executive alignment call""]",Held,"[""CNT-2213"", ""CNT-2216"", ""CNT-2214""]","[""USR-3011""]"
MTG-6256,ACC-1048,DL-4127,USR-3001,Ironclad Insurance / Intellia Demo,Demo,2026-08-31 16:00:00,2026-08-31 16:30:00,30,Microsoft Teams,Scheduled,Quarterly business review and adoption update,,[],[],,"[""CNT-2220"", ""CNT-2221"", ""CNT-2217""]","[""USR-3001""]"
MTG-6257,ACC-1048,DL-4007,USR-3012,Ironclad Insurance / Intellia Renewal Review,Renewal Review,2026-09-12 16:30:00,2026-09-12 17:00:00,30,Microsoft Teams,Scheduled,Quarterly business review and adoption update,,[],[],,"[""CNT-2222"", ""CNT-2219"", ""CNT-2217""]","[""USR-3012""]"
MTG-6258,ACC-1048,DL-4127,USR-3012,Ironclad Insurance / Intellia Technical Validation,Technical Validation,2026-08-05 11:00:00,2026-08-05 11:30:00,30,Zoom,Completed,Review the pilot results and agree next steps,Forecast accuracy is the metric leadership actually cares about. Schedule the executive alignment call.,"[""Forecast accuracy is the metric leadership actually cares about"", ""Adoption is concentrated in two teams; the rest of the org has not onboarded"", ""Budget is committed but the timing sits behind a leadership review""]","[""Send the mutual action plan by end of week"", ""Confirm the security questionnaire owner""]",Held,"[""CNT-2217"", ""CNT-2220""]","[""USR-3012""]"
MTG-6259,ACC-1048,DL-4007,USR-3012,Ironclad Insurance / Intellia Demo,Demo,2026-06-13 10:00:00,2026-06-13 11:00:00,60,Zoom,Completed,"Renewal scope, timing and expansion options",Adoption is concentrated in two teams; the rest of the org has not onboarded. Confirm the security questionnaire owner.,"[""Champion is willing to socialize the business case internally"", ""Budget is committed but the timing sits behind a leadership review"", ""Adoption is concentrated in two teams; the rest of the org has not onboarded""]","[""Send the mutual action plan by end of week"", ""Confirm the security questionnaire owner""]",No decision,"[""CNT-2222"", ""CNT-2221"", ""CNT-2217""]","[""USR-3012""]"
MTG-6260,ACC-1048,DL-4067,USR-3012,Ironclad Insurance / Intellia Discovery,Discovery,2026-07-07 14:30:00,2026-07-07 15:00:00,30,Zoom,Completed,Quarterly business review and adoption update,Adoption is concentrated in two teams; the rest of the org has not onboarded. Share the ROI model with finance.,"[""Competitive evaluation is down to two vendors"", ""Forecast accuracy is the metric leadership actually cares about"", ""Champion is willing to socialize the business case internally""]","[""Get procurement paperwork started"", ""Circulate pilot success criteria for sign-off""]",Slipped,"[""CNT-2217""]","[""USR-3012""]"
MTG-6261,ACC-1048,DL-4127,USR-3012,Ironclad Insurance / Intellia Executive Briefing,Executive Briefing,2026-09-19 15:30:00,2026-09-19 16:30:00,60,Google Meet,Scheduled,"Renewal scope, timing and expansion options",,[],[],,"[""CNT-2217""]","[""USR-3012""]"
MTG-6262,ACC-1049,DL-4008,USR-3013,Silverline Telecom / Intellia Negotiation,Negotiation,2026-05-17 10:30:00,2026-05-17 11:00:00,30,Zoom,Completed,Review the pilot results and agree next steps,Adoption is concentrated in two teams; the rest of the org has not onboarded. Circulate pilot success criteria for sign-off.,"[""Champion is willing to socialize the business case internally"", ""Procurement requires an executive sponsor before paperwork moves"", ""Adoption is concentrated in two teams; the rest of the org has not onboarded""]","[""Send the mutual action plan by end of week"", ""Circulate pilot success criteria for sign-off""]",Held,"[""CNT-2224"", ""CNT-2223""]","[""USR-3013""]"
MTG-6263,ACC-1049,DL-4068,USR-3013,Silverline Telecom / Intellia Discovery,Discovery,2026-04-30 15:30:00,2026-04-30 16:15:00,45,Zoom,Completed,Technical deep dive on forecast accuracy,Procurement requires an executive sponsor before paperwork moves. Circulate pilot success criteria for sign-off.,"[""Budget is committed but the timing sits behind a leadership review"", ""The data team wants incremental sync rather than full refresh"", ""Procurement requires an executive sponsor before paperwork moves""]","[""Share the ROI model with finance"", ""Schedule the executive alignment call""]",Slipped,"[""CNT-2224"", ""CNT-2223""]","[""USR-3013""]"
MTG-6264,ACC-1049,DL-4068,USR-3013,Silverline Telecom / Intellia Negotiation,Negotiation,2026-09-16 09:30:00,2026-09-16 10:15:00,45,Zoom,Scheduled,Align business outcome goals with the executive sponsor,,[],[],,"[""CNT-2224""]","[""USR-3013""]"
MTG-6265,ACC-1049,DL-4068,USR-3013,Silverline Telecom / Intellia Renewal Review,Renewal Review,2026-07-03 15:00:00,2026-07-03 15:45:00,45,Microsoft Teams,Completed,Review the pilot results and agree next steps,Champion is willing to socialize the business case internally. Circulate pilot success criteria for sign-off.,"[""Forecast accuracy is the metric leadership actually cares about"", ""Security review is the critical path item"", ""Champion is willing to socialize the business case internally""]","[""Schedule the executive alignment call"", ""Circulate pilot success criteria for sign-off""]",No decision,"[""CNT-2223""]","[""USR-3013""]"
MTG-6266,ACC-1049,DL-4128,USR-3013,Silverline Telecom / Intellia Internal Sync,Internal Sync,2026-06-12 15:00:00,2026-06-12 16:00:00,60,Customer site,Completed,Validate the data connector and custom signal mapping,Forecast accuracy is the metric leadership actually cares about. Send the mutual action plan by end of week.,"[""Forecast accuracy is the metric leadership actually cares about"", ""Budget is committed but the timing sits behind a leadership review"", ""The data team wants incremental sync rather than full refresh""]","[""Circulate pilot success criteria for sign-off"", ""Share the ROI model with finance""]",Held,"[""CNT-2224""]","[""USR-3013""]"
MTG-6267,ACC-1049,DL-4008,USR-3013,Silverline Telecom / Intellia Technical Validation,Technical Validation,2026-07-02 12:00:00,2026-07-02 12:45:00,45,Microsoft Teams,Completed,Validate the data connector and custom signal mapping,Budget is committed but the timing sits behind a leadership review. Circulate pilot success criteria for sign-off.,"[""Adoption is concentrated in two teams; the rest of the org has not onboarded"", ""Champion is willing to socialize the business case internally"", ""The data team wants incremental sync rather than full refresh""]","[""Schedule the executive alignment call"", ""Share the ROI model with finance""]",Slipped,"[""CNT-2223"", ""CNT-2224""]","[""USR-3013""]"
MTG-6268,ACC-1050,DL-4009,USR-3001,Redwood Capital / Intellia Renewal Review,Renewal Review,2026-04-20 10:00:00,2026-04-20 11:00:00,60,Zoom,Completed,Confirm the security review timeline and owners,Budget is committed but the timing sits behind a leadership review. Share the ROI model with finance.,"[""Adoption is concentrated in two teams; the rest of the org has not onboarded"", ""Procurement requires an executive sponsor before paperwork moves"", ""Forecast accuracy is the metric leadership actually cares about""]","[""Circulate pilot success criteria for sign-off"", ""Schedule the executive alignment call""]",Slipped,"[""CNT-2227"", ""CNT-2229""]","[""USR-3001""]"
MTG-6269,ACC-1050,DL-4009,USR-3001,Redwood Capital / Intellia Negotiation,Negotiation,2026-05-21 13:30:00,2026-05-21 14:15:00,45,Microsoft Teams,Completed,"Renewal scope, timing and expansion options",Adoption is concentrated in two teams; the rest of the org has not onboarded. Get procurement paperwork started.,"[""Budget is committed but the timing sits behind a leadership review"", ""Procurement requires an executive sponsor before paperwork moves"", ""Competitive evaluation is down to two vendors""]","[""Send the mutual action plan by end of week"", ""Schedule the executive alignment call""]",Slipped,"[""CNT-2229""]","[""USR-3001""]"
MTG-6270,ACC-1050,DL-4069,USR-3001,Redwood Capital / Intellia Internal Sync,Internal Sync,2026-05-23 11:00:00,2026-05-23 11:30:00,30,Zoom,Completed,Align business outcome goals with the executive sponsor,Budget is committed but the timing sits behind a leadership review. Share the ROI model with finance.,"[""The data team wants incremental sync rather than full refresh"", ""Budget is committed but the timing sits behind a leadership review"", ""Adoption is concentrated in two teams; the rest of the org has not onboarded""]","[""Share the ROI model with finance"", ""Schedule the executive alignment call""]",Slipped,"[""CNT-2226""]","[""USR-3001""]"
MTG-6271,ACC-1050,DL-4129,USR-3001,Redwood Capital / Intellia Demo,Demo,2026-07-27 09:30:00,2026-07-27 10:15:00,45,Customer site,Completed,Quarterly business review and adoption update,Forecast accuracy is the metric leadership actually cares about. Schedule the executive alignment call.,"[""Security review is the critical path item"", ""Procurement requires an executive sponsor before paperwork moves"", ""Adoption is concentrated in two teams; the rest of the org has not onboarded""]","[""Send the mutual action plan by end of week"", ""Share the ROI model with finance""]",Slipped,"[""CNT-2228""]","[""USR-3001""]"
MTG-6272,ACC-1050,DL-4069,USR-3001,Redwood Capital / Intellia Renewal Review,Renewal Review,2026-09-04 10:00:00,2026-09-04 10:30:00,30,Zoom,Scheduled,Align business outcome goals with the executive sponsor,,[],[],,"[""CNT-2227""]","[""USR-3001""]"
MTG-6273,ACC-1050,DL-4009,USR-3001,Redwood Capital / Intellia QBR,QBR,2026-06-10 09:00:00,2026-06-10 10:00:00,60,Zoom,Completed,Align business outcome goals with the executive sponsor,Forecast accuracy is the metric leadership actually cares about. Share the ROI model with finance.,"[""Forecast accuracy is the metric leadership actually cares about"", ""Procurement requires an executive sponsor before paperwork moves"", ""The data team wants incremental sync rather than full refresh""]","[""Circulate pilot success criteria for sign-off"", ""Share the ROI model with finance""]",Held,"[""CNT-2227""]","[""USR-3001""]"
MTG-6274,ACC-1051,DL-4010,USR-3002,Bluepeak Software / Intellia Negotiation,Negotiation,2026-07-12 08:00:00,2026-07-12 08:30:00,30,Customer site,Completed,Align business outcome goals with the executive sponsor,Forecast accuracy is the metric leadership actually cares about. Send the mutual action plan by end of week.,"[""Competitive evaluation is down to two vendors"", ""Champion is willing to socialize the business case internally"", ""Adoption is concentrated in two teams; the rest of the org has not onboarded""]","[""Get procurement paperwork started"", ""Confirm the security questionnaire owner""]",Slipped,"[""CNT-2233""]","[""USR-3002""]"
MTG-6275,ACC-1051,DL-4010,USR-3002,Bluepeak Software / Intellia Renewal Review,Renewal Review,2026-04-30 11:30:00,2026-04-30 12:00:00,30,Zoom,Completed,"Walk through pricing, packaging and the ramp plan",Security review is the critical path item. Send the mutual action plan by end of week.,"[""The data team wants incremental sync rather than full refresh"", ""Security review is the critical path item"", ""Champion is willing to socialize the business case internally""]","[""Circulate pilot success criteria for sign-off"", ""Get procurement paperwork started""]",Advanced,"[""CNT-2234"", ""CNT-2231""]","[""USR-3002""]"
MTG-6276,ACC-1051,DL-4070,USR-3002,Bluepeak Software / Intellia Negotiation,Negotiation,2026-06-10 15:30:00,2026-06-10 16:15:00,45,Customer site,Completed,"Renewal scope, timing and expansion options",Security review is the critical path item. Schedule the executive alignment call.,"[""Adoption is concentrated in two teams; the rest of the org has not onboarded"", ""Forecast accuracy is the metric leadership actually cares about"", ""Budget is committed but the timing sits behind a leadership review""]","[""Share the ROI model with finance"", ""Schedule the executive alignment call""]",Held,"[""CNT-2231""]","[""USR-3002""]"
MTG-6277,ACC-1051,DL-4130,USR-3002,Bluepeak Software / Intellia Demo,Demo,2026-06-06 09:00:00,2026-06-06 09:30:00,30,Customer site,Completed,Confirm the security review timeline and owners,Forecast accuracy is the metric leadership actually cares about. Send the mutual action plan by end of week.,"[""Procurement requires an executive sponsor before paperwork moves"", ""Champion is willing to socialize the business case internally"", ""Competitive evaluation is down to two vendors""]","[""Share the ROI model with finance"", ""Send the mutual action plan by end of week""]",Advanced,"[""CNT-2234"", ""CNT-2231""]","[""USR-3002""]"
MTG-6278,ACC-1051,DL-4130,USR-3002,Bluepeak Software / Intellia Demo,Demo,2026-09-16 10:00:00,2026-09-16 10:45:00,45,Customer site,Scheduled,"Walk through pricing, packaging and the ramp plan",,[],[],,"[""CNT-2231""]","[""USR-3002""]"
MTG-6279,ACC-1052,DL-4011,USR-3005,Granite Utilities / Intellia Internal Sync,Internal Sync,2026-05-04 16:00:00,2026-05-04 17:00:00,60,Microsoft Teams,Completed,Align business outcome goals with the executive sponsor,Security review is the critical path item. Get procurement paperwork started.,"[""The data team wants incremental sync rather than full refresh"", ""Forecast accuracy is the metric leadership actually cares about"", ""Competitive evaluation is down to two vendors""]","[""Get procurement paperwork started"", ""Share the ROI model with finance""]",No decision,"[""CNT-2237""]","[""USR-3005""]"
MTG-6280,ACC-1052,DL-4071,USR-3005,Granite Utilities / Intellia Executive Briefing,Executive Briefing,2026-07-11 08:30:00,2026-07-11 09:30:00,60,Customer site,Completed,Review the pilot results and agree next steps,Adoption is concentrated in two teams; the rest of the org has not onboarded. Send the mutual action plan by end of week.,"[""Competitive evaluation is down to two vendors"", ""Forecast accuracy is the metric leadership actually cares about"", ""Budget is committed but the timing sits behind a leadership review""]","[""Confirm the security questionnaire owner"", ""Get procurement paperwork started""]",Slipped,"[""CNT-2237"", ""CNT-2236"", ""CNT-2235""]","[""USR-3005""]"
MTG-6281,ACC-1052,DL-4131,USR-3005,Granite Utilities / Intellia QBR,QBR,2026-06-18 09:30:00,2026-06-18 10:15:00,45,Google Meet,Completed,"Walk through pricing, packaging and the ramp plan",Forecast accuracy is the metric leadership actually cares about. Circulate pilot success criteria for sign-off.,"[""Budget is committed but the timing sits behind a leadership review"", ""Forecast accuracy is the metric leadership actually cares about"", ""Champion is willing to socialize the business case internally""]","[""Confirm the security questionnaire owner"", ""Circulate pilot success criteria for sign-off""]",No decision,"[""CNT-2237"", ""CNT-2235"", ""CNT-2236""]","[""USR-3005""]"
MTG-6282,ACC-1052,DL-4131,USR-3005,Granite Utilities / Intellia Renewal Review,Renewal Review,2026-09-18 16:00:00,2026-09-18 16:45:00,45,Google Meet,Scheduled,Quarterly business review and adoption update,,[],[],,"[""CNT-2235"", ""CNT-2236"", ""CNT-2237""]","[""USR-3005""]"
MTG-6283,ACC-1053,DL-4132,USR-3006,Meridian Health / Intellia QBR,QBR,2026-07-26 08:30:00,2026-07-26 09:00:00,30,Zoom,Completed,Quarterly business review and adoption update,The data team wants incremental sync rather than full refresh. Circulate pilot success criteria for sign-off.,"[""Adoption is concentrated in two teams; the rest of the org has not onboarded"", ""The data team wants incremental sync rather than full refresh"", ""Budget is committed but the timing sits behind a leadership review""]","[""Get procurement paperwork started"", ""Confirm the security questionnaire owner""]",Held,"[""CNT-2241""]","[""USR-3006""]"
MTG-6284,ACC-1053,DL-4012,USR-3006,Meridian Health / Intellia Internal Sync,Internal Sync,2026-05-17 17:30:00,2026-05-17 18:00:00,30,Microsoft Teams,Completed,Technical deep dive on forecast accuracy,Procurement requires an executive sponsor before paperwork moves. Schedule the executive alignment call.,"[""Champion is willing to socialize the business case internally"", ""Forecast accuracy is the metric leadership actually cares about"", ""Competitive evaluation is down to two vendors""]","[""Send the mutual action plan by end of week"", ""Circulate pilot success criteria for sign-off""]",Slipped,"[""CNT-2241""]","[""USR-3006""]"
MTG-6285,ACC-1053,DL-4072,USR-3006,Meridian Health / Intellia Demo,Demo,2026-06-30 09:00:00,2026-06-30 10:00:00,60,Microsoft Teams,Completed,Align business outcome goals with the executive sponsor,Security review is the critical path item. Confirm the security questionnaire owner.,"[""Champion is willing to socialize the business case internally"", ""Forecast accuracy is the metric leadership actually cares about"", ""Adoption is concentrated in two teams; the rest of the org has not onboarded""]","[""Confirm the security questionnaire owner"", ""Share the ROI model with finance""]",Held,"[""CNT-2242"", ""CNT-2239""]","[""USR-3006""]"
MTG-6286,ACC-1053,DL-4072,USR-3006,Meridian Health / Intellia QBR,QBR,2026-05-22 16:30:00,2026-05-22 17:00:00,30,Google Meet,Completed,Confirm the security review timeline and owners,Procurement requires an executive sponsor before paperwork moves. Circulate pilot success criteria for sign-off.,"[""Procurement requires an executive sponsor before paperwork moves"", ""Competitive evaluation is down to two vendors"", ""Budget is committed but the timing sits behind a leadership review""]","[""Schedule the executive alignment call"", ""Send the mutual action plan by end of week""]",Held,"[""CNT-2241"", ""CNT-2239""]","[""USR-3006""]"
MTG-6287,ACC-1053,DL-4012,USR-3006,Meridian Health / Intellia QBR,QBR,2026-06-27 15:30:00,2026-06-27 16:15:00,45,Customer site,Completed,"Walk through pricing, packaging and the ramp plan",Champion is willing to socialize the business case internally. Get procurement paperwork started.,"[""Forecast accuracy is the metric leadership actually cares about"", ""Security review is the critical path item"", ""The data team wants incremental sync rather than full refresh""]","[""Circulate pilot success criteria for sign-off"", ""Schedule the executive alignment call""]",Advanced,"[""CNT-2239""]","[""USR-3006""]"
MTG-6288,ACC-1054,DL-4133,USR-3007,Copperfield Retail / Intellia QBR,QBR,2026-07-06 12:00:00,2026-07-06 12:30:00,30,Zoom,Completed,"Renewal scope, timing and expansion options",Forecast accuracy is the metric leadership actually cares about. Send the mutual action plan by end of week.,"[""Forecast accuracy is the metric leadership actually cares about"", ""Budget is committed but the timing sits behind a leadership review"", ""Security review is the critical path item""]","[""Get procurement paperwork started"", ""Send the mutual action plan by end of week""]",Held,"[""CNT-2244"", ""CNT-2245""]","[""USR-3007""]"
MTG-6289,ACC-1054,DL-4013,USR-3007,Copperfield Retail / Intellia Renewal Review,Renewal Review,2026-04-28 13:30:00,2026-04-28 14:15:00,45,Google Meet,Completed,Review the pilot results and agree next steps,Competitive evaluation is down to two vendors. Share the ROI model with finance.,"[""Procurement requires an executive sponsor before paperwork moves"", ""Competitive evaluation is down to two vendors"", ""Forecast accuracy is the metric leadership actually cares about""]","[""Share the ROI model with finance"", ""Get procurement paperwork started""]",Slipped,"[""CNT-2245""]","[""USR-3007""]"
MTG-6290,ACC-1054,DL-4073,USR-3012,Copperfield Retail / Intellia Renewal Review,Renewal Review,2026-05-21 14:00:00,2026-05-21 14:30:00,30,Microsoft Teams,Completed,Validate the data connector and custom signal mapping,Budget is committed but the timing sits behind a leadership review. Send the mutual action plan by end of week.,"[""Adoption is concentrated in two teams; the rest of the org has not onboarded"", ""Forecast accuracy is the metric leadership actually cares about"", ""Procurement requires an executive sponsor before paperwork moves""]","[""Circulate pilot success criteria for sign-off"", ""Confirm the security questionnaire owner""]",No decision,"[""CNT-2244"", ""CNT-2243"", ""CNT-2245""]","[""USR-3012""]"
MTG-6291,ACC-1054,DL-4013,USR-3007,Copperfield Retail / Intellia Executive Briefing,Executive Briefing,2026-05-22 12:30:00,2026-05-22 13:15:00,45,Customer site,Completed,Confirm the security review timeline and owners,The data team wants incremental sync rather than full refresh. Send the mutual action plan by end of week.,"[""Champion is willing to socialize the business case internally"", ""Competitive evaluation is down to two vendors"", ""Adoption is concentrated in two teams; the rest of the org has not onboarded""]","[""Confirm the security questionnaire owner"", ""Send the mutual action plan by end of week""]",No decision,"[""CNT-2245"", ""CNT-2243""]","[""USR-3007""]"
MTG-6292,ACC-1055,DL-4134,USR-3009,Lakeshore Manufacturing / Intellia Executive Briefing,Executive Briefing,2026-05-09 16:00:00,2026-05-09 16:45:00,45,Zoom,Completed,"Walk through pricing, packaging and the ramp plan",Budget is committed but the timing sits behind a leadership review. Schedule the executive alignment call.,"[""The data team wants incremental sync rather than full refresh"", ""Security review is the critical path item"", ""Budget is committed but the timing sits behind a leadership review""]","[""Schedule the executive alignment call"", ""Share the ROI model with finance""]",No decision,"[""CNT-2246""]","[""USR-3009""]"
MTG-6293,ACC-1055,DL-4134,USR-3010,Lakeshore Manufacturing / Intellia Executive Briefing,Executive Briefing,2026-09-24 15:00:00,2026-09-24 16:00:00,60,Customer site,Scheduled,Review the pilot results and agree next steps,,[],[],,"[""CNT-2246"", ""CNT-2250""]","[""USR-3010""]"
MTG-6294,ACC-1055,DL-4014,USR-3002,Lakeshore Manufacturing / Intellia Internal Sync,Internal Sync,2026-04-19 15:00:00,2026-04-19 15:45:00,45,Zoom,Completed,Technical deep dive on forecast accuracy,Competitive evaluation is down to two vendors. Send the mutual action plan by end of week.,"[""The data team wants incremental sync rather than full refresh"", ""Security review is the critical path item"", ""Champion is willing to socialize the business case internally""]","[""Share the ROI model with finance"", ""Get procurement paperwork started""]",Advanced,"[""CNT-2249"", ""CNT-2247""]","[""USR-3002""]"
MTG-6295,ACC-1055,DL-4014,USR-3009,Lakeshore Manufacturing / Intellia Internal Sync,Internal Sync,2026-07-23 13:00:00,2026-07-23 13:30:00,30,Customer site,Completed,Align business outcome goals with the executive sponsor,Procurement requires an executive sponsor before paperwork moves. Circulate pilot success criteria for sign-off.,"[""The data team wants incremental sync rather than full refresh"", ""Forecast accuracy is the metric leadership actually cares about"", ""Procurement requires an executive sponsor before paperwork moves""]","[""Schedule the executive alignment call"", ""Confirm the security questionnaire owner""]",Advanced,"[""CNT-2247"", ""CNT-2248""]","[""USR-3009""]"
MTG-6296,ACC-1055,DL-4074,USR-3009,Lakeshore Manufacturing / Intellia Negotiation,Negotiation,2026-08-11 10:00:00,2026-08-11 10:30:00,30,Google Meet,Completed,Confirm the security review timeline and owners,Competitive evaluation is down to two vendors. Share the ROI model with finance.,"[""Competitive evaluation is down to two vendors"", ""Security review is the critical path item"", ""Champion is willing to socialize the business case internally""]","[""Send the mutual action plan by end of week"", ""Schedule the executive alignment call""]",No decision,"[""CNT-2246""]","[""USR-3009""]"
MTG-6297,ACC-1055,DL-4014,USR-3009,Lakeshore Manufacturing / Intellia Discovery,Discovery,2026-06-30 13:00:00,2026-06-30 13:45:00,45,Zoom,Completed,Technical deep dive on forecast accuracy,The data team wants incremental sync rather than full refresh. Share the ROI model with finance.,"[""Budget is committed but the timing sits behind a leadership review"", ""Forecast accuracy is the metric leadership actually cares about"", ""Security review is the critical path item""]","[""Schedule the executive alignment call"", ""Send the mutual action plan by end of week""]",Slipped,"[""CNT-2248""]","[""USR-3009""]"
MTG-6298,ACC-1056,DL-4075,USR-3013,Ridgeline Data / Intellia Internal Sync,Internal Sync,2026-09-02 13:00:00,2026-09-02 14:00:00,60,Google Meet,Scheduled,"Walk through pricing, packaging and the ramp plan",,[],[],,"[""CNT-2253"", ""CNT-2252"", ""CNT-2255""]","[""USR-3013""]"
MTG-6299,ACC-1056,DL-4135,USR-3010,Ridgeline Data / Intellia Technical Validation,Technical Validation,2026-09-14 10:30:00,2026-09-14 11:15:00,45,Customer site,Scheduled,Quarterly business review and adoption update,,[],[],,"[""CNT-2252"", ""CNT-2253""]","[""USR-3010""]"
MTG-6300,ACC-1056,DL-4075,USR-3013,Ridgeline Data / Intellia QBR,QBR,2026-06-27 12:30:00,2026-06-27 13:00:00,30,Microsoft Teams,Completed,Review the pilot results and agree next steps,Champion is willing to socialize the business case internally. Get procurement paperwork started.,"[""Champion is willing to socialize the business case internally"", ""Budget is committed but the timing sits behind a leadership review"", ""Competitive evaluation is down to two vendors""]","[""Get procurement paperwork started"", ""Share the ROI model with finance""]",Held,"[""CNT-2253"", ""CNT-2254""]","[""USR-3013""]"
MTG-6301,ACC-1056,DL-4015,USR-3010,Ridgeline Data / Intellia Executive Briefing,Executive Briefing,2026-05-24 09:30:00,2026-05-24 10:15:00,45,Customer site,Completed,Quarterly business review and adoption update,Adoption is concentrated in two teams; the rest of the org has not onboarded. Circulate pilot success criteria for sign-off.,"[""Competitive evaluation is down to two vendors"", ""Forecast accuracy is the metric leadership actually cares about"", ""Procurement requires an executive sponsor before paperwork moves""]","[""Send the mutual action plan by end of week"", ""Circulate pilot success criteria for sign-off""]",Slipped,"[""CNT-2251""]","[""USR-3010""]"
MTG-6302,ACC-1056,DL-4135,USR-3009,Ridgeline Data / Intellia Demo,Demo,2026-08-25 13:30:00,2026-08-25 14:00:00,30,Zoom,Scheduled,Align business outcome goals with the executive sponsor,,[],[],,"[""CNT-2253"", ""CNT-2255""]","[""USR-3009""]"
MTG-6303,ACC-1056,DL-4135,USR-3010,Ridgeline Data / Intellia Negotiation,Negotiation,2026-06-19 10:30:00,2026-06-19 11:00:00,30,Zoom,Completed,"Walk through pricing, packaging and the ramp plan",Security review is the critical path item. Circulate pilot success criteria for sign-off.,"[""Security review is the critical path item"", ""Budget is committed but the timing sits behind a leadership review"", ""Procurement requires an executive sponsor before paperwork moves""]","[""Send the mutual action plan by end of week"", ""Share the ROI model with finance""]",No decision,"[""CNT-2251"", ""CNT-2255""]","[""USR-3010""]"
MTG-6304,ACC-1056,DL-4015,USR-3010,Ridgeline Data / Intellia Negotiation,Negotiation,2026-09-27 10:30:00,2026-09-27 11:30:00,60,Zoom,Scheduled,"Renewal scope, timing and expansion options",,[],[],,"[""CNT-2254"", ""CNT-2251""]","[""USR-3010""]"
MTG-6305,ACC-1057,DL-4076,USR-3011,Foxglove Labs / Intellia Demo,Demo,2026-07-18 16:30:00,2026-07-18 17:00:00,30,Google Meet,Completed,"Renewal scope, timing and expansion options",Procurement requires an executive sponsor before paperwork moves. Schedule the executive alignment call.,"[""Forecast accuracy is the metric leadership actually cares about"", ""Champion is willing to socialize the business case internally"", ""Security review is the critical path item""]","[""Confirm the security questionnaire owner"", ""Send the mutual action plan by end of week""]",Held,"[""CNT-2258"", ""CNT-2257""]","[""USR-3011""]"
MTG-6306,ACC-1057,DL-4016,USR-3011,Foxglove Labs / Intellia QBR,QBR,2026-07-14 17:30:00,2026-07-14 18:30:00,60,Google Meet,Completed,Technical deep dive on forecast accuracy,Procurement requires an executive sponsor before paperwork moves. Circulate pilot success criteria for sign-off.,"[""Security review is the critical path item"", ""Competitive evaluation is down to two vendors"", ""Budget is committed but the timing sits behind a leadership review""]","[""Share the ROI model with finance"", ""Get procurement paperwork started""]",Advanced,"[""CNT-2258"", ""CNT-2257""]","[""USR-3011""]"
MTG-6307,ACC-1057,DL-4016,USR-3011,Foxglove Labs / Intellia Renewal Review,Renewal Review,2026-06-05 14:30:00,2026-06-05 15:30:00,60,Microsoft Teams,Completed,Quarterly business review and adoption update,Forecast accuracy is the metric leadership actually cares about. Circulate pilot success criteria for sign-off.,"[""Competitive evaluation is down to two vendors"", ""Budget is committed but the timing sits behind a leadership review"", ""Adoption is concentrated in two teams; the rest of the org has not onboarded""]","[""Confirm the security questionnaire owner"", ""Circulate pilot success criteria for sign-off""]",No decision,"[""CNT-2258"", ""CNT-2257""]","[""USR-3011""]"
MTG-6308,ACC-1057,DL-4016,USR-3012,Foxglove Labs / Intellia Negotiation,Negotiation,2026-08-14 08:00:00,2026-08-14 08:30:00,30,Customer site,Scheduled,"Walk through pricing, packaging and the ramp plan",,[],[],,"[""CNT-2258""]","[""USR-3012""]"
MTG-6309,ACC-1057,DL-4136,USR-3005,Foxglove Labs / Intellia Renewal Review,Renewal Review,2026-05-26 16:00:00,2026-05-26 16:30:00,30,Customer site,Completed,Validate the data connector and custom signal mapping,Champion is willing to socialize the business case internally. Get procurement paperwork started.,"[""Procurement requires an executive sponsor before paperwork moves"", ""Security review is the critical path item"", ""Competitive evaluation is down to two vendors""]","[""Circulate pilot success criteria for sign-off"", ""Schedule the executive alignment call""]",Slipped,"[""CNT-2256""]","[""USR-3005""]"
MTG-6310,ACC-1058,DL-4077,USR-3012,Harborview Energy / Intellia Negotiation,Negotiation,2026-06-02 14:30:00,2026-06-02 15:30:00,60,Customer site,Completed,"Walk through pricing, packaging and the ramp plan",Forecast accuracy is the metric leadership actually cares about. Send the mutual action plan by end of week.,"[""Procurement requires an executive sponsor before paperwork moves"", ""Forecast accuracy is the metric leadership actually cares about"", ""The data team wants incremental sync rather than full refresh""]","[""Schedule the executive alignment call"", ""Confirm the security questionnaire owner""]",No decision,"[""CNT-2260"", ""CNT-2262""]","[""USR-3012""]"
MTG-6311,ACC-1058,DL-4077,USR-3012,Harborview Energy / Intellia Renewal Review,Renewal Review,2026-06-25 11:00:00,2026-06-25 11:30:00,30,Customer site,Completed,Review the pilot results and agree next steps,Champion is willing to socialize the business case internally. Confirm the security questionnaire owner.,"[""The data team wants incremental sync rather than full refresh"", ""Budget is committed but the timing sits behind a leadership review"", ""Adoption is concentrated in two teams; the rest of the org has not onboarded""]","[""Confirm the security questionnaire owner"", ""Schedule the executive alignment call""]",No decision,"[""CNT-2259""]","[""USR-3012""]"
MTG-6312,ACC-1058,DL-4077,USR-3012,Harborview Energy / Intellia Renewal Review,Renewal Review,2026-05-10 12:30:00,2026-05-10 13:15:00,45,Google Meet,Completed,Technical deep dive on forecast accuracy,Champion is willing to socialize the business case internally. Share the ROI model with finance.,"[""Security review is the critical path item"", ""Adoption is concentrated in two teams; the rest of the org has not onboarded"", ""The data team wants incremental sync rather than full refresh""]","[""Share the ROI model with finance"", ""Get procurement paperwork started""]",Held,"[""CNT-2260"", ""CNT-2261""]","[""USR-3012""]"
MTG-6313,ACC-1058,DL-4077,USR-3012,Harborview Energy / Intellia QBR,QBR,2026-04-19 12:30:00,2026-04-19 13:30:00,60,Customer site,Completed,Align business outcome goals with the executive sponsor,Procurement requires an executive sponsor before paperwork moves. Get procurement paperwork started.,"[""Forecast accuracy is the metric leadership actually cares about"", ""Security review is the critical path item"", ""Champion is willing to socialize the business case internally""]","[""Circulate pilot success criteria for sign-off"", ""Share the ROI model with finance""]",Held,"[""CNT-2261"", ""CNT-2262""]","[""USR-3012""]"
MTG-6314,ACC-1058,DL-4017,USR-3012,Harborview Energy / Intellia Discovery,Discovery,2026-09-17 15:30:00,2026-09-17 16:00:00,30,Google Meet,Scheduled,Validate the data connector and custom signal mapping,,[],[],,"[""CNT-2262"", ""CNT-2261""]","[""USR-3012""]"
MTG-6315,ACC-1059,DL-4018,USR-3013,Stonebridge Bank / Intellia Discovery,Discovery,2026-07-28 14:00:00,2026-07-28 15:00:00,60,Microsoft Teams,Completed,Quarterly business review and adoption update,Procurement requires an executive sponsor before paperwork moves. Circulate pilot success criteria for sign-off.,"[""Budget is committed but the timing sits behind a leadership review"", ""Forecast accuracy is the metric leadership actually cares about"", ""Procurement requires an executive sponsor before paperwork moves""]","[""Share the ROI model with finance"", ""Circulate pilot success criteria for sign-off""]",Advanced,"[""CNT-2267"", ""CNT-2266"", ""CNT-2268""]","[""USR-3013""]"
MTG-6316,ACC-1059,DL-4138,USR-3013,Stonebridge Bank / Intellia QBR,QBR,2026-09-01 11:00:00,2026-09-01 11:30:00,30,Microsoft Teams,Scheduled,"Renewal scope, timing and expansion options",,[],[],,"[""CNT-2268"", ""CNT-2267"", ""CNT-2265""]","[""USR-3013""]"
MTG-6317,ACC-1059,DL-4018,USR-3013,Stonebridge Bank / Intellia Technical Validation,Technical Validation,2026-08-04 11:00:00,2026-08-04 11:30:00,30,Google Meet,Completed,Technical deep dive on forecast accuracy,Adoption is concentrated in two teams; the rest of the org has not onboarded. Send the mutual action plan by end of week.,"[""Budget is committed but the timing sits behind a leadership review"", ""Forecast accuracy is the metric leadership actually cares about"", ""Procurement requires an executive sponsor before paperwork moves""]","[""Get procurement paperwork started"", ""Circulate pilot success criteria for sign-off""]",Held,"[""CNT-2266"", ""CNT-2267""]","[""USR-3013""]"
MTG-6318,ACC-1059,DL-4138,USR-3013,Stonebridge Bank / Intellia Discovery,Discovery,2026-09-25 10:00:00,2026-09-25 11:00:00,60,Google Meet,Scheduled,Review the pilot results and agree next steps,,[],[],,"[""CNT-2267"", ""CNT-2265""]","[""USR-3013""]"
MTG-6319,ACC-1059,DL-4138,USR-3013,Stonebridge Bank / Intellia Technical Validation,Technical Validation,2026-06-15 15:30:00,2026-06-15 16:15:00,45,Microsoft Teams,Completed,Technical deep dive on forecast accuracy,Procurement requires an executive sponsor before paperwork moves. Circulate pilot success criteria for sign-off.,"[""Champion is willing to socialize the business case internally"", ""The data team wants incremental sync rather than full refresh"", ""Procurement requires an executive sponsor before paperwork moves""]","[""Get procurement paperwork started"", ""Circulate pilot success criteria for sign-off""]",No decision,"[""CNT-2267"", ""CNT-2266"", ""CNT-2264""]","[""USR-3013""]"
MTG-6320,ACC-1059,DL-4138,USR-3013,Stonebridge Bank / Intellia Renewal Review,Renewal Review,2026-07-08 13:30:00,2026-07-08 14:00:00,30,Customer site,Completed,Review the pilot results and agree next steps,The data team wants incremental sync rather than full refresh. Confirm the security questionnaire owner.,"[""The data team wants incremental sync rather than full refresh"", ""Adoption is concentrated in two teams; the rest of the org has not onboarded"", ""Competitive evaluation is down to two vendors""]","[""Schedule the executive alignment call"", ""Get procurement paperwork started""]",Advanced,"[""CNT-2263"", ""CNT-2264"", ""CNT-2267""]","[""USR-3013""]"
MTG-6321,ACC-1060,DL-4139,USR-3010,Wavelength Media / Intellia Demo,Demo,2026-05-22 12:30:00,2026-05-22 13:15:00,45,Customer site,Completed,Technical deep dive on forecast accuracy,Budget is committed but the timing sits behind a leadership review. Send the mutual action plan by end of week.,"[""The data team wants incremental sync rather than full refresh"", ""Champion is willing to socialize the business case internally"", ""Security review is the critical path item""]","[""Circulate pilot success criteria for sign-off"", ""Send the mutual action plan by end of week""]",Advanced,"[""CNT-2271"", ""CNT-2270"", ""CNT-2272""]","[""USR-3010""]"
MTG-6322,ACC-1060,DL-4139,USR-3002,Wavelength Media / Intellia Executive Briefing,Executive Briefing,2026-09-16 14:00:00,2026-09-16 14:45:00,45,Customer site,Scheduled,Quarterly business review and adoption update,,[],[],,"[""CNT-2272"", ""CNT-2269""]","[""USR-3002""]"
MTG-6323,ACC-1060,DL-4079,USR-3001,Wavelength Media / Intellia Negotiation,Negotiation,2026-09-26 08:00:00,2026-09-26 09:00:00,60,Zoom,Scheduled,"Renewal scope, timing and expansion options",,[],[],,"[""CNT-2270"", ""CNT-2271"", ""CNT-2272""]","[""USR-3001""]"
MTG-6324,ACC-1060,DL-4079,USR-3001,Wavelength Media / Intellia Internal Sync,Internal Sync,2026-08-17 15:00:00,2026-08-17 15:30:00,30,Microsoft Teams,Scheduled,Align business outcome goals with the executive sponsor,,[],[],,"[""CNT-2269""]","[""USR-3001""]"
MTG-6325,ACC-1060,DL-4139,USR-3001,Wavelength Media / Intellia Renewal Review,Renewal Review,2026-07-29 13:30:00,2026-07-29 14:15:00,45,Microsoft Teams,Completed,Confirm the security review timeline and owners,Procurement requires an executive sponsor before paperwork moves. Get procurement paperwork started.,"[""Security review is the critical path item"", ""Adoption is concentrated in two teams; the rest of the org has not onboarded"", ""Procurement requires an executive sponsor before paperwork moves""]","[""Schedule the executive alignment call"", ""Confirm the security questionnaire owner""]",Slipped,"[""CNT-2269""]","[""USR-3001""]"
MTG-6326,ACC-1060,DL-4139,USR-3001,Wavelength Media / Intellia QBR,QBR,2026-04-15 10:30:00,2026-04-15 11:00:00,30,Google Meet,Completed,Confirm the security review timeline and owners,Competitive evaluation is down to two vendors. Confirm the security questionnaire owner.,"[""The data team wants incremental sync rather than full refresh"", ""Forecast accuracy is the metric leadership actually cares about"", ""Procurement requires an executive sponsor before paperwork moves""]","[""Schedule the executive alignment call"", ""Share the ROI model with finance""]",Slipped,"[""CNT-2271""]","[""USR-3001""]"
MTG-9001,,,USR-3002,Sales Intelligence Sync,Internal Sync,2026-08-13 09:30:00,2026-08-13 10:00:00,30,Microsoft Teams,Completed,Weekly pipeline and signal review with the team,Reviewed the week's signal queue. Vortex renewal flagged as the top risk to Q3 commit.,"[""Vortex renewal is the largest single risk to the Q3 number"", ""Quantum Edge order form has been outstanding for three weeks"", ""Two new intent signals landed on Apex Logistics""]","[""Escalate the Quantum Edge order form to procurement"", ""Build a save plan for Vortex before the 14:00 review""]",Advanced,[],"[""USR-3002"", ""USR-3003"", ""USR-3016""]"
MTG-9002,ACC-1001,DL-9002,USR-3002,Apex Logistics / Intellia Technical Validation,Technical Validation,2026-08-13 11:00:00,2026-08-13 11:45:00,45,Zoom,Completed,Validate the Snowflake connector and custom signal mapping,Data team confirmed incremental sync meets their requirement. One open question on retention policy.,"[""Incremental sync satisfies the data team's main objection"", ""Retention policy needs a written answer before security sign-off"", ""Sponsor wants the expansion scoped to two additional regions""]","[""Send the retention policy answer to the security reviewer"", ""Scope the two-region expansion in the proposal""]",Advanced,[],"[""USR-3002"", ""USR-3016""]"
MTG-9003,ACC-1002,DL-9001,USR-3002,Vortex Analytics / Renewal Risk Review,Renewal Review,2026-08-13 14:00:00,2026-08-13 15:00:00,60,Zoom,Scheduled,"Renewal scope, procurement concern and the executive sponsor question",,[],[],,[],"[""USR-3002"", ""USR-3003""]"
MTG-9004,ACC-1011,DL-9003,USR-3002,Quantum Edge / Close Call,Negotiation,2026-08-13 16:00:00,2026-08-13 16:30:00,30,Zoom,Scheduled,Confirm the signing path and close date for the order form,,[],[],,[],"[""USR-3002""]"
MTG-9005,,,USR-3003,Q3 Forecast Review,Internal Sync,2026-08-13 08:30:00,2026-08-13 09:15:00,45,Microsoft Teams,Completed,Walk the team's commit and identify slipping deals,Commit is short of target with six weeks left. Two deals moved out of Q3.,"[""Team commit sits below the Q3 target with six weeks remaining"", ""Vortex and Quantum Edge are the two swing deals"", ""Coverage is thin on two of the five reps""]","[""Inspect the two swing deals with their owners"", ""Rebalance late-quarter pipeline generation targets""]",Advanced,[],"[""USR-3003"", ""USR-3002"", ""USR-3001"", ""USR-3005""]"
MTG-9006,ACC-1002,DL-9001,USR-3003,Deal Inspection: Vortex Analytics,Internal Sync,2026-08-13 13:00:00,2026-08-13 13:30:00,30,Microsoft Teams,Scheduled,Review the save plan with Elena before the 14:00 customer call,,[],[],,[],"[""USR-3003"", ""USR-3002""]"
MTG-9007,,,USR-3003,1:1 with Robert Jackson,Internal Sync,2026-08-13 15:30:00,2026-08-13 16:00:00,30,Microsoft Teams,Scheduled,Coaching on early-stage qualification and pipeline generation,,[],[],,[],"[""USR-3003"", ""USR-3005""]"
